0x702D9152C192Fd84152406e612C000d19fFEd8Ad,7685778.225856186
0x0A12bA2880cBC4e58E19F03BF77bE7c676859f22,7508604.441231393
0x5f61a6D284289A30f2dA660F5Beb6C35879D8aF0,6462519.523784977
0x48055195ab8491b3c934f72fa702129C286A12d1,3183546.083970181
0x485A86055dB06e1dad9Ff7Eece5324F362c001a1,2320501.755181240
0x8D1B260D0213b9ea7751078E6E8bA9869c54bb70,2635375.053809718
0x64144906d4747757C546FE89c363172B85AA4fD7,1566165.289722950
0xdfefA1653dee9eD586c031ee0692eA66C7519B1e,1494676.446055248
0xeB08fF22c5Dea891A07E69BFC6EC419677303d50,1357026.476098547
0xC0C0F5F26434756358a8589a269262b4663d51d8,2644940.077157630
0x92B61e97d2f0cC52De14Be88792c6e116Ef52F3b,1056450.678929923
0x92fe2d551Abd85eD33e3c61aa79CEc80B0a563A0,967368.481319614
0x2FEEf2a1B19247a9f4FFA29B5Bc050F076a56cAc,997915.030081248
0x762740C81EA411F6c39e15DaF3A6476430644531,805486.780055750
0x1F95bB300658A2deA472b77CA231cfDd5cE3E40C,753413.729002507
0xA1dAd47335B4fD127a271BBb6b673FA3B2b043b9,720305.814739927
0x0f698B9Db226A445A726B0DB5bF282881b9B6648,687915.274129902
0xA4f644567C1f63c94A11914fAaeda691763eE05F,637396.279984927
0xDC2c41Ea99E6516b2C3A16B2Ba0616f1F132EFD3,634170.837444842
0x6a2A0795AefC4a5d94C4aed90238a95103dBEAB4,607234.504425235
0xEF2071961Fa740d18399B63D8AdB358fE5258640,583504.160220166
0x7f965E0c799D50649CcF275f63BABE9C443BC2C7,577062.763839914
0xDcbC863B1168C5678225C6476F16d3E7D12E2623,570486.048704069
0xf58d4aAf7514d2Cb351291436146c4DC0790B4E2,566678.468412955
0x88F3abf27c2B53480240C7209d160a6136F4fe23,529831.811403324
0x0826f764Fb4856Ee4357d6f7AbEea8d8c3E4aF6a,523795.239704858
0x8bFE49337f92F7519F4a5b390D44084637EEDEe8,519869.933758432
0xa54271Ba419b039983E0AA32e849E7F73771cCf5,505085.799215941
0x3BA48D5Dda34e2588487AE59B2BF191CF1988d19,490018.590063762
0xe9da7eeEBb27fdfdcBB5dea72c67F8587A94eFC5,477198.458512910
0x1525905003F70ac7bcde3b458BB95583cDec1800,473668.283860601
0xdFb5807356393a2D96BF7cED619fFf212653cd5e,464107.743314358
0x89a15837317148E5e11b7E0c1BB5c5201937EDF8,453856.226426361
0x5a7c4A858e17307E2B17b90e24F6E2c47491AA9e,449320.089366751
0x419fF4c41147802f0B5EA9bA517a197915D1BcFF,447952.884803575
0xc3eFc9F56B1f5b048EbBF4178DA2380807814776,418034.539269897
0x8a2f43535283A5422E1Ee94Ec8118699D7a651f8,417200.751982265
0x57aC7B89D12D5EB5615aF8c4918332CD069324a7,387365.402380378
0xFDd58895A295B0300D3BD34531dCb5D64f90763D,386036.001452115
0x3859338676b7D99810394906f360D1d9A1e06d2A,332592.893572925
0x81eC1f2e7985db6cc30B34E2e1fA6675C90c9be5,324333.914265855
0x58aD7f9700a9C9820c01652e01D2da518fC0C040,318918.742669003
0xfA1D077811D37f25a58b48967c6ABF30d916B5be,309505.808919172
0xD8D249D5d3677384510D1970B5B97Ff61Ac3338e,308700.127654097
0x66d777cdF8B9c37ACBFB27e66Efb229e7eFDfABA,307594.840133459
0xbe8BAf143e8ADDcfeb39CbFCf638a1929eD3f16D,297363.136309558
0x459C8C1B9ed20D5d5A27E28217D88892CbC4AAD6,296598.982289909
0xa146e038cE96470C31bB55157540AFE9825344c6,283959.226030006
0xeDC43AcD8D7b6c81bCa186E2c5114187b466a3b7,282582.614396021
0x064858A350c06874A17D56f179A3cEf8daFbe46A,272753.001104114
0x1a739D16FC09e6767778A14f69cc7E19FAa21Ba8,260662.534878854
0xc364A4f2A5c64EC83b4AC295f3C603Bc37fBFeF9,246079.023047963
0x66C9eDBb1AfeC0D54497F783dCE70f8c8A68f244,241254.647198897
0xcfDe2c61a9b5613Ce9E1bC5306c4A5EfE620B447,232897.092042938
0x77fF29ff30278c587365DaF24e00a5f58cd47614,232541.640861965
0xF986672bE9B4680693D7964BFD6Bedf335cD215b,232482.317378213
0x8E2717A3d014D6E1a8e3d1ec8C34187a238D495C,222341.212348269
0xbF8Ed0450CA47b6d43838f8F042486862EAE77e1,217745.875759406
0x30EDb2Dd04d1dc95dA5826a6fc41d185F2B28c21,213949.499072123
0x07eC93FcbDBB2B2FC31ef8f05e04cFFC14008A22,208107.523125144
0xD98871CB9B508e40db4CDA205704C7D376C71b5d,198766.361692548
0x048e916eD9f39C0af655109A02d947dF94971575,195654.748568146
0xa9A05eeDA84EA0fa754D4F3801D7d78aDE91a15E,193070.551859577
0xa7067E159655c2eF223EB56049f7f8583ec64c22,192147.148428626
0xBE041ABB1BAfd8Ee589600981186CEE98F9c8B3a,187415.974189980
0x80CE8BFa4c5C36658DcF40Bee86F3A573a839986,186141.185702612
0xc5169ab982506E02AB90ddE36A84a1eD00A80634,175059.436884864
0xCF99408503A0b862d46329e3288Abc323D91Bb59,166060.192298950
0x20D70C91B43f6523e4bF0fe5781283C4F485aAF5,163821.065242885
0x8fAd6982708A0E9eC8Ae02d87137eB7c1e3E12A4,166720.229829874
0x08cDae2b84441cBCE9D05606f56eF79Bd28D869a,152836.312288581
0xAA397038EEc0F108fE30bBD1744BF90bCBce2873,153553.474707762
0xCb8a45f6884C15C7B48C0bDE008990072cE222d6,151154.756514848
0xe32c93e782AA88EAFb458C95eFfCe20Ef05d6870,150474.239965447
0x11Fc084e1F081b51D6908412523f4C5e698eedcE,145161.280649473
0x6Aa7a5BB37a999D8Bb2A5a9F1C31110a68aCdD87,144336.118044327
0x7D6720cB6cFC05217c3aF3567f46bbA910924Ea6,142468.309215312
0x893884C94bFa706E9cE2652716dD5f17482416AF,140169.970602550
0xd353dC328194e9D0f3Ad93D9c6e378f6AE751912,139585.753248193
0xA5Dd0196e68D14190a8C39CcC27D659CeBB49bD3,137786.217036101
0xf7822688eabc894ffbFDC1e6729767F695DF2422,137340.535268042
0x02A224F4e1d778e9A837fe66FaDFB565dF26555E,137340.535268042
0x660D343af3e592D4CD06CDD738004d604bEe0CAD,137340.535268042
0x7727448971f1Af7e599372445A07E4A859B87fbe,137340.535268042
0x482763FAd3e7F9881B6037c88d9779BBd3F330D4,137340.535268042
0xA0bA8075eD5DfAa2aD28a132E4D7ef7637C3Be54,137340.535268042
0xCbE6944BEe1D850e0EE0505C94AA9DCAb93CD6f9,130918.022268999
0x4d22d4e415D959CB4ad56899c81022A9F748306A,129358.943902219
0x3D7c71f9bf9eF2e0389b6e12305444CDDef32f3D,129137.871070075
0xa725C71f4fe583316dD135dEb4933578EE8f0b7c,128620.514795700
0x4fEfa6EFED2FdBbC5331359DB35ddeBcDbfFe6aa,127448.612582805
0x5F2e03acD59485D892de0E5Ca562104485e797A9,141786.719331685
0x84C79eeF01B7EFbCDb81A10687eBF29b39ac4509,124922.843537369
0x7ba828abc10B96b165c7A00b480d7f2B98E06Ecf,124633.424949577
0x5987f24DAb1143bA4502ac8610F1E9129e662BA2,123625.492977761
0x91479e24292b2a85108a90AE7C09120bAFb741eb,123378.492207421
0xEFB73e1C370428185B3c284C5e82ef8cc03Ff269,123314.841309370
0x3fe0E80B10Fdc2eaC0fA6297EC568705a2b67264,123314.841309370
0x3d3e4B75B1c835451A5e52f4821D2AbFC50c2790,123314.841309370
0xD4b9caAbC570FC7db38874a46adFF1657740418B,123314.841309370
0x02e6e6e1BCcbBb1503A0b37F33e9ba149cD700B4,123314.841309370
0x5A4486E6d6095129B47acb81a1565a6738adaE72,123314.841309370
0x110Bd2B51E83959169C33872767EFCe6d3C851a6,123314.841309370
0x715c30Df55D250f4E419bb6d61f96AaA93994FD5,122607.980355072
0x5e72A2fB9BA6C02Fe68e62F3cB53fc6b9ec5b39D,119594.909728800
0x9eC2b70fEba72F8387B569295440da11f02AaEf8,118466.858427419
0x8c47B26036f1857cD106c69D8fCebb256e1d3e1c,118315.508547233
0x56f0668CF0EF537799836e1Bec1F669EeE56aBAf,118133.781286587
0x23F1d5DCE397C9d32664F9fFBadA5a84ca93d36c,117555.478656989
0xF140846598e091186D14f6bFbC4Dd76D7652EF75,115856.167962704
0xA6500148730da532F743D1719D79844Ca113A420,115133.506545832
0xBE350f95ec031e80F1BaE1BafD93AAeA6eBAF6ea,115093.327889457
0x9d2424BDE9398E493489329510e44AA4839A865D,307455.088653047
0x203C601Af2Ac565c6da67f6e3b61c118766C72cb,113374.615315547
0x6e0A5470e61ec7E86899c91361Ddb23126f4Dfc6,113296.334880118
0xFF82290a8AD47788C72feA09754378939ED64288,111485.967330838
0x5775757344D498f5BE323A0ea22cb082D71765a7,110973.878606143
0x3f873584a1c786D0b6EE84627F9444D343432656,178975.572082366
0x9096543Ee2D269314504D23A5fD0f9ae4E69af64,109137.388127683
0x502b9bFC93140270C059289C71890baA31616be1,108506.826929606
0xD5fDB2a6566FB863614463344Ef2A54B6c402c28,107629.760332704
0x081b25f5932930DdF7B7d15486e2a4bd42da64a9,106430.763648071
0x7d8A980dA19EE80aBBe068c809Af8b850Cab8993,101587.387490072
0x0a589f4D06E8FC17BA2c248F9c7E657D4c64Df31,100761.035880963
0x350F2a9878BC363DF84332Ca3022753971f5C452,100243.128254970
0x5cD00b40382a1182f2827f780588e6A94E086826,99594.988638916
0x0c402EFFc2858948483e7AfB2Cf2a57B6C94D5c8,99588.466096765
0xF06804E3e8de89F5c76cea4e7C901240094F099D,99062.239387373
0xB8557408F99B8f8533855a6A9deFB66604aF3e19,98753.904264617
0x879c72AADf234a29bBbd3592A1dBDb8DDAa74062,97410.615601717
0xf06B835A91D15c428B583f478e5D6AEF9948c608,96049.247549804
0xa6Cf0c5dC8A285fbBD448f971FC72E132Ef66336,94785.834771620
0x7E2156B0AC1F6372f746A8c7BbC733F8422eDeB4,94670.519851288
0xDd38664CB29A073C7A96585e6Ee467a084281321,91922.754055419
0xa5aFc3c7418369b04956B90797aeF9718424817F,91141.663453096
0xEe803D7E1f3bc447a87c81F49080e299998dCFcA,107262.999488703
0x248473020F3dA9989745c69C06BEf7CB74699F64,87894.189083618
0x69C303e0372e3FD9f5626f2C7d56cA13d0dEef88,87160.311771320
0x9820ddB51b0A5f509f0de93fcb9C25335f35A77e,93116.137923555
0xeF09EBA515EF0a20C5e6D1729Db07D22e23F989A,82856.902260105
0xB5f68A24323cC537b47a8D5130bE0F2bf7447795,82772.253025883
0xD052112E76a5BF0E224e7E82d5E5535A22411264,82351.613519786
0xc6A7a7Bd8f6637bAdC308583376697806B629fbD,81782.464923221
0x4B2ed8262b3B26AB7Ad8e518c806b531AE0CA5Cf,81671.580745097
0x76870Fbe2A73065DC63C0011528e55104322d13B,80096.863509136
0xBfFC01F9823611Ebae5005e4dF03B79A822297b4,78150.841602674
0x8aecF91FD3CfCa272603c63a2346Fa6097e8f6FC,78068.949122913
0xD5Ea2B831B3163Ce54843e47fEc2A5f25ee0654b,267438.676937111
0x80F6FF586746a59F98297b5ADe5CF084617F9a0B,77545.633552666
0x539C1549743d9579F30De9Fc8Ae2880070c49EE6,77481.186307063
0xF1AFB5e682d2D8e8cB5c5a4ff8E980399Ce7a3f4,76829.066428223
0xE3C650f11425f23F5BF2a4a319fFf3dd254de23A,76747.834773858
0x918AA839682921D26730723B8B0E1E9DFA9481cF,76603.712386943
0x0d5c6253a1cfeD562ce007f05F2AaF2fA2590ab4,74945.312389811
0x9613bfFC605999aa0263F07b47214718E2fBdEd0,74875.353358262
0x4E5264f74049127E10105e44b477Cc588688365c,74677.827573643
0x069B788209C1D64064cE542e700d5964F5dF1ac8,74513.581054313
0x622a31E751c371731c025928fFae56991B9eBe5d,74231.646151802
0x6A80fA374E231a64a9Ab6eE5344B1B6EFb756F5c,74119.021873188
0x298ef13a78445582d2e1E821A631f168E4038948,73640.232122000
0xd701Ded5619a2a3F6Ca58C9a41E547B995a174dA,73088.956035961
0x505E98677453FA3A4d0d7aE5d851cf664Bf8e7B9,71557.807183626
0x4bfdD1F113f918A35c3b49F819E8f2A0A1A3ce1F,71116.296062083
0x115fAbc97e9E5a59664CF9A50bB2bE2FaE34dD2f,70018.926545065
0xD122348234Ee57ab2F91EC4402042C1B7c8715A3,147356.026487581
0xf33EFC106D3C50b92327F3b2ce6d03a2362dCe10,69390.757855771
0xd5e11A717aD2EECd65E23AAf901175582719E33b,69348.561410331
0x05F560D333C9afCdCc846e9cae89aBa171fB860f,68265.806188624
0x3088E111422eCbFB813749CD467D43805a03e3cb,67928.899254886
0xEa7E6186Ea52268eC0eAD6a40c8Ac3C7DFFA9f7D,67505.978447844
0xC15fa4C1D410cafaDFa443315Fe07b5928D24eAA,66895.689960654
0xB852e5654Fa27F8dC30342894DFA00FDB625da11,66522.698589400
0x10FA00dA4a32001B475b57AE29e5D0DD0E397A7a,64829.715656978
0x2A55b5Fd984250191A4857273c09e170fdBdf278,64685.072750245
0x67160A68eFe300918CE658b54C99d36840953D6d,64572.294998568
0x962BdEebCde999c623b4424E1009bC17dbDD22e0,64192.003856864
0x7C99342dCF066ffaC5E51194e4669ACB97105342,63659.395707839
0x515049b968Cb998D8bc91eaC9cddE27fcEF7B279,62419.385953346
0x66A596Ef27fd2B3cBA70bBA2b8cDbA0343105716,62300.802406450
0x9A8a7f412c5a33ae6BBA4D0ecf52696D11355f08,61900.336954621
0x73BDF06De588711F085127d70e5C52E32C239d7a,61214.100627622
0xD8db60956D187641Ffaf211855e2832616265E7C,60997.902293578
0xf933a003ba0E62E2bB93412253bbEa195Bac876C,60959.632936350
0x9075e541D7daA30353fc3874a3e4e9b6c6007bab,73337.038890762
0x22e2e87E60aaFe5797FC49563ea41bfCbdCb4421,60570.600466176
0xFf2Da444b807603D66E75507F4eFD4E17C0cA40B,60156.892873901
0xc6aac3f115e98F11591DCAba0A2D48206c48255c,59980.786428384
0xC0b1399b8A7db4152718fD356A54E7E599Fe0CA2,59295.279075018
0xE804A7C10ed0cA0d54391604410421B7c1e21e2d,59139.434969246
0x1817ADfc3F846d26aD05f62d7f19D3d1e6384AcD,58945.278525235
0x0cc444f01762C871E5Ce8aF0bAa0fDe61283Dd83,58814.364601481
0x5F2C82C857e305bCd3DdE30aB1C7C6c8F705Efe4,58735.756743498
0xDB95b14b7287E6d3A35Ade4fa1E935EA83fDcDa5,58468.846761502
0xE25c1Ae18299b04518A62c4123AcA62DeE44208c,57220.186371869
0x6F04dd3b191861F2c065D94d3b359c9433C160A3,57059.832945822
0xa5CAcB283D968B6E8Ed67f3aa63665290077cF92,56061.321307556
0xF38985cfA6d400b12a2f4C740cdf3203752700A9,55695.291212586
0xf7BcA5424DA99978881cd049C1860a2f77b5e713,55643.529070113
0xEF21d90Cd1e364D1507f4432Fc4204bE43ecF9a2,55631.589757585
0xA78e05AD06276C75ED6d43896004357a7e00df46,55719.509752132
0x9B6eEae31fC25f890B5b906c00ABF32362fb2fBB,55088.056522862
0xD7da233cBad878FE02079dD5Cc0CefB888a5C06A,55078.633790953
0x18BA3E3C5fbA1953780d0acF1205767fe6E885b1,54285.926252096
0x865DF1145aa725116C7BEFCC8E6956c6545F5494,54059.554429761
0x91DC607Bb31E765AB5cB166A57D0F9b24cDc91eB,53524.377788765
0xFEc455f8a65dA74e11999FcDf549E84225dC300E,53178.027066307
0xe9f3d5dcB6fA27eAEbffb517A42bAF301c2d8352,52960.111671449
0x0D95CE5cd10eA2A5381C490fA673e5Fe75a3CB6A,52779.780908630
0xDAb90c2f9BF03C77D0BDFF60C68eB7d06254C529,52520.808060243
0x622bC6a369Dd8DEd3c9d4EFED610127f0c6Fcd2F,52050.679603680
0x8b521aFa391da972f4bfbe6D0624eD69B38C2353,51665.721181663
0x4947BF32cC303E9B15516dD7938CcDE415c2f194,51480.716620941
0xe064018A6Dc35d4392c261d9eb948E62E28DC83A,50714.982967399
0x5E740d5f367D5d3Df3933404D4c594feD0971FFf,49250.032934235
0x2Bca0b7DaC71e23FF9D7b2257684c08d7f7a8865,48481.332408917
0x42ce0c45D119A80861bC57a7A2a9E07e8a7F997f,48390.999731904
0xcB36041778875582089E2CC4F637F9364d53e44d,48309.915578794
0xc0531C48FAACb838102Bf529C0d850b6189313e5,48272.112458329
0x4bFD474578731A1f0BEe8c65dFa6eEf00b8BA656,47819.327818355
0x017eaf9b333D115B84C8071ae7bB3AC6f49c96a0,47324.122550935
0x9DAb6E854e1099F29628c18fAFC7c25cE4882FD5,46831.244358252
0x1E02a447bbE031B38E916BAC2B6ea6b526a9FFe9,46717.120704179
0x8a99D4f974A0F90318f73719a05Aa3cE1B5D5ae1,46413.321155456
0xf357C9e4Bc880B36239e78732a12a61ED39b46e5,46302.227180696
0xbfc19510961cdD7ae6bdC4b12D7bb5DDe283983b,46027.982240926
0x0c302FfebD4D2793e0Acc5e06e63d7aB06710222,45535.576457583
0xA30bee3Da0d8aFaFd159B81e753f23CA3905d5C5,45190.235206949
0x1Bb67032deB688006fb4A94E687E180b49661a48,45146.911337997
0x442A0fa2a0198FC1Ec9e44cEBc8C4074e403c2c8,44836.203073317
0x729F8D0B790A1719a668f57D51d00a2a86DAC8da,44831.389859948
0xc0351f7335d95ac7BD57f3Fcc92613DCD94E4A76,44563.761058599
0xE11C81eF3123ABAb13a0fFd3CCfC80C0e5A54617,44297.107859466
0x8c51B85096E8c26425BEa89059C5baDFDbE67383,43895.205556435
0xe50c6f77Fffe0896F984A1dd8612315871A416d1,43332.605514593
0x716e05CA49a11FAcCb3574625E8B9689bc66037e,43302.959967998
0x08dCd535AA707f028322D62D02d01834e6458bA0,42921.655669041
0xE2b3d8900dC56148A96D02116f68D3973dF7258C,42828.910007492
0xf2713091e685c18b784D246B35eDd98CbF387Ad4,42803.881512308
0xd3591895079190cfDeba821299C19D76797934A5,42658.249275178
0xEcD6af9dFF9f42d7fa6D57Bc61E701f4f896C6C2,42394.663248340
0xa0eBbb04A9B06eeA023543ee6523D265A4f649E6,42274.474971273
0xC61d13A969E70C6382877fe6992aAc290d9fb4d7,42200.012250813
0x293634Be9792bC3d9DCc1f94004eAae733bCC734,42012.576984256
0xa144e48cCFCe99F922cCe6C7887dBf11df7DCbbF,41877.187708902
0x9739cc90D695423357D5e7E5145ce7031D81308a,45799.607418975
0x744d670fa7AF1e4D0C4BC5Ba2667567EdA43A277,41037.066881301
0xe1Da9A3F22Cabe1788d360a7153A88Db6a18aC26,40949.093107693
0xb7B8D854aD7147A431531D986c91B9780E6DF7DE,40620.095899376
0xA67A9F01005744a1BB46DAA847EA6fd28b44babA,40163.951854930
0xd73495bE28699C3747FAF0C3f56A836790C4eA5D,40110.674146971
0xf0dAD5eCFd4515AaaC792d8C43e6cd491fFe2627,39596.399149036
0x5E4A1AdE77f0416B552fFB2F018C3438eA1F2449,39490.861743318
0xB8D68C0506fC5Fe16252F37D1e1fbad9988a0a52,39455.945839893
0xe5E31De9B3b666ca45c95c06aab4e5FAbB7D2bD6,39398.414959259
0x4D5e034054Cf335eAcf866420C479169aa0766a2,39307.440196925
0xd3599369e860f341b38e05d0dda5f259BE46daf7,39048.010359235
0xF4eAC86331f6347d63EFCc22EdFE3A16F11d4C8C,38995.247650904
0x9bf861F79FDFC77ef884B5980e0aEb77f3fDbB88,38648.441921567
0xeBd61100055A1A30F426A32E15cbD241801eec56,37989.535584114
0x7A8E705d4be10d5138E1871461Ee478D2834A60e,37677.564817399
0xC31AF8B54307877A937eC5d9c65dEB7530D2E79e,37655.727604284
0xB72A08A88bCF7c5aeac32758899ad03Ce7B6A537,37590.349091922
0x458320ECa5E6388A44aE11A19C22C55B8A89753F,37506.266410186
0x84C84cBE84a15E510032687747e52a7cb5274438,37500.404573735
0x34e08E258CC822333069cc8a321Dd7e342f5CB59,37413.667289788
0x93E6FD7c12298c6029906b8EEC1b2e2626f2bdC7,37125.810027274
0x2916A8FcB80C2005D4a5000a3CdAB4A46596f04B,36863.364557261
0xFA82389b3fe358dDFeb57929B43B49F235f229Bb,36668.381146513
0xb83368C5bc02F10E2d6450C6Ee121413ab69551E,36393.738578695
0xCEaF2c4D8f0b551A696A9F9758Cfd79d06595302,36237.998492124
0x2231Bee36b4f926a2d55171fb639B21Ef8b2D711,36145.017490495
0x79c1A9eE24B65DF2a304EEBE7d7CE9B18E591c96,85827.749253565
0xEe3DDa375FCBE80c2b2512E25Dee6C4E1e48B240,35761.036117327
0x5803b987323D6AD9e24c8B87E2E8E32B8E6AC43D,35858.214855314
0xdC6FB7bB1327a627cEEBD8393d5Bd2812a76Da0B,35627.591917643
0xED8a2fE068fD56cE16314d7BdEFe933839B53C01,35239.340426347
0x839e1De67672e60089A8B6F0faed8A86FC916c5C,35175.036439680
0x88d590A1c761d183AF626b5bFb280a7eD92A16f8,35151.507073584
0x798Ed582727a89C83BcbB84b02B57fDa2BB6029E,34820.746804679
0xC77b0e206fECa18703bd121D16f01447Fdf5c917,34705.106172206
0x848f7596B12b126F31a3f86A083d438768406d1E,33966.937017116
0xea5612963339cd41f85d0A6a898d3631143C91fE,33581.624501951
0x71cBf9A2aaD12FaDb84d559792e74eB8408067cb,33502.446547449
0xD9465BF0BC3F69e8eAbB576C0DCc0A6493890483,33490.684247162
0xAE560C2Eda24f55FA7B395E4bb87A9067D20b58B,33293.203549501
0x28139679C52eDC1BEBE50d7f8839AeAD83604f95,33077.479361337
0x402baeD484353E105Aa7B36Fb8F2f41A4399A550,33803.832204998
0x50737712672BAEF97d4a1036Dc4E31C79702E27c,32918.835259458
0xAf48344F3373d0Cf00FcA71e6C2e398573BE4383,32786.944568557
0x8A4d479Cb6A4F70EB9Ebb59ce3979Eb8503CbA17,32329.781558724
0xF98FEde4fa905a37695A7463c1224131b6C3B355,32267.676054017
0x5EAd4E5654Df657a48cE9Fa74E897D28Ebcf7383,33885.687047324
0x9fEF6bdF784Bec8cE7e50044b9AaF844E6A3EbFB,32149.076351780
0x31CDc5771ee6744D7EEe476804CCBa036589D5d5,32123.206515320
0xE81a684c9E6511Fc81C161777b31065596CA08db,31976.484256216
0xc8D8744CF928407F1fAf8CB01C407eE96b448Dc0,31887.964934335
0x6A38c7340e7883432c3e3280FeFCAC23bf7E5916,31722.739024436
0xb2097A2630a17EA9754Fd1ACA47fEC226BD2b0ca,31666.428920662
0xa3928b23067712BeAe2307D31829673A1656e97b,31594.755203856
0x9FC37900ACe54f39bCfE00Ee8a7eB077d75e2476,31490.315302681
0x8cEf9eDb60F8D44D2e071f1284d78D3eF8360D0E,31414.912755075
0xa67516ef60Ec5fdCf478CF846803Bf2B0D91C775,31510.558539287
0x7314a51a1de55d737F39a22244679a0aBf509cd0,31100.268760472
0x3FCA1f6356939757cF2DD52FAf0a0028DF13A196,30782.971390352
0x6049aCB46F38B7C3c56A05a1Dbc13d5EBda45ae9,30588.876908890
0xa4Ba6CFd109fD2a1479D407Bf66d1CD151cF8AD3,30553.861073770
0xFC05A3F64B7e6d1d72A557644a0ACd377afeb40F,30546.766276674
0x92F94780645218Fe7e478f8cB0d971c05df3D62C,30505.291388725
0xd1EAb67409768Aa71a941B865040cfD65779fEbb,408855.186761744
0xc757b35eEFFDF227c25B059B96399369a377407D,29805.703397461
0xf7550448cE5e36412C478b5F02a3247f79bC9931,29773.848167114
0xaE221dDab5e58C8Ea9D3456bbc11AFeB3A1B6294,28678.127653125
0x4DbB6DC44Cc958AA625218a4d9Eae72D77B77e9b,28611.184781103
0xE732C81546cEFfCb855911FDa5e35672d0aDea19,28297.674435413
0x076A8cbEa29fd635B54FD60d4FAa75E0b947DD5f,110236.381919509
0x42091ac35964b88458cE84972A2EB5BDF7F91B4c,28197.019657241
0x2f4D4641220A4770547a10e280c1CC23d7f97dBF,28051.195512260
0xE265cAA41F72e698DCc25E57475F5da8D6492E1A,27992.912159537
0x11b73480aBf2Db70449f28f6bdD16F6066Ec06B5,27783.881024806
0xBd5451E1A222B32fAe95d99d268110cad0037407,27764.456208448
0x6328af78390ad40049b90C72fF1D2c3B7f8ecc68,27178.573221970
0xc97a825b443E72E53c2c0652fA009aA7d120E03e,27171.590811592
0xAca3B3b487eC5Fd7EB5aF9386a29D2065325b165,27111.386793766
0x741B6B052631E83fbDD92eE3657d4f7192943df1,27098.291095389
0x6A830EF260FcBC2f7B7fFB7ACfa241A98991f49A,26951.534858323
0x237eE97D621EA9fef067aeC88DAaFA6598C1AA55,26757.991231232
0x9ceEa873FCd8C7b0b42F902b43f9741d44f9Ab2C,26602.917349737
0x864ba56d646907D3428f154626309530BB1219B9,26540.049014734
0x00574DD6399EcfCe42b16ed8cc123636eF8f4f1e,26520.295706809
0x8CB306B640213878da1B2594eC6e5Ef062b0c4F1,26301.214652941
0x082f87F73e2322F0364901E8651759a3a9D8f360,26275.113123787
0x8F9d21c3eda4eEc80d95a1AA93B3f0a5017691F7,25798.527006604
0x92B567A67aB3Ea6f9137CD6139Ec8fA38a7f0116,25792.076151030
0x5bc60Daf8f0E06bC815C4F8f32d08FA5B7947FfA,25504.269254544
0x512727D867fC54ef791be7854c5628c5EaC52fc2,25422.783244164
0xBDc4936b4611b386fF80baeE2a57a8C7a5AfC791,25417.110638660
0xC462e209Afe55FCE95dE02672abfE8320f45A01e,25401.071325524
0x8BE1fDa40e30a4dAb7D56C56CC121b8d7De63035,25272.397456305
0x6325a16b34AEd1565614741e3a89de7b65E441D0,24964.987909088
0x2e0A953D7ff02579a736d82cAcda8A67F2a420F6,24647.656570959
0x5e56808CfA67165193D98B62772a9823b9C812c9,24526.913385165
0xC5989f98B9af1A3f615c65A2B7Ce4119997C47Dc,24481.060742551
0xfdFE72456fc739901dCb842fCd81Fc7695a27C99,24328.962382172
0xb3A0e94fe51602bF8BD543E1fDa10C955cB46bDD,24284.199728254
0x447dce8936C2Ba479a11d01a77da43F2E82e9A3D,24091.894415898
0xB9434493B6245802d48f7362EbF8A6e09Cd0D84f,23965.679262339
0x3fFF87202BDf3004F66A58c9E09E3eF707810E1d,23948.578441807
0x4b634BD601b64ACC830F1B9232C4d5c4Ce4274a0,23923.885415450
0x8Eab651a7855461247c2ba4ef99fA779d1adb94e,23496.288155483
0xFe5C133d94f622b17584a3CAfc396A8b1a8dFB76,23441.196415307
0x41f30815D7098cA89739C6aE7cBa0600cEd38eD7,23027.307706371
0xE23035499eDe1C712Ca1E2AcAD88f08f6EEfB2B1,23244.437359732
0x18A7B03e61ced1822cA9c2901164A9426777a354,22862.617245947
0x04aD90501c488cAAcfc2e15689f55d647269D601,22801.194058990
0x51CFcae652c9618b4BbBF40B0BC078dC44403244,22655.749614792
0xe30EC8a7A67017eA3a2CfE997EeAB224863daf80,22577.975784778
0x4a8A4Ba80dBf2db1Adacf67BDEbA5E8a74BB8629,22494.434864785
0xb37D5c69a570aDEc1f71005aE0E220bB12433149,22231.009414743
0x9C57D5aa34f87C4d6C67c720deBe6B9dF44B47Bd,22110.443500415
0xA2Cf799F9d26323c341E0C6a43D80D6079AE54ea,22004.333228454
0x7d79ecDB2a93cf5a141Bd77DB419B26F6FD488E0,21893.257653397
0x25e5c7a7A6558FAF3c2594712BE252c8e385eb0c,21837.769771835
0xea6Fd9E55875DA5964bCA2b7eDB68D88FEb5a71b,21384.298446926
0x0EBD19145b1cf79F8298E3F6080a0b39Bf9423A8,21284.910230654
0xB474130e2f10221C74048c5ECAA3915042Ee3518,21275.553407098
0xc43042E05F8a3080f3276eFF33c6B9Cf70D5fCa2,21267.613606105
0x9bc93a190f0515Cea5A4619ee458cBa746bbcF2a,21226.991794419
0xCf8300651cf5AA428b9351aFF45c691f26290d84,21032.064015148
0xa03a19D8f6833fA94247650826938527b2E89080,20983.882879923
0x55462eF99f4Fd758075Ca481F816D32A7bc4D04a,20967.683334764
0x875faB21EEc0Ae09bf85242F81F2fA9bBABb9275,20850.931017343
0x7CA5b47Aa0bf48d34cB1d6706B7f2E2b0461215a,20689.978597203
0x83C97015569C65AB7C83655dE5EF6BDfc81F8a67,20530.924790524
0xA1534d3E735CAA3f06476EDE55Dbd38ad7a770d0,20522.306635847
0xf6FA6AE379B71784DcAE9dFd719e5EE1b3D1C205,20421.231555533
0x364B71AC7BFCDe48FB00Bb77DbD73D3531519DeE,20339.961821072
0xa0a87141ccFD8B4B716BF2e75143f84357586118,20319.946643255
0x53eC0e1c079461037F672fAC4563ee34C356E53F,20093.746061291
0x9eB36fF52dbEa591B00a76e8CDF1e68c59E32736,20072.039685473
0x85aEce399c4C16E296860Cef751fbEAb9566C430,20051.152338296
0xd8769fD2Ef850BA2AFc0e24f72f211D692073e73,19985.032749037
0xae5C05B2E9d312c5a7da2e1566Fa4d73760269b2,19973.051540587
0x61e1D20466a634ff95b66d3D83014bBC304fC096,19803.082214408
0x9662647cbBf3DacE072dF0bf500003FE2498f199,19582.288687324
0x8807c8C3d30Fc647914f3984cA4029d3f58c23e6,19548.909827713
0xE338e2B562E5E3E9674d85F52C2d0D7dc149441F,19400.515241319
0xAb34F8af1a35E8eC6faA0E101CD1c1527370Fd1a,19342.337835742
0x2ea862C3a1C1Ea825A5295F040F527B583650B4E,19312.259795353
0x81516019a7bdDA8c7C0e201A42653e7B4e3bB391,19085.162553832
0x385F14321e7f79790C363298904322E57D39b5C0,18941.147828283
0xD8e9624F0dBE5F0d3BF9F538F1a352f96970e268,18861.342484542
0x3953A2b93CaEf741986b27Da2da21a49AC90a611,18727.716055579
0xcFf95f2195439704222Dd847Db030883001E776B,18615.642391241
0xc53862eA598ab70c238C523469ee2f120DDe479C,18583.553428059
0x6Bc6064374a66984dBC0231c9fdeD243c2f9a7f6,18567.487471975
0x94c5E941a333c78dC892a9C9912592Ce293DFF2e,18433.820151325
0x705952280DAB69aE77Ab93cf8877fDB00a617928,18430.632746935
0x32FB8fE8c890C5235E92e2d0d9AE56e824341632,18365.753427466
0x6f81D9bEe2c3C8d8bEbC197B2611f1A826D847Bd,18289.107835343
0xaF2b6217833B0e7385804600B67FdBbB7dD6c9Bf,18176.236767041
0x1290fF8d016F44C129D3E05934CdB813BA6fEa0D,18185.705578585
0xcd97E06198B5b81304A459E6797c58805FbCd684,18142.874581592
0x4CA0faD9595c10bdEB79F6315Ed75f11e56f2A28,18665.408736600
0xaed46B758753886e3163920a151080b2E79d42c8,17995.836674123
0x633333C54076f4F0b3B5E9389c71E58EaC1C9F08,17975.267613211
0xD9e2d9D59E57Ee85685149CEd8Aef162C49Df5B6,17968.512046797
0xF40C10b41e7aD6CB9Ef932C29E88d35f0ae84a8c,17904.826151474
0xEeCdDf5d3F928710CF73b44Bf5427581099B3F94,17773.501362838
0x9C5815062Fc6Aa53d7A4914b1607abeF52a9a477,17755.695284073
0xF18749890120EE435b3c98181C244d4EEcc63219,17701.021417911
0x862454ef36FaEBb5D33d93C3618479bcCC124a88,17610.870096631
0x2386dB71BB7Ea39412900B80441620F5dF530A30,18098.583381026
0x1B729DF0685644bC92D1DdE6f90A6950e48f2384,17600.379105390
0x7e80c9d2cd0e61fe555f84d22378f01435cedE6f,17587.604734865
0x65b9F662C746500140836769945DD31981469349,17506.374341771
0x3Aa751F68d6ea4a16B380bB70997BD004D5F47de,17484.394537707
0x8513AfcF359Dd186246A47bcEB2EdD5A98F6979B,17482.370207621
0xE7bC74213b2b9C6150CFFe9505802796b1cC1562,17409.929408953
0x99914733f559b482CB95d26f3b3c0C377537D8d0,17287.085231544
0xE6d0E90F458D6Dc5fC2AFCbF18dEb39b100Cf663,17259.828518219
0xa0b184dBF3641dbf3c5Db77082EcBb808041D5B7,17211.118471115
0x8a353fE7F456cbfD2fB228377128b0e05538E2DF,17178.023859330
0x3860ba7B71bB2Fa210DfbF0B342Db27c645ad5A6,17140.588754158
0x0d71b20DF3cAAc162731FBCAB71E0F2A6B11576F,17232.610781392
0xE58fc1d1a84752Ec5F9A3327D822F4f1Fd9B4312,16971.693647113
0x817D0652fdA8a2338ed95a85E96121a70133041C,16969.484471572
0xC6465515B46daDcE297B177aD68A5F0925C4e591,16950.489470031
0x07815f0D1DFF2BABEfdf3132B0F913D3D47Dee03,16939.607800530
0x650f58B6A2CA1c0D00805ac4b6Cf15263387078E,16939.218805261
0xd8088afd6C464AC4240678ad6fF164b8210Fd0B9,16859.374529056
0x78559a9e644aC9F5a695BA8377545DB217Ac77f1,16782.129005200
0xA1E496CBAb1e03aCc0D3077EC7C55D2d54fc71e1,16748.256999690
0x1608e58C15336E221A417B086479f28023Ea6B14,22547.570503035
0x081F6CCe8c13Aff14fBf9CdF5684D332c29e2aa7,16689.323166457
0x98aA313C40F380D57d66C64AeE1C07485988871d,16615.714146273
0xB9D68aB638f5B11A0924880fdCcF383AB19dF4Af,16590.344941741
0x98626D33DeCc26221aE561EaEa4F40B1DF1d2fAd,17029.430716886
0xc419dC6Fedf7107a2d418b14A6730Ef55e3C430b,16434.589119562
0xbfE42Da0a83Fb50f072E81402a9F488e2DF44de4,16316.479195237
0xF31939bc78f913dcfc36b64977Eb257ae8BF07b6,16178.747375367
0x4e11185812A7606C0e23D12081E01499e88dB246,16112.410895556
0x05F12e17C1FEb2ACd589b2000C66C7AE33f4ED96,16025.552098932
0x26E0f1417414d965dfdcf0164d412207803D3C53,15893.300732960
0x58e73CBd35AD8c84BeB1e08Ff83fe3bDaDe32a04,15709.982789526
0xF910e15A578b2c7108Cac6cFFe9811742558f81a,15699.573202683
0xdc1C6e3D3D66a8C9ebCF46a587DD196e6c391f76,15554.105300461
0xA2ff74764C2Cd5f4B060Da09447f86500555841d,15505.066503770
0x5aB992dBeB6836fFE67B6b2E844b5FA118a92Bf3,15371.757786858
0xeF901524743004b4976209CB1b8b6Bc992A0c8B1,15329.513629728
0x97440F3A997f42a5f8a64b55fa94904d058A1175,15287.553213588
0xAD1022F17EB9f7d77265f692EcbfcBb859e655FB,15286.236233777
0x3EF5b23028Be39744e7BdA1Ec7D06302aD153224,15260.941351270
0x6421f1786748cf9C8C0b13CE42927Ba662b7e6b8,15243.033494724
0x9C5868C693a364B2034f5844e8Dc19e0A13e2c54,15213.351121985
0x5cB4C41eE7C90A200A685470D6e204dEAAD9956B,15169.058867836
0x62e923a446Eda8303Ed903C4aE7334a938215B6B,15123.329077383
0xFaE67a3F2c1C97eDa6004608848071Ece405801a,15110.579148096
0xA7B6c87852032817724D830701F4cdAFf2360994,15095.071078542
0x13E370C836984E8B1BF8Eb7c68278e208F639769,15071.701062096
0xD4b6B0C88B692EA8f52B525A17914b98ee7F7E8c,15057.515765543
0xF7ea77356820A38Bac86279830666d3423fE06AD,15001.285549928
0x57AFc3242cAd5AcBA02Efa13BA679ae651EAEB44,14824.415782833
0xc74b4E32a20D0E5d7A8BEc1F1BFaB1dB937a6789,14799.728750445
0xDc45993D1Ad0B63B2819A5B473D2433d23F17148,14773.099967460
0x8E1515328db07054e131D8F3A3467344d7AE9118,14741.860682826
0xD02fB7F9C925BeEd2920653061E29Eb7F8F96d49,14688.313142534
0x8315eB7543bDe8D5F5760b70A3D27eB73c1c61cf,14556.695016547
0x5f1712E58824eDBc00C0174A7664583F9868b4f2,14538.936565880
0x4BF92f12905B20192fefB4ddC5FE7807f2584463,14518.573735609
0xF1c0df9D09b149005B3e059213e8500070fef473,14378.629063041
0xc5d76FE1E99fD88c7deF981CB7F94C042EBC9B58,14341.209441315
0x7532ca7984c703d2faEbDAa15252759B60fb5795,14289.970253561
0xA9232539efF153bD3D909D54623D04F675F1Dc62,14257.080611455
0xFFE8811E5b767e0f697Faa42c5d90aD632994c81,14232.147514667
0xC60Aa51067BFb3B1f6f7e9206384186Cc75C0F63,14164.912016680
0x831F5D15BC330eDb62C75CA20610aD9f9A2a4932,14114.181730701
0xdB98747559fbd4300Db6283d7Ea6ED997D54264F,14686.705018304
0x5aA83e28C2912cc2d8Bce3F42e65f9e0ccD2ee44,14032.852487630
0x698addF6BCa9889d7dA24D61DB9583b4F22493f6,14012.014950299
0x1ea8FAb2B26b2EaF63eCC23f3Ea282491cAB4B79,14009.075555019
0x4571fcb80f79309c34d3c22a5e496543E768A674,13852.110041416
0x175c6303072e985d5C0606B0AD49cE25667df351,13679.406599136
0x867a10D3A6cF05658E0bf7760f1634C9A9A03255,13676.663791616
0x21BF29a5d0089499B4BB62fFb642bb271D133276,13675.965120859
0x60219BA4cD6097159701D110144B85CCE789DB88,13590.360593054
0xE74906b144D713190cFde4030c8Db751b241D590,13521.515445419
0x87f01C52c55c9D9D743637363b51CEa51f1ABbce,13458.674377569
0x08167FBcBc9a0026218875373fA000b5F2eC6a4f,13389.030145510
0xe7Aae0441917a3BE42ECC1a0387B69771fbBf755,13346.910418187
0x4283aD8FC6b2a629790338700c30E7E8033730A5,13265.492062870
0xA38aB1d389d7dcD2F51744B1A7f1538015EE9670,13255.933854193
0x1dD28490A4D91653D181A2D4C997F9442f2cb673,13237.496937673
0xE761507291Eea861C58E34A52e3234c8656f9853,13029.479025730
0xbBcFA5A4e2dE1ab956f385CEda7c155de8BB67Da,13013.255674055
0x8D6Fad96b2aD123Eda4A11da721bF23e864638bD,16805.966301483
0x6E2cA666Dc491F9DB8247C3C6Ab183bFA7EAB08A,12923.171198727
0xe542Ec2Cce8ec78FDf9A9C003C9A08C1A0182198,12874.272821701
0xD2fB216e7763dB5dB93895ea2A011fb33A1a0f58,12835.061584061
0x481F98CffcDF3303e0A3C3311B35542b1c2a8387,13335.027988821
0x8994CA6a4cb6861c3464852711e1bA6feAE6B1e2,12820.788674053
0x559dA7Fac4E04cf5cA2B013b46092b491184dca4,12796.793064204
0xE10F38964f79ee2ceC9a36C25D5E58947FFd9DEB,12782.942265515
0x960D6b1C1C384D444eb49bC07a42039Fd949C378,12771.749200024
0xb3BAb2FFfFf3A0c5C14405128355719A7eC0f3A5,12762.848054775
0x73B3640dFeFA67f6236079cB3f567d9a2fd5aEad,12726.824450291
0xeEc620dE602C0F306917cddBfDD23Eb7D9a79Cc7,12689.494765770
0xC2737f8B1Cd1Aa2884c1a3BeeEb8001f7792d9b0,12672.515821343
0x4a941d78fec67f38A399876F71b8b9E78995EDe5,12641.359849118
0x8cD99efEb59574FCac134C73021BeD6ae0d3f876,12579.995166002
0xB7a523b739a1Eec66c15d9dc9b9313B2d94Cdb61,12544.176740799
0x07C682E282d9FFAc1200259b12F38C12cbAC8f63,12518.913712835
0x97d0d51904DCa2609a9820b583d3464B8C16d75e,12315.337246155
0x95CDA307EDf3e7a9F31DB36A5155d5107fe3B45a,12284.284547643
0xCB35048B0FED9805564A02029b74fc5CD98469d5,12068.717376064
0x9956E3C11EADb3fbBdB61B2fAb618f58B447c14e,12056.556229129
0xec0Dc2f71A959D25b3FA6c9D5b6606B929EdeDd2,12042.652171320
0xEde8401a29685a9dEC30Ddd08E818a5aB7294B09,11805.092449382
0xB04ec8faC03729686230e7F3502eEeD5ba23D9B1,11790.724272568
0x12C995Ed53A26bb8eda634234292913DD106b3eE,11749.369768351
0x417fB1c6d562565F750566375c18131Ecb4488Ca,11699.977813677
0xDb44a23daB7B4001db9A523F3193763c55fA53A1,11728.203469052
0x59774Ba5053510162f323967E885345a24aa90d0,11605.510171598
0x4D3956565F6376EDcCD77f12BeA8e2bDb2b2a89a,11538.439313173
0x11586fc60C0E006cFFa23bb80fDB6E7770bd3124,11528.543680043
0x8c9a10F2D44176A16B68aEa7cA4CbF85C74d53CD,11515.236528558
0xDBf10a4D1D71023aD76479B29bB0E221E71fb905,11494.758153190
0xEa09818021Bba9A8606749513610Aa1Ff0327639,11394.891373650
0x7b7C7f7b18E2921256ec7ac1F215Bb2f59779a13,11382.363665004
0xA51a0237e6E75A8ADfC449F9C21d41572F18067D,11356.420920607
0x27FC69c0EE6C1Cb56539dD2b86c34e14Ce0687Ad,11353.238647451
0xa8E1Ae7ea82b6e047712171a363989c2f876A0C7,11318.901671016
0x1c8929FDC061D7Df4c4B9b9EC935A8c84cdc7375,11816.591345228
0x8A9a9aa01a462485beA8b5b4A668C1E6b6d5Bb44,11252.936811712
0x885e0A2003f1F387746195DfDd66Ed3C10F0d550,11247.050309849
0xD82F204cedB2a31122A92EBd5090013b2bdf17Ac,11180.634905162
0xA2Ec2C2e5403f944403E9EC29414804d9906c093,11179.197109713
0xd4EC4c5f9158AB9fB88fDaC34601CaA5f55cD603,11213.805878636
0xC0582279F684AaEf97EE43e90d096AF9aEeb79C9,11038.146750646
0x57519e95E9f6E1BDF134c29b2120D6024E16890c,11019.697960116
0x5110eDf5b48B627440AF403a5b2807e7b2A05bC5,11011.857854250
0x0778A4B568188CD4D08907BF6C1aC96367f9271a,11001.597508078
0x0f0c60913792a296daFeb6690AE2eC6E1973DCA2,10998.910029056
0x981397AC2ED6A67fD576b72518B94622f1c39c42,10994.776461202
0x7F5522A9AC693475c349e43721cD0B39657B6fA2,10942.807569368
0xDcEb0C8a4301046104f9cc03B393E574e9cB8eB8,10823.388821437
0x04c0D3080b30e2c02385c8bd92507dbB421d2811,10818.957361797
0x62e2E8ba9a13aceB0C5d2682FC884f74B3c8648E,10733.610878036
0xde44599f6F24c551c3ceB0C5AcFA5045Eb84E649,10678.543431931
0xe0A1D7eEC2F68AC296aec52a108f389F45468ed7,10663.682446259
0xc636432204927903f146a1B33938f9cB4Ea4f6Ee,10626.185916299
0x8336eda5856B8fC8e2af26827Ac54Da88FbADd5A,10622.812522517
0x8cA999dbA3FFec22115470D10d1eAFF70f18cf3F,10616.402976770
0x4C32f9bb4ED813aaE1E92fD724578821B5Bf8420,10595.922466259
0x596e47e0A8227234B89784F2141631EDeBd24715,10558.660189246
0x74Aeda21E46C7B2B9E110E404CFb9c969Fda3263,10539.981980541
0x26007Db33E3B4B2816aB404D2A0aB343421EFB7D,10528.442440049
0x80Dc2dF3B817eF8b0e8BfD24CEAe68398E80372c,10491.936766127
0x0C25E387cAc136D6dC3006088CA5C3AE9BdB14E1,10414.837627552
0xed313732F7D2a9085fB2902c3C300C276bEfd240,43788.246515388
0x553536aEfB20f85825CF4c14A3DCADBE55595549,10382.783343455
0x2444F7c9f90A46c7490c553baDbDD0592C31ec3D,10381.154381821
0x5CB670af3883614cdf9EBa87adbaE9DeD5c9af22,10379.927966302
0x4Ab858e3D527ED9Fb8B9635b70E2b8D6240DC3e9,10355.814603707
0xC69F5b4d96d7f9026b45bA67101e579F1193F526,10324.295184604
0x06D0f5106b4D405818dA23E41BB3aae8906498c7,10239.525003628
0x72466AD51f42b15cAeF967361a89B90AF74830CA,10206.961273748
0x567A3dF79170e503e3767b6cb822b0C87EC49D75,10170.379616506
0x960814C1Cd7A45AbAe401B0659023Fec193212f8,10093.979342311
0xE1036695f881ba7dBF5be20Df78863C0A6408Fb1,10057.301631297
0xfC0aCC03715bDf1b9351b9a432f27dD87f860A3B,10048.791913895
0x33C6D6C27fa592038552DB1d794ac88a07e7D1D8,10039.487360185
0xFDc9a8c4c08D710918855c58fC245dE33f3E22B8,10002.188335839
0x7Da669BBde83bD4fCc557903220F9CeAA778eD71,9999.350036038
0x8D111F7f946D4Dd4CdfBF71F47D29548C206499a,9980.535435503
0xD6aa56Ba1a490B342C8d251A3901aa7E435E5830,9971.250006024
0xeA5473Ad458681Da0Babe4739c7d7f25267A8924,9868.755104516
0x63673f01E58cAC68cd2939b4FDaa09913d8e5829,9800.809748256
0xc54b9327Be3Ad1e59BFc2201B6610EdCf7dc012f,9683.728537611
0xc902796F22Eeb464AC3eCABb10Fc797D9D62BAdC,9675.076056379
0x2BA7CCdef1242121d7F4657e84b983662B23AFbD,9650.260036728
0x5d934D2b0b71f2397A3239303371a30655d0608f,9648.346660411
0x926178998431c79a456a5249C05cA94BA799b566,9621.187659882
0xa643194Adb285F16C2D6Cddc71cC349eb0984c3f,9540.166173621
0xa6B10FF912E52a8846676d92325A758d0d204E64,9501.881352247
0xFd3d3648E4aebd6d2db721e594653eC7F7ff6ba3,9491.658660349
0xe340589c0786AD3E5cC33d2B0fFe4FE246550420,9574.256653575
0xE615DfBDE60139294728BCC5071BaA7cA7D1DE3c,9462.712824948
0x55B771D643D3e1D54D0ecFd8CF90df10670087C4,9429.746073609
0x0fCd480d76036B3F8b854d13E08b4C3a34B7ab66,9390.838214745
0x43083eA09101B100C192e73F93F8e401598de5a6,9335.118313023
0x60A92c099Dd790C3c0Fe2D138276f2937DeFf5d1,9291.361971993
0x9c636f6A38D6B800A4Dc63E16ba35773e3165B0a,9280.556499372
0xaA04c165EB7EE5FeF957F3bCD4d2095eCdD68884,9264.336013513
0xF705F67F0036878050814e4B87979c1EBeadF5B2,9245.632239159
0x0eFD8560357C2a88F39cA6e9d04C88A7831AD4F6,9241.992869037
0xc1b22f29CF8fd6723CaC51Eb4075720E40cB90b5,9128.140249216
0x18B61FAae6524Eb58ef12e2E53bF26B57F9EC755,9097.339973057
0x43f1276231ca1280F4F9c6B1DCFE558AD13DC9Ad,9071.599264837
0x104f5B1dbcdAe4edA86BcC368cCBA564AA8e1fb6,9048.524710016
0x549478A67553e637604E01BF6F02bdEbCA731F1B,8909.360024089
0xF60EC046CCF6AA0bC5A951655E3F0E0472BF864F,8907.707863860
0x4e20471DfD93aF9F515e5d27D691613298AD0Bd5,8884.373289268
0xb932bEca5c046F6a66946f7ae4c25f63C6f0c02a,8767.546652553
0xAcf9daD9a519834b973FD27D7E8C6b893DfE4bf3,8761.688868291
0x9F137F942a8C50bAE925D65B845D2D458B475e87,8733.741046004
0x0c9D0c9f6bB7184b9E09CC18e10B40DC524fddFD,8719.031850656
0x3856C0045bA163C3F93881AB7c3198cECBD06EFF,8716.107535725
0x3FfcD744CA633cC8007B91327ba56324376e949D,8711.599683393
0xFBC9748f74cFd8D1Fda7AD20A1b52D0C6876f952,8640.465062970
0xa8b24BabB4481A20005a2698565407C5BEc084C4,8640.030317467
0xb0C8525F4A6e450d920274CdDeEC8B9a520D468a,8611.562802614
0x5D59C5b3551DE3bFbBDaC7dd5048BD6a30b550a7,8552.265722654
0xAa7eA94b61Bd997673E4905Bad9409E33c3977fA,8534.299587205
0x4e452857934c8c82DF2bA78E2b438C24B35AE81e,8531.274743063
0x3D3866DA1108FD15fE10Ae1eCE1b3578aDf08e6F,8509.471976697
0x0DD9EFC12b22933F81f3882E5CE255821187e5F0,8498.583164287
0xEfe7feebEF8672a0D739490bC6B33e94DCd3FC59,8448.841417785
0xee76aC6dF2e8AB0d8187A6A9B039c2658ea035A0,8435.174665458
0x9aA5B19d25A1F15ba1eE869Ac2e5dc94B1B0A806,8432.456830944
0x13CEdb2F3F4daD35621BF08b48cFa1B2B52254f5,8292.409110083
0x3A8fC090db757Bf4F6E23548709e05621f1FF0c5,8264.448729306
0x2bA70B303a80B1f7Ee8aE1523541cEaD1215e0F1,8149.974262165
0x754a180d02854bA923E3EAf98D479144A85f40D3,8145.430598601
0x0A74B801611EB5faf4eeb69640E66B10cF6ACF90,8137.850492026
0xD3b6B6e79A582A1708c277c697a474a846Af1455,10166.436478779
0x1E2fb51634B5a47e20fBe7323997ff68b7C01d47,8088.902953576
0xBCb938ED47d1d44C4D21BC3BAC1BC83597917D6F,8044.988305574
0x1D42b606Cb089C437fBbD27a489eD2403da38064,7992.775872494
0xa45A0456F20636E99d8dAc37E939022afbaa5626,7984.838803543
0x2Aaa02d65b2530fCEED228EA74Ae71f18051FdfF,7915.671560870
0xBCF047a4C9B7b336979C62626A3E5eCc588C18e8,7910.327915339
0x295595Ff35272D5e6976390E3263b0aA97EAF692,7877.010342196
0x04dC418b6a5b6352Cc58A4CF7758aBfB0917643c,7850.263655097
0xDDAe3A9B8FFa560b82C5c4929E94e5f08f568716,7848.803486965
0xf174b28A301ec461B9Be2CBB3Df3a60828f41c97,7814.752058347
0x0DC92F3F9e3Fd465AE162E536c7F94f8199b2553,7802.112430891
0xAd2EDE2a08B90cc8d82C5a9fFBC045561e8253B0,7776.986311461
0x3746DA229526E82b9B0667D57763f03FB0ec00Fc,7774.849572455
0x302CAf478722Efc828e96E3178F25897eb2c1844,7747.822590021
0xc5C7EbcA1384Fa6360ba1106c27C7B737a11e025,7742.341742245
0x0Ac7e8aB094b282989144c8761E10961241feacD,7693.654229454
0x311bFF862B73c172F4eE82A6CD0346bbcbb046A0,7648.617483540
0xa43154B40Ca0EcCeA2A45E77843556C3C2D024B4,7624.591876901
0xBCb9acaa9597c822f24D85B472C124af7E0B9E0b,7621.071104172
0x4D8E982155edBEE9A09B2f6A06FFF1EF985863AB,7612.862521970
0xFdD192B73eFdD3eD81AA3910eEcBfb6dd2953b11,7576.182272001
0xA2fC17b5616Da800d52fC284f6b4151E0067af2E,7481.752360858
0x0748882698Ea6Db15cDAe01837D2D06282cf9Afe,7438.581068562
0xC527B7035cCBA04F39Bb6b6cdF14859f865B665E,7382.553862881
0xD49419DBaE4b1CD67dC992d715B14F8a2f276a54,7379.986496007
0xEB53B4db70d8f0a0d84f0BCcAcbBc943F566a68F,7352.251059282
0x675d249738Ab2524C6E7A9bcAD3548C2641E1B6A,7345.772495843
0xC7E05a026f457B640D7897F89D435B46b18243C5,7327.553334974
0xDEF27C5A8f70EB426589e8adD11Dd9A2034a8e5f,7321.682673904
0x180288599a13fF83fF57c7233c6ce94c0924D567,7319.152315349
0x3B88765Edd85AA68D16CDd01D8758e5A6Eb93CF2,7310.997061120
0xc6877258000438dc2a15B71e923dF35331C69c97,7270.497997282
0x9c2539595423285e4C5592B08D892768e0F2C4f0,7249.365172256
0xa56d69F2c58cC63A5503349B47f65f25Fab0443d,7240.029009575
0xc8EbDc6766e81B1AB200347147e281D3C5cf215f,7220.145046495
0xC698aA7150D66c287B16e95d6a24644da74Da305,7199.591569967
0x5CD3764577f8417E1C18Ca3C1255d072D40219aF,7169.716057211
0xA4706521BcfAe9Ab272782Ad29Cb87e01Db0d5CB,7116.737701578
0x4C59bf8e4776e69599a92a330e6BD91F4A931041,7015.741478928
0x3F01D3BcD2c6841E23151f3bBd784c46B8cdf376,6995.924717117
0xB7Ad257E465D3e929a87a423427Ae3c68De83fDc,6947.486123641
0x328740CFbf83329dA53F1C6Ac66eB8Ee29bC236B,6927.692382190
0x3C911F7487564BEE6e27333340a9324c7Bed836D,6919.558322354
0x4e8D43fF09794d1CAf291274E0BBcf8AEB5B83ff,6908.387651781
0x23BdEDE49Fa256bE28b9305D9b7f02B80D55Cc1B,6895.526449585
0x27aFd3382e1c835efBC58E916608075C4a6Bd9d9,6879.765490801
0x9343F29bb163013fF1a2BB7cA936a07C2aB77632,6853.869494250
0xfA525555d74b700Cd420964aa872bE40878f1f63,6835.555447510
0x3011179e203afA17376c0bFac49ea318fa0f4406,6804.487716334
0x21A5bE86a095008DF8B1AF4F4D6c6b9054dA113C,6751.448623135
0x6d539287B810d858211100C9A0e11FA6f50B43b3,6728.604098192
0xd843a49D07EE70665b2053b5B744491A7b4eFFC3,6687.286957414
0xC2b6bC11c1dbcd6EC092bCf12ACf97431814c232,6644.683706779
0x3dA3adC592FFE70c4D1e630D72F0BAcD2103BB7F,6602.229359343
0x648932Da564cB7d73D8Be743E52De2E0Dda327aF,6595.276975194
0xca1C9D295BeE2de19543512A580C0b02D2aAC26C,6578.952301922
0xEE031113079e8A4B332B0Fca3AdDdeF294312a9d,6540.967473957
0x1EC3868B05d592D80ec725c396BC49b4069ec143,6523.816074471
0xf4CF1857565a6e7402E1153e38cd5a5555062DF4,6464.086061355
0xDE01033bd80C0E8E56BA5E17981215b0577d9bf6,6463.157439025
0xbC367D2ee510DCe227292BA5F0864B9376C9FB27,6403.491360470
0x93C583667c94964e0B3f90F4F6Da2d842D868cbE,6398.099111458
0xF3Cee72867aaC7845013EA01E39214c38140c12A,6312.262985633
0xbf0626E84a947637Da207D8F6bc89E2f809E0287,6301.764465427
0xBC39331D2738Bf365f34E56E0EC5C2E9293ce2ed,6276.312876749
0x1aF3C5Bf1C3dA71B1144Fcbe7d460525618958f0,6266.754320357
0xc61f30dc46785DA5ca55EA290Ca5FB4EF8C8623B,6266.150567298
0x4cCE33E05BC54A99068e642921B30Db343D29A33,6263.356477981
0x269533F210a13D9F65dB9C9F818cF7f1a62dAa13,6252.792637617
0x40dB856c3310fb13939e4c993d351fb94bF68c15,6214.488431833
0x637AD3062B76FE8F7846F25142951a8C4529f9C4,6212.498616394
0xaE70816150e72a05d8C3922CB3Ab5F44d7949902,6172.013438744
0x60De9cAe3f13A138E24816d70Fc6B0106Cc28ddc,6165.246664362
0xef47a168f7a2b03CC585Ef93f6520906F7a4aDc0,6141.003656740
0x9d5d87B6673CEEf6e9E57B6FeF00dBb95CeF2bA0,6117.323378182
0x8241e8F31B34516637f2FF58bb42a58D56385B55,6089.060673231
0x5228F4a2ff375a961AE0adCBBF532Ef325c2aaea,6071.995261481
0xc768ADb211468830EEbC322760beFa3B4af88BBf,6066.387814781
0x1cB017f5AF007835A455D2387e580c38F719E816,6036.969865968
0x3D0808799BD3186775F4B1521697C978DfeB34E2,6032.112980015
0xB1550122B3EAfA2b8e5DC4b95a83E0d207fF7D63,5993.513384897
0x568bd4b347E89a7d9db776E6E2bc33bbEa31b092,6119.257184094
0x883491D7529832d1E2EEDb5394357b87b9FA020C,6862.730237593
0xDeBc8B5ECd2Ec108BCA2e448071cAB777023eE38,5904.814467378
0x8997d24A839b892667947989460034bc445e3803,5903.184719445
0x7741A9f465465D34B09308dbD78054B76209C494,5898.538232261
0x9Fb6bbcb74c9906D013704F2908cEc6600d6A399,5897.203777894
0xcfAdE5495c05879781A5BcF9427673B31cB2c1aD,5862.931479837
0x57fCa25E04003C51439a28Ff4D72a37d15768768,5840.824476869
0xDbE2b7bBa24548266e76737D170064Df6fB3b569,5780.751714725
0x9Ae0D826F13b57fc828B36CE8019FF8A84079e0e,5779.592118788
0x73121e5BE8DF98c71493Da4874A8d1D866a3Dc3F,5754.462819358
0x6A7FE382a68DC9351148522f208F4f61A2db7d05,5739.173660582
0x649cFd400AA4Ea737d009CD291f478C77Ed03e2b,5711.478666417
0x62a9a6c79988e5b08f9e9B39e5360338BA556506,5681.776383832
0xA1500190c07D3225aAD136f970ECC0C727bc0669,5679.633136461
0x69494A7eB5A9F7fA41C2675A8a248a3EA189F661,5664.206578328
0x94850A37Cf984BbF24BEb44Fc451f04b92B8285f,5660.823944504
0xFea889C4f965D10206733d2b10C741968834147b,5672.455221915
0x0Fa4bbE5199743a0eD01EaF1577d227E84E35DaE,5640.306627002
0xF37CCfD7014E95dEd5F5a89a7F6ad0820628FbB2,5635.262751981
0xcB72f63a4Ee20Ec4765D6835AC97954E521c6ba3,5611.529893586
0xe16B764A533f2E57CE0054Aff8f213Cb9AA59b65,5605.184344431
0x8bB7d23611800559e8E0fBb81CbA8CE1162a3E99,5594.140922509
0x4D30ca654a9C953A4D01509496C8154869a3b50B,5590.258912584
0x9b54485cE7111dc91DFc2F842C7F061e70009d34,5584.408912651
0x565A031343b2512Fc7Ab0Af3ff82108Af0A592f1,5576.796080588
0x30e347c45AE8f4Ce6ceFAa2c626B41D5709759c2,5574.521204645
0x29E0416cA35744Fdc21f8bd6Bb596f51760519a0,5537.536678475
0x68fFBc6c825b14446311Bec19B266353ce6C90cE,5527.349814747
0xcC60563Cb43DE96d276401eBb0cCdD8F4C6911D1,5505.644067747
0x309DE4565c10d522907a0167c8209dCd1d330FA2,5503.948897458
0x27C86ECF176fd58510230fAA934222e20176C583,5478.668528350
0x8758B6c645f4Fb4f85Bb50cd606a4fa318408Ce5,5478.144134819
0x4Adc990e65468bDaa7365ca8D644cc2cC3Da28a8,5447.686287637
0xC3474836c9461A5E635272BE102B1B5202f276C1,5413.744113630
0xa4c942a096Eb622ceA22e40d4eDeb25D903C58a6,6949.367942391
0x0FA0d5FF0e53d9c09A1b0D819498761F1063d61e,5354.588620526
0x19B77dA2768af701Fc173e355921F83a64d88A84,5347.373571042
0xf6241aa93CB1c7ca466d0da3E3B59e9aA7a75d9a,5337.511270909
0xb3C83D095d861D6E8CE49068cB211F1230E516FA,5329.123566164
0xb824642df6fD73327C492E29F8ec03E9d3504979,5304.538058060
0x8446a877E92a2ea1960ba4d6CA6DA889864360AC,5264.288134591
0x5D1AdE74F354454AB4D6C0D703Cf5bD819873D0E,5294.635921471
0xf649671cf96b3250cD18f9780b1C9692c1895b38,5220.735105648
0xb5Afbc1919599eF608F1656334167a510E078FF5,5219.032219653
0xC09fdeb28970DF30A646f389A64F2D5B897db2c7,5196.451705349
0xdf515BDeB7D8d981A542c0A5285EF9f54ABD9046,5194.163997990
0x495a23c2f2F76f067aAB03aa05e35db170E27a5D,5191.992430890
0x04e6832B230AD0619Fca4DDBd8bF685B6c15bbD4,5187.499138022
0xc882624Da6E5cD0DB5730DA9F48F17fF5EF46fc3,5187.348191558
0x3c90065ab66c210500Dd45fC9E4de09122782B68,5178.661037049
0x907c27a87704D0511AB76a7Ac41Bb326AeF6e3f9,5163.685627911
0x48eb8B7E231F710D3bd56caC4366B4Fd04c4F204,5159.118282090
0x39816F06460A4926BD18CC5fAa3F009C78C004a7,5163.698550733
0xCD5f2393c18743155E0851b0574De0a42bFc58E3,5128.454226839
0x8ff3220Dbe9D8B64908ce67b4D61AF7Ada191Ab7,5122.486989562
0x6f4c36e25F860e922eFD55e62a1cC1500e8c434F,5118.938317098
0xa28CC8347A7606761B2266AA1f1a6D5D7Cd4c582,5100.905562953
0x254F97ecA40bF566463d794C595e7455613ED646,5077.837183807
0x54a8a2A64971D4E2B7EA26f1c99cFb3EFE4dccec,5073.050029110
0x73164F218A0326D1C15e7158F71F34d179fd2809,5066.949782299
0x76a8Ab8a5D202223658886F95D1865698D92E5B7,5064.335951361
0xCA5AEb77A3b497971031aF314E52721bDC023a90,5062.024622985
0xF5d67830B64177f57E51589EEEdA0AEB63737C9f,5055.139922716
0x8c2fFDc88a0fE2419a42017fdE15E047ba1c7513,5047.152100679
0x50295EdCA7F376B4B1549eEeCbB99368eCfa49E9,5000.000000000
0xeE17aB46D8Bbb8d5e400a8a9d963EF327C5bC9F5,4933.031961314
0xFA8d42F8794FFEb1f8955300Ffd96A5690e1aa82,4890.796648007
0x14891565c585EcF3954fd4eCf687E43F73099d3e,4884.864164396
0x823dCbC75962fF461fBaa126400D6FC12bfe25f6,4883.022088341
0xCdABdB1A3c112cef0aE7496e561a651df4d93fdC,4880.248063432
0x830d9211268Ab399B7926949A667D6195103F719,4871.109074985
0x652be0485ce99260E39E208447Ec5C82a32362ED,4869.311482851
0x79fF3aDaB700DF9c3767C3B46A733441dDa192Cb,4859.271454841
0x5425c98B157E33f08aE26143CB30d3db6Fff0811,4856.272174011
0xa62F6696E2B55b046028cAca00Ff0dE71be511DA,4820.737300301
0x0Ef982d5DeDA25EfD0c9f7Fb9d09B7A2719195A3,4812.623478287
0x4Ab72459b3A03c7A622A682d7aC4dc287331cD84,4805.612059697
0x3dAfAFEe364e6B33aC78629060aDe27dA96EB351,4802.873312966
0x83F045F36047d70CB5f99b6142c367649091ae67,4797.221759201
0xDA0e6Ca5fD04BC54407A9f12BB6da92ea5CF3B25,4774.459777121
0x46213CFfFCED1247F8554A1312E39DC44d72E8DC,4772.037865323
0x88120863C4d0d8Ac6D0b8473A428b2A7c390190B,5307.124302714
0xd2861f742Bf94c4adD160B8F4FA0D3332276ED33,4763.881500518
0x18BDfdB7Df330620836fe235F0F9Ef0C8fFFD1aB,4756.778148093
0x8aE94E657bfA0c2Be9a7778513dFC0ee692e1c2d,4747.724560601
0xb0546139c94E4884a9ce53f8318D899be61D558C,4727.870123476
0x284a6e6Ba9f342633C21D6986b504fD08D5a4A69,4722.296868932
0xF0E92257897F8891b13FB06e6F08FfA10b3546c9,4714.678430414
0x34B340A9ce00d8eA713e356fE6881763565A7165,4708.210414171
0x5A3959c2076afeB0B5bCae0242714d7EfbD1C50a,4703.210309355
0x97ca9B7e18Da1532951b371Af1A7284d68512ddC,4700.999270328
0xC3603FDeD72c38da0f72154D9111069D8FDBe541,4697.059197474
0x621aA747496386C5f04e11FE49a09A2881eE4399,4672.322385063
0xD0C24D17784add7Ed79f226807314Eff3A6E1157,4669.649600598
0x0E9bD51A017267BF3106F495719ae4f6d26E7bF9,4666.796935276
0x1CB221005992a101e07250B4a0D2246cB177666a,4655.751195546
0xA957421132C4bE10203eFf9BED81EeC7057680d3,4626.871953098
0x393760ef07C056BB10f8E081CCb0589f4E945b69,4588.729695579
0xd28e070962E3232Bd954677Fd4765796ed623Fb4,4584.792034768
0xB603a7708E01adB387Bbde688e06F638eD8780E4,4583.500377467
0xfEc2336A6edA286e833aa34A957152163305583A,4581.375941132
0xE4402AcDdA8C1C03572D64cd917Dc418583c6c0C,4558.566578903
0x48c5291C0f79095CdA826D56f218A7f3ca47A936,4543.070860566
0x5A4E77d54Da78c68142d6206957BA3f1d28431CA,4527.163081648
0xFe78D1f1f2a23D84CEF489bC556c5bc4b4A6ba52,4527.262954824
0x770b6A4c6dEC8334514BA182aEC503ea1E551fEe,4512.614465980
0x281BBaEfdf45E4cB8568125a5070C3dF6Cf0B3B2,4512.386080628
0x455Dc6bac2e593E3709C99b5324265fd02FB7e8D,4490.989875078
0x593A0bFB3A62015aE5eDEc2be75AdB25dE63B638,4467.136544251
0x7A6805c2A0e39220713189Dd92499e19C16a22AF,4446.564206115
0xE7A808E3ec34BDc811eE2A27081dd35CD2c0F11f,4434.371478898
0x7cCa8A3Bdb99aEaB3F418690b43Fe2a20E9A142E,4431.491177332
0x64D08cE35cd28a6139d12A7562609c534BABc792,4422.583231643
0x79C33c534C96211d60B6b4918144CC35217D1fB4,4400.389696549
0x822317f40D6653B34Bb4fDB80F88Bcb95C205Ed2,4400.357237012
0x07D38a9F6AcD6C40722A21c39cd1245B91544BEE,4372.098253336
0xb58CdF0030762a89f996C94d5b80571473A7758a,4334.487444374
0x0682277250d535C07003C0FD6FB3F1686f351691,4332.631327969
0xc3c9B1c1A70Eb5C06bE9E22596E6CFc86EbDaeDA,4323.591198106
0x5E6F0Bf105504675f364B72257F4e459f8bB9DF4,4318.110173288
0xD261CD5B32247c501637125c2891F094FbBc715B,4309.305976494
0x99485477585da95c09C4D5fB2013cB0Aba030ed0,4302.838416931
0x0626c81e4863DCc22817FeCBF2f2a0b477a1506D,4283.582443335
0x0A3Fc1BBB5461b7a37302364e4cB959bcEeC56ae,4251.138485344
0x7213fbCaCF777FE3Ae752450fB98042171a4F234,4246.712020549
0x22F27313658ecFfD3ac6C6310F1490ec5e76fD46,4244.979561886
0x31E94930586D0bF0C0bcaB096A270970F67b607B,4223.907487424
0x6b25efaafaC4738d4691aE0d6959d4E892F92911,4217.679807658
0x76E90611d5DbF4591f85d11b16Ed4a6d61047381,4213.893647586
0xbA33ab6B857025240111F7E050fF6127FF7771Ea,4207.230999219
0xbaFc81F70bf31BE56f14bd5B46A774C1c14D4AD7,4187.878710957
0x91EDc839f08Cd6Ac602cA13c6AF7C6f2AD78E5fF,4154.672244447
0xaa8B48C5D37F748eB3d19C1377477ee2661508Dd,4152.020374315
0x3d4Aca03A0325049Cf41892776eab42bbE8a8BaE,4145.685308228
0x02C64Cb5a655062d08Ca7cd07f39fa7999EE40f3,4129.866465257
0x0d60959EBC72F58C06F57892959B54813f2dBeB2,4126.634318053
0x392877c30E289E086a60d267E7566Fe1C06639aF,4124.130634707
0xe3e0782A658c7789546A711B06f5d91d15533200,4066.648173596
0x99845005e6Cbdc72034Def0aD5f7229c0316af5B,4044.701261269
0x599cC503bC8762E28CC7f9c6c75999A0B86C9115,4037.384308458
0xd51c37F811e72cB565846E79d2Cb035FD43Cb1b3,4033.433641995
0xdE3C91822324bB5D335Eaa36F6064bEf7d69bEA5,4031.289644770
0xf8B679a3fD363c2fDEf50400D3b53F4B2c1443bE,4030.417988904
0xCe1d6200a841e211896A8aC3412b0fF9802ad2fA,4011.116349685
0xeD9621Fd7F3c19dA4c0a1992A3135E03ecF5F287,4004.342014779
0xf61bb95F97BCf6a5521E174a7db4928d92C9cd4d,3997.997984747
0x150F94cC056D16e95b36EfCD5FC63CF7A0061109,3991.948601974
0xa947d23099b99515b382ABf7A24c14d2f63f9B89,3985.750440814
0x7C7FA5929Bc61eda68F9e4272a366D47fE8d7Cc3,3971.095434346
0x155A6De283B2EDf05a78C9B8DA2a356AD9FffeB1,3933.577162662
0x37C82541Bb9d2ffc7e03d3104E4C3E33c7087514,3933.968256951
0x2E4Cb48FE2B2cAC9123414A0b2A97A66A51c6427,3924.918063328
0x97fDD4b9ecDdCe3265695c8AB91e275C17f8F0E8,3924.250241643
0x9C56ab38AAc15aE3BEFc43509E31e225Ba9a43A2,3909.660722120
0xf6c20174561110eAa9daC001eFbA03EE0b49eA9e,3900.798174004
0x8d786a808657cc03238eb72340c0a1D3a30d64C7,3895.192125664
0xdAE152fF86b7EadBD180d43a484Aa3641937FE21,3891.058578930
0xdd9FE3B75939c411E31ee201411d923C165988a3,3876.000445960
0x0B812C4Ab77C9d01af2164206d02D4D4f4238c32,3874.548803594
0x12019b564D2C6673e98D0e98c91F44870600d30b,3874.374655924
0x1E4648e53ec4aAc5C2386CcD122a579f5675C128,3869.999986586
0x13D39B8A169D4A0216c51460CE0d357F8E11426c,3867.461552030
0x0d161bc2640B62e9cd8d0322172338a4BED8201C,3855.484086744
0x7BD98B397A62F7ADe6BdE49AF4a3478cDfE141C3,3951.032481939
0xDE58024BEF95847bdC77b8b1f64449B93e0aa06F,3820.449662987
0x04a6b9a400519046a2ca5c71eE074a1A69e13C17,3900.628634366
0x2Fc9b2E01750CBB2f819301DD72279b0629079ab,3807.083040002
0x2284Dd3Db185548a4Bf5f05e6CAb04A00B0746E4,3810.399212700
0x73a33C752f1F32b3346825769722b98729a5534b,3805.915990688
0x158a671F5B062c107Bd7aAa9117F7e9db995dD15,3798.781011383
0x3BDEED335C238D5daF6DA764fd678067CD6c4E66,3798.444536901
0x8DD56e2177ef082D3ef5C8D9bA7bAaFB2D95e95a,3792.965478935
0xe319F00491C355f347FE363D9a5c7A67d5c0F618,3788.239922084
0x00a115892aBF97F4bc8cc21C2bE8417AFbFe31Df,3784.877806550
0x3436C7df28B13612A0e38d921D555F7479246f44,3771.598009872
0x21530CA20632085E0ef9EFa28845EEE082BC6940,3758.857275662
0xbC1dB8bC3fB37dfa2af641d00c67E3dccf831e7D,3753.496285243
0x56fBC4F4805b07d0dA0B4B87720006B60A7dd74c,3781.908533135
0x25c53466f3D25BD3f480fE41d50B5e6cCB79b24e,3704.524583827
0x8DB9870236e706C4127fbF54f86B4f37d561b509,3672.985208692
0x24CA65179Db37C369B9E2Ae8A036CE7A118823e7,3666.413895177
0x25f4d21575998f1Eaf30Bcc5F8Fc981661b3B5fA,3655.667633172
0x7017Ec97b754B2396e8fE15D9838E1Eaae4F0b6a,3646.934656123
0x3f634e0f97f0A671621E635Be17BafF3A0de408c,3616.267260348
0x29113a2C60dc764491f9314669FBABecdf2Cd30e,3584.769305940
0x37f07ab6Eabb0a238fC7Be859305E7fF343f199d,3569.396124759
0x73eEB734F39f440497c9868334CA2Dc1AfF0f91E,3561.434189546
0xD6841919A4d615e18bfACC1f4220b6bFDcdD9415,3552.773080158
0x433b05a27953557D64E1a0Ba7d42Ed5A9ADef486,3550.204664888
0xF0E1157133596607caE0b8Fe4BFC73B7E1e8400F,3542.910278455
0x76dafFd9668005617c688554446Ce2109eb60CB9,3527.843607817
0xEe89A45070D9328239DA9C0aE58EAb0D078C4F4B,3520.969583241
0x8fC107a0175c628e5bE32980C517f9B82Fd6962A,3510.992068885
0x841fA52e2ac076415Df237A5281bde301c4Fa866,3487.168760960
0xbCECf938F0EEE686d0f357222646600389Ba13CB,3452.744615617
0xa833f8F635Bc682ff54280772F40712B058494FE,3663.878024950
0x4D67B6b16d64612CAdb211C18c5f368b48fAbD6a,3431.088457952
0x7B10ee3BBA3f1ba56a52f05489290E0B279b0a46,3426.257739977
0x877B959Bd861B514e4B23B39026Ff3462a2Ebb76,3425.471419806
0x9Ede4A9F31E30b0995D184cf4Feb9E17F2a773dA,3411.128771357
0xFDF8d9DE0e6525aB656B003157Ff68946E4f9996,3393.539734353
0x3a4dBb219c3a1D9449743E11765810Bd3C1d7f21,3384.266436373
0x0580D98F85C3825Bb31f80eFad46e7452200238B,3382.904076211
0x4291D6d08F046427EADEcca3f56DDCA3baC1e402,3380.831232675
0xc33b783a5e06471A8e80Ed4Ec58933b07002213E,3379.718125203
0x9cfc94f4E8785a0b91BA664dF2eE724C0aB8a32e,3368.480277453
0xb2611c675611f36d393Ba6eBf82E88B5F8842136,3423.254845366
0xe42feF5764751599421687Cbb55feFdfe962cF3b,3352.657654452
0x2fc89D16a2007ca27b6bD3384A223B9245698296,3325.561622807
0xa4AB76b25f7f9aDdA1190Ac841994747FBd4591D,3318.388483318
0xEA12fBFFdb32dE053017378761aB5d53fbDDC9F3,3318.154241548
0xA69B1601bC55cCf5F604be23d6Da77Fd5833Bb53,3307.042236379
0xCaE32D2c2398cE22C0DFA691017F6d4ccAB3B3D8,3304.179147514
0x0791f6F42a4d479Bd9A43a8609D919C2d7554e74,3284.055051016
0x53535B2e76e5c28385979A60e4DaBC7feF84C89c,3282.902024803
0xc8B4E4621c3b54c239493fb8e94d92ccbc96AB5d,3271.529731176
0xBF404fE9fb72dBcf1B282BC666DE52Fc37E97438,3269.305947562
0x3eA59323D84691fbB87D8061D35a0E13b841F128,3247.647949041
0x8DB653382E24184a33555f77C18D15721DC0BEf0,3244.579063135
0x4476e186245eB149a9c100A4abA02f471B9672B8,3244.089442829
0x2B82A66C9A4cfbBD93C8B43dA047B5cfe465D6b3,3215.798908970
0x4b3F85c4fFf01b8503933C4A5b1A3066C6033076,3212.401846759
0xCe9498A1C6f7265A6FEd2170ABFEbe7e97B5c18e,3201.768369594
0xBDdae6634Eb750d0E23aE32496a220fF35B8eC98,3192.340828111
0xeBec06C02485b76181c37Ab6B5F5BdB78517742B,3188.937856289
0xC02b18d5e8C6a000395eE5F7ad01669f6bA3A7e0,3184.435544814
0xD7A448769aA4d8228E2245597350256A330e8B37,3175.922521198
0x4CEc97DaF6F15ac1e1Af4424965551B1aC3a3b73,3160.783446562
0x48Df87bdBB062a496F43661C6e2e86f23Ab86A70,3157.239400166
0x76b8efe9f0B0a926DFC3c1eD4203d5Dec919a558,3128.664904736
0xCDb7c0c07F37c7294Ff1E4d00E11cA6Bac434F5B,3114.338975794
0x6023b7417d89efE69828ef60BC7D254E6AB59Ab3,3109.767584897
0xFB5f7B59e1E78974B1D29c43307eaD50Ef951a34,3106.650645674
0xc48E13a1739db6f53630cC878f8b0898bDA21Ea0,3096.730653477
0xDf4b0c8A6C4A3F227bbc256CdCcf84b60C15a899,3088.775792524
0xb40fcC60157ec99Bdd064734331d44cA300041Bb,3072.934537099
0x02DC322e5173f663c6d7657F789492A6aBF40140,3072.183684584
0x48e13b520E45530cdD6bD17978e7a335b414D654,3033.318684962
0x55fA105B2283FD7AB55AD8C58FbAA3766e97d653,3033.249781618
0xCB6C34F4b805e7B2cebBb7e4BA7c3834C6e4665E,3025.430129393
0x2B5E480Ea93Ec6D22CE22fB96757add615066a78,3025.028979864
0x4F59d603b9Fc97A4A6206DEeDA82c0d421b37Bc2,3020.691364064
0xE7CfE13471c279Fd3F4dAfE90F8cFB1C01967e3B,3020.622095592
0xb2B919267c4e9AE88f8777FB56b1568fBa1cC42a,3001.426986431
0xE311c3c7A0Bc842281178b7417f41b114eAa7055,2993.401078211
0x82484F2E312C36D479fc34Df36811A36942C2DD3,2988.330543377
0x5530f547ABC7A9250b79131E105d9e41813F02F3,2979.614633458
0x91C5E8f2ee4fbf6C190907F707E4313E4015d608,2967.451980220
0xB72Fa80550744C7349B09c59c00295537502af7e,2953.462195837
0xEfB47f5753b24dC2D32c8FE3f79ece1caBAa4fed,2949.060650643
0x99F93149EceacDF1e1aECd75F76d83dC2324201d,2947.143189009
0xb22544AEFa618Cb89F9bfBea7905220e5c26c99A,2942.376437011
0x2454281ED0957e351747b16524c5a61833b11bA3,2931.752712298
0x128e55887Bb1dcca34820A03a2087E5192594E54,2926.043939707
0x2c49137aaA0D055ABceAdFc6c54EA6Fd99d17f74,2921.266027545
0xA3E308d548a31a9fbF21848f3C5bCe3D6A5a6A83,2917.450541326
0x2cAf64e80c87d1Fdb5fa06910266A4197Ad3f261,2904.363157065
0x8D294dc55799cAfcE3883820DD98110897af9F7d,2903.903552305
0x2be95649311f15c0f09Ff186636d454A9D445De3,2886.181232233
0xAba0C944483D67808B93b77eEDEFf4295B6e7f84,2883.532844054
0xaf9aBd70504819A2F7CBEbD6C3Fd6d6af6D5FFD3,2882.000630983
0x4f31BB3976Ab0A333eaa3FCD3D047Cb1dF45816f,2881.385712398
0xA069b53a4c3618408C3F7EB8c495EA08F0f92B58,2871.987857213
0x199cf8929B609e7e948f7393464Da631319AF717,2867.492168707
0xa0E82924A8BA1AF93B83803CA648c274Be36c78e,2864.788654633
0x79D13e583d0ebC2268189B1587e03c5B7b674CbD,2828.952478650
0xE9654A4b752E2463091144d8Ea4ae1a6b1755f33,2826.500522689
0x6670936f07Ed18B41E1B2702c11A8f6BC4B41DF9,2825.738882353
0x6C84eeF5b1BB011A277518A48AE9b0A3A3252a3E,2809.354654554
0xefAA856CF494E03f669A96cEAe9a8b14EF293977,2796.347457496
0xDee607171dD2B1B2e67cE15Cb0318d8eB3eDF94E,2783.458250177
0xa7512EBa58997d0e1c94F68381A77797728d9909,2772.854766084
0x8468b22BC670a3082Da1Ae1034518eC5453c4765,2760.213015237
0x1CEEFd48a079E2891b168CCd216B7A91247e35D0,2748.235871140
0x52323744aEbee237E58B8B79091296e633b120C3,2742.405125081
0x0Cc57B10C1383855050493F54a5759d196f5cf0b,2722.568085816
0xC436863cB7431e2692949Ef4266035F79d588167,2714.425162873
0xd4586C8c6f00420F5C4890659ec225968e815aA0,2697.225667381
0x443bdC3D5f408a3098694A80fE7a5F0fCB3A1722,2693.221481737
0xc70562edaBbbD0d187B5Db51cea3Fd8e161970a3,2683.801167125
0x515C5DA4F31C8CB85Bd86A92C2811959d064B8A4,2635.979219331
0xA5167D5824a262F1EB6bd2598037D69Bed3D11eC,2639.387264184
0x3834706d45192ED6f22b3cC443dcA22559ab6C87,2630.326402213
0x4D43a0AEebE088DC4FDFbc6984d76402df97453e,2610.734648273
0xaeC46fBe305976e5A7b4c328a1cd65570B4c02FC,2609.107996610
0xecfc4F35c62de75741B754ccFC67B0C5e88C249F,2607.713952034
0x4B71c7dFdbc794721C5d0C5Ff637c2f5E44033bf,2607.342117897
0xc7774cB206e6eE1DEC62fC4332B051B2ce463E60,2589.787845146
0xBBff5D61508875035aAA73ccb4a4B387C678AD82,2740.362192371
0x69d7F73fbB66251Cca7B2Dd354FB118505Dc709b,2582.045288454
0x239437c8aE8C982b61826882B8336E9Ae8D78E07,2567.601223798
0xA7a6cfe93c0acA476b4Eb59E7125F44043b7f038,2557.622485905
0xb1478B7b1372f829414F2b3FeaE79bF56f2Fb2D3,2555.102476130
