0xC0C0F5F26434756358a8589a269262b4663d51d8,8084257.764030872
0x275C76aC2471811aC0FD69Bc0F18629A39dB7CFa,7391584.62249772
0xf58d4aAf7514d2Cb351291436146c4DC0790B4E2,3683703.108356207
0x0F8c67B52477d19c52bEE88805F21D5dB4B05978,2590074.650396601
0xf9f198D38fDaeBb207FdEf47d56a735575BCBf07,2248162.345389629
0x4e2DcEeE5bAcd641407849eC83EB2800fC0049c7,1955716.721780733
0xB1E026843381f36a6A43Fa702De0305CE06006bB,1702000.908865666
0x64144906d4747757C546FE89c363172B85AA4fD7,1638264.009173736
0xa85e66fA3F3637Ee8695D82c9f289d8813f13d0b,1618667.102996798
0x2D3E031A2f6820c9BFA0187DA6d93dB1b20D28D5,1571782.726755017
0x630c11502289DBEAd0C595714CD2a45368ad7C1f,1541860.898041785
0xE07A6a19Cc6a24FF069f84162BCDD499CE4B4888,1529720.667910615
0x9d2424BDE9398E493489329510e44AA4839A865D,1442245.131939951
0x2331587c96fa5DbF67bf2C0f23809eeD3e620deA,1400219.772451206
0x3e7dC306bf3E28D5BCC95F2cc079688dfF7eE330,1383650.275436821
0x76cF0F1f41a831946a94C04e026dA3A41fad3D28,1380004.491842034
0x138fE624EA4904234cD840F30FDDe0781C2eb10B,1300248.029318073
0x3D0d57Ef7A89d60718B578896c67A086925C46a6,1295424.315902733
0x7609e420CA0e83E0dA6158ff89fA999684342D7e,1253945.369181149
0x94F344A56344B65B63f3c1941BF1b94EaaD0542a,1232136.664347585
0xBE041ABB1BAfd8Ee589600981186CEE98F9c8B3a,1206324.448924521
0xd411ca114B76A5b32a2Cc7fe84E085C356faFD32,1178472.56834849
0x606e00AD3529874CEf7Eb20b7CA0596daC0A45b5,1156031.886301644
0xecd2F70569A04829Acb9Ab8a713DF1cB8f168873,1126816.621759419
0xF38985cfA6d400b12a2f4C740cdf3203752700A9,1124804.188348086
0xC462e209Afe55FCE95dE02672abfE8320f45A01e,1119507.088191199
0x09EFA8959C8A73463fcea4166E9478f570bCdC06,1052832.732717068
0x0Fa4bbE5199743a0eD01EaF1577d227E84E35DaE,1031860.133594676
0x0efC40617ba5f96a8210aEc96bF6469bA0Dd2d49,1019287.890853044
0x771764C679FB670948478Ac478E74A7e530D25aC,1012489.146551015
0xDCA2ae9C33868C4FBb8ac610424cCcC827c7E303,1000000
0x9D2d1ad078adA36355D729900512667b0329e2d2,1000000
0xA8e18B28467141848638D62acc9d2f733F14FdD4,999999.648998963
0x20Fb65eF9f974aB1Bd8e19F39a43b2237e3E8a1e,962892.849932898
0x403FD6E32eA692AfA4e1483e79430E7f37c74E35,928573.531552945
0xf166c30fF43A0CD0c1755B8C98122dBd06f3B70E,926239.62709933
0x4BD3d4f3c19bC1090D133B26BA3E3d8803FF054D,835826.020954219
0x9a8Da3ee78C59e35faAB1d233F8cB06987B7357C,833682.004084082
0xc9F4560b18d50F0FccA978960a2Ccda6E2ec9CA5,813331.767447553
0xfcC407cd16654ABF5255E6f407EEC5B24DDDAA2B,810425.917550679
0x4aB90d66807aC00d3221135DA0c3BB332fC2f34C,789070.166859668
0x0826f764Fb4856Ee4357d6f7AbEea8d8c3E4aF6a,762243.454224892
0xA4f644567C1f63c94A11914fAaeda691763eE05F,759750.764874955
0xCbE6944BEe1D850e0EE0505C94AA9DCAb93CD6f9,750827.271227372
0xb2c7178B8D4aeF947b354DC6026aF71613A9F051,725000
0xB5f68A24323cC537b47a8D5130bE0F2bf7447795,720798.35622577
0xB72A08A88bCF7c5aeac32758899ad03Ce7B6A537,719303.833081665
0xe32c93e782AA88EAFb458C95eFfCe20Ef05d6870,697667.224814578
0x8D1B260D0213b9ea7751078E6E8bA9869c54bb70,689795.887801754
0xFba1463518bFD0a64467f4aBe47cee02d8d7a48E,678513.941502225
0x07eC93FcbDBB2B2FC31ef8f05e04cFFC14008A22,658342.175025919
0x10F8Df2F1eB4e5D37E4f1c41D30576E942f87e77,645285.56239951
0x7BA74bfa4675F9b338048D8FA09567B94C246445,631278.852478396
0xEe803D7E1f3bc447a87c81F49080e299998dCFcA,629722.832329941
0xA2Cf799F9d26323c341E0C6a43D80D6079AE54ea,613747.869367586
0x20F18aD8D29EaEB9869F2148cc06457DAC75825D,606650.394504504
0x419fF4c41147802f0B5EA9bA517a197915D1BcFF,578206.316047476
0xe604f0a61ED9a1622c31b04677a183638db0b3Aa,569671.603965846
0xdFb5807356393a2D96BF7cED619fFf212653cd5e,567661.714256293
0xEcF3A9E1a13951C9b51C65DC566018aDC2aCf941,560243.653787078
0x6979e4bc97eb6FcB576d4866e0266EC53dDebCB2,552398.600717316
0xbBb141078E3DdF6e58D0296186A46922C6468308,536464.111333604
0xbF8Ed0450CA47b6d43838f8F042486862EAE77e1,533448.109933304
0x894175A725B261B29BAD06d8E8Cff425B0A8a301,500366.399773266
0xb0546139c94E4884a9ce53f8318D899be61D558C,493394.0910126
0x1d32587090229b97cD71d98CAf32307EDFf579f8,489263.133518316
0x2c006b42c638F54001420F4d9c1939cAF4E3d60b,486951.519027868
0x45Bfb629B558fc9b9baedeF9502B06FC910b5Ec3,486099.271537555
0x712e34eE45aAca72Ad2e788F3cefd9f44FF614f7,484061.633578306
0xa03a19D8f6833fA94247650826938527b2E89080,481735.532665401
0x678427E27cfec5a09AF757aeb6D71Cd3C3BE2a5D,478788.099532672
0xe0409fCC82CB23f4FBcBd8C07cbaAD54FB291A73,477454.539306758
0x998Ca63aE0e5F8B13505eAbf427AE535517a7658,476658.299137227
0xe9da7eeEBb27fdfdcBB5dea72c67F8587A94eFC5,473502.653643715
0x255B8cd5DFcDAE66d1EEb7C5E92618b4371Ad529,467158.917792443
0x37E4910d0F109332e102eE521D2430E7A8Fb8d7d,462513.545739376
0x6Bf53C0BeE8a8Aa7c07077Cbfa1B0fF4338B2cfC,459584.496733295
0xDf00c1cCCABb2935dA4a9E1882B05FFF7B33731a,458473.388953663
0x3387e269C94039cD4c585cde290c65d85c10Ab79,451841.377991787
0x502b9bFC93140270C059289C71890baA31616be1,449982.062642437
0x52f214E7a8d2E7B22797753DBc14dFFFc76390CF,446234.487988549
0xDcbC863B1168C5678225C6476F16d3E7D12E2623,440781.546092591
0x1A2f46C93B18683659821c4fC4127189cFAF6E90,435147.719566513
0x8E2717A3d014D6E1a8e3d1ec8C34187a238D495C,413471.41300605
0x5F3B8A1c330Ab2d9DD4aE38Ec510DE7038D04B7c,412795.372903224
0xa616E58DB9b769b399022a380763C81226101911,412762.482405943
0xbBC8A48b604621280e02df787DAE157a10955e57,409916.061961442
0xA9fdD807Ab800c2F6aa8B4AECa7BbAe9d41D5194,400004.980097541
0x430f0651258875b55d7450De456c548144813ed0,400000.806513162
0xe7aa3dF6a0751742a220Ed50463EDeE262D4abFB,400000
0xAA397038EEc0F108fE30bBD1744BF90bCBce2873,399327.878722255
0xB9108A72e4c3e011DF89c4026C5bCd12040CCF3D,392667.945085481
0xe9eB905D10Ea94DFAf60487367BF4344AB23c445,390623.346779483
0xBF18c8Ad0bbDAAFc4a478C17FB1349A01aE85b3C,385822.722399384
0x2FEEf2a1B19247a9f4FFA29B5Bc050F076a56cAc,385166.766697892
0x4F88026d914dDfC30a28e4a488Cf8521Cf735FEe,381833.579942759
0x92B61e97d2f0cC52De14Be88792c6e116Ef52F3b,376959.465116565
0x81eC1f2e7985db6cc30B34E2e1fA6675C90c9be5,362117.140437314
0x5e08BBFE80eC4f19d1494aDcbff123B444198680,359449.621868442
0x9919a05Cc4B1c3293fDF4844caAf6bb8F8176412,350000.003570946
0xcfDe2c61a9b5613Ce9E1bC5306c4A5EfE620B447,347674.762987617
0x54a7A99C6938522A34edb427728832da7bb19fEA,340753.132725717
0x1b6ec896edb01d69e59750B08633D0E3e51a328f,339504.949955481
0xA37DffA3525157500496F2AbcE5fd62EDcf03240,338409.602163167
0xdfefA1653dee9eD586c031ee0692eA66C7519B1e,336603.413031583
0x203C601Af2Ac565c6da67f6e3b61c118766C72cb,332903.501679022
0xd5e11A717aD2EECd65E23AAf901175582719E33b,332021.900505666
0xA2dd4c6137Eb19a6Ab164810390A18A60c98AC45,331472.602661252
0x66dd526606988B52eb24e16feFa37a43b7F36429,330354.318710619
0xD052112E76a5BF0E224e7E82d5E5535A22411264,316204.757755511
0x4d22d4e415D959CB4ad56899c81022A9F748306A,306943.360480359
0x8B1cf56d5C77e6143dE46EEAC9a675D7740159a8,306647.613536363
0x22138cA3e81B52995D5699143c6161DfA078cf5C,306166.595823238
0xB1D064cdba5CCBA8b4beB7142AeAfB8551940a39,306121.603361849
0xE52764C90392c24559f823EA8aa6a04DcB1b65ee,300005.596519178
0xf8Ba844AF66387C3380E4E5B100b551de9253131,298155.964862454
0x1015A5E99046C727DA3FD5bAe2D25e579Df855CF,292608.343348255
0x93E6FD7c12298c6029906b8EEC1b2e2626f2bdC7,283129.630466646
0xf478EFDf47cC71923a870afB403A0DDe325e4bf0,282037.974550216
0x5bc60Daf8f0E06bC815C4F8f32d08FA5B7947FfA,278673.241828318
0x73cF33FDDF2B50D00b4A412F5a86dC352a8fcCB3,276984.986075966
0x79868e7c3Fd0BF6f88f6f09f625d2d2fE30ef051,266947.63210349
0xC2737f8B1Cd1Aa2884c1a3BeeEb8001f7792d9b0,266811.123072683
0x8bFE49337f92F7519F4a5b390D44084637EEDEe8,263617.340847293
0xfE5635fbc6c84feEC087361704A814753DB59d34,261236.783534358
0xA772c4fFa5FeE728E76A29d7061DFe241D9Bd112,259183.299563101
0xeDC43AcD8D7b6c81bCa186E2c5114187b466a3b7,255454.357975086
0xe9917056c6Fe1E23D528f646BabfC2c166227636,252667.345300207
0x6d7fAfe221D0048B139501d2A65Bc44c61b48152,242689.687606654
0x6789e6f09eA0a9BFdb8069267D8543f673D058C9,240775.505885584
0xD67a3850B4164f0A3C4eD2b1C318BF6E245946B2,231950.037841486
0x7638675b83E664C4BCdAD0744B88488b4fE03378,230838.176902052
0x22D378f85f640c302d2eB994663e800B9521d14D,230610.744073836
0xC56e79611bAF86F61ccacc7f6a55fE96Ac34E6d5,230145.549600794
0x31e21C9cE2124c3a4435faBc8d2759a6df474eC0,228031.865508416
0x9096543Ee2D269314504D23A5fD0f9ae4E69af64,224563.384295713
0xDBf10a4D1D71023aD76479B29bB0E221E71fb905,222040.690576807
0x44D617F3326B38b5b2bD1e7795736A7D7B0697A6,221439.115319522
0x3315d69697248F2846c22fD929fB20F936F65181,218933.058336044
0x1608e58C15336E221A417B086479f28023Ea6B14,217541.596154115
0x874C08241190A886C1b3dC92adc9dFF8871951B0,215614.729599543
0xcdeCCbf9a9FF1699A731f81520321b19583d0d3a,214742.675590507
0x851E361e479d8a7E310916EB17Eb70DeB85857Be,208133.217533656
0x076A8cbEa29fd635B54FD60d4FAa75E0b947DD5f,205438.992062294
0x62FaB46818F83BD955C4d156cd85D8eaA092Af05,205022.923929607
0x99d62D00bEDb3114d377339D276FFf1eDB1bEd69,205022.401373961
0x545795459b8E530Ba8A4644E5f60e034f8e197D3,203707.091142831
0x0D37D28c37210D31F9Df7CAd4a7DeB9aD5AD9819,202468.457266644
0xd4C9a8A3e63CD808576A91fFA6c62B1cf4259bb2,201384.11058558
0x6FdC9169c9804770aaFF38e5cbc7627e475214ef,201352.572809757
0x485A86055dB06e1dad9Ff7Eece5324F362c001a1,201115.919744439
0x50a5496A25426191493B6E9837697Fa66ceDaF6C,200001.742765462
0xF140846598e091186D14f6bFbC4Dd76D7652EF75,198239.48000934
0x8c9a10F2D44176A16B68aEa7cA4CbF85C74d53CD,194366.340451512
0x061cEfe11BD71f591E77E1DE43d13024Fef21105,190055.754955224
0x30600f6555569d8043e79f86271ce617be3B9145,190000
0xbed7b1cB1126c39Dc19e0E95dcEFE4B81adc7256,184826.704691603
0xf6824d59024F7bb17F28b5092B620591d2ca93bd,183875.774359683
0x45E765BDc56e7C8D6e8124a41B487c0d8750C8C0,183521.260797477
0x588534D666cd34eF0f98acF9AFB03A5c327A5AfA,183199.272621992
0x048e916eD9f39C0af655109A02d947dF94971575,183142.202107021
0xB377cfD600b665E6F96447CdfE60eF4D0b8d20c8,182121.454229654
0x8758B6c645f4Fb4f85Bb50cd606a4fa318408Ce5,180944.522684702
0xC15FB09587Fd712dD352aB828FFf2F368f3577FF,178938.043306712
0x7D6720cB6cFC05217c3aF3567f46bbA910924Ea6,178877.965864229
0x99B2d47B4D1029322A960ad7F741Ba2F27bDdA0d,178189.59364556
0x95eCde4b395952Ed9a9Aaf34035f602aF5b99EA5,174435.962332827
0x128e55887Bb1dcca34820A03a2087E5192594E54,171264.838604283
0x0a589f4D06E8FC17BA2c248F9c7E657D4c64Df31,170070.021547573
0x1403E32B0627FF0dda84912007Fca38E9294654B,168740.781453814
0xCe1566a3C261327fFDF144CD2812893f00677d77,167729.996376874
0xb821964429f44f0ED62fCE049DeE6e33cce0E46A,165000
0xc92a2cEc62991B6c61C449BF1e0F2013E03f872a,163976.375306569
0xb47a1786CBa5B067347A26beF2A79a529318A688,163512.517584776
0xE58fc1d1a84752Ec5F9A3327D822F4f1Fd9B4312,162851.947983568
0xa9b6C1B4B8278867f66B6e75Fc2E60718442d723,162553.583357952
0x368930C56772452e128Ca547f89098bB7c766d38,157969.335667751
0xC0b1399b8A7db4152718fD356A54E7E599Fe0CA2,156794.601425211
0xCbe64e29D6Db6b5D60Be227fe0e7fda7C80611e3,156609.80721584
0x5E12196A1f2Ac4c71731200DdcF9F127Dcab70b3,156068.100632565
0x459C8C1B9ed20D5d5A27E28217D88892CbC4AAD6,155637.12225825
0xa5aFc3c7418369b04956B90797aeF9718424817F,152997.553075945
0xCa8Fc29F10163A4Cf4AE280720c1bB708c85743C,152877.319530297
0xAee9299a6923B67e3d29e6158dEc9AA3d21B614e,150688.865138496
0xa45A0456F20636E99d8dAc37E939022afbaa5626,150024.500639822
0x6A38c7340e7883432c3e3280FeFCAC23bf7E5916,149939.402795514
0x4Ac5Df8f19990DB240d1ba400f3674eb875B3759,149822.627045402
0x7E2156B0AC1F6372f746A8c7BbC733F8422eDeB4,147349.163111521
0xe20A337b94153185dDC53FBE45768FB881eB9b02,147301.285917747
0x48f4d1407a29c2Da55155374426F2aCCdeB503e8,144712.354212427
0xAC4F13007E768D3c0BA30aE18FC89bF6d86F29E9,141315.981982152
0x2Bc905AE6327e9cF01628001b67bAA7950712A96,141057.829891752
0x5cCE194B360cA980F992FAB74354aaa71421A921,140958.630058199
0xa947d23099b99515b382ABf7A24c14d2f63f9B89,140773.534734024
0xc947791D4faa05383Bc554150446c89e0A7C735E,140087.251085316
0x91C5E8f2ee4fbf6C190907F707E4313E4015d608,140000.182460703
0x6e0A5470e61ec7E86899c91361Ddb23126f4Dfc6,137451.621689334
0xc8BA482D10299a070bBe14d8A6dBdEc5a86f19AD,136803.314191654
0x5f61a6D284289A30f2dA660F5Beb6C35879D8aF0,134345.438252801
0x74Aeda21E46C7B2B9E110E404CFb9c969Fda3263,134067.446828867
0x63fc06b1C4De95f07Ef2B7e44Ad862662627E840,133764.802442198
0xA52E841380aB29621B1C3B9d3b933e64Ef56e268,133114.318056792
0xc419dC6Fedf7107a2d418b14A6730Ef55e3C430b,132875.297384331
0x88A82eD7b6F284Ef8bDE5Ec418DB41e29616a358,132816.146129644
0x91EF4Cda7c83FA288C93Ed332d72638caa2F6D1b,131432.385712086
0x46Ee744F9fF066a109b02D47811196F2E6355171,130432.582609151
0xCfD644718fE751Dda54AB402c61a773edcC23Aa8,130316.930194466
0xD7da233cBad878FE02079dD5Cc0CefB888a5C06A,130047.284737955
0xc8341e94b4B24600119c2a6cd8Dcf5daF6d86f6f,129672.540245399
0x62e2E8ba9a13aceB0C5d2682FC884f74B3c8648E,128165.343299431
0x4514D73cac610A842d1d17754d7842164d98d59c,127101.480024394
0x38654F2C4c5a2B4875d6c25966eA557517a45E96,127004.157998258
0xDFAF7fB8BbCF6094118f06810E4de3aCf83E876B,127000.058811039
0xa24B70867b6CBa9f6A4011fF0c964ff7e6F6e25a,125077.506149797
0xE21ae5B25b2DebeEC3dF0C393026D18bdf211607,124665.084195083
0x539C1549743d9579F30De9Fc8Ae2880070c49EE6,123806.55808413
0x9384F077eE4cfF777C8097C3124f04F65bED4aF4,123570.915258759
0x89F02e7F4F08E76F2A0057f55EBfE83A474a1EeA,122376.436958245
0xc51b70094A084318Faa159570dfc7864f0b93191,122150.738375938
0xc96F723ca857E2853034AC7342B7d22b06f7babd,121110.675658104
0xA169D46B6182268faB7f108F9D5C826D1338558a,116991.821779431
0xf06B835A91D15c428B583f478e5D6AEF9948c608,116386.535587565
0x9Ce6cBA1e56889dF3a02a10C69Abf28EfA24fF79,115269.862551618
0xb1b55edb0a5B73c5D7F2D8D013fc110A890eD2c5,113604.829007378
0x4bfdD1F113f918A35c3b49F819E8f2A0A1A3ce1F,112639.037569612
0x2f9A8dBd38FA71C5dFBF33B1C319aBfaB4c8Ee53,112304.510437657
0x5F2e03acD59485D892de0E5Ca562104485e797A9,112245.610147745
0x1bbe4E7205a780D26c814790B7fA4486983c3252,111945.23089998
0x9834535685dD78d35a2d1728D6abb3913EB2Ee47,110791.256176708
0x1290fF8d016F44C129D3E05934CdB813BA6fEa0D,110712.42638957
0xe096906A8EB9fc685B4e5906bE7c898B3894c183,110623.148429345
0xe970d0AbFe60D2bacba89c89812f449f21624312,110584.943083353
0xBe9F1cF7E8FdD079B1752c187612312dEB1bcEC5,110000
0xc46B011dB362825043490f95173b783fCd2881B1,109237.60483713
0x4947BF32cC303E9B15516dD7938CcDE415c2f194,107926.195084415
0xCa33aEdfFd7469dDfbf9033EDBBC21B1678e97B1,107632.21594486
0x5D5d5E0496980DcBdcB12515b1DAc28D541307C5,105330.972
0x77fF29ff30278c587365DaF24e00a5f58cd47614,104222.773032386
0xD122348234Ee57ab2F91EC4402042C1B7c8715A3,102599.986412423
0xf5207375BE2C12dc211d0829dC42d42ee7664c9B,102043.17057
0x17e96715eF66AbCeE6963C3516936eE5EC9C2008,101062.254517578
0x22dF4e66Df6DF0671Ea4Cb10DD7A89178689Aae0,100920.642611793
0x8153ceE03353B2689f66F2Dc090299d951cC63dD,100686.544965336
0x918417607DDfb3eb2d2e8E37fC20902A72B1660e,100000.802432888
0x3eC1B156d319AF95A20018a445d5605f920E9f75,100000.00049114
0x9Ee632189a980621C68a22CF631008b6dE336d01,100000
0x730163d91F2D14F0794582f7A09712D9b7a80263,100000
0x9016440db0e19c49afb4A3D138cAF8bEF74fa517,99273.316864219
0xFd7Ec270964b57a7D208Fa7716088F8b6b73fC0a,98464.991892671
0xEa174690AA591e7Afe3Ea552837E68D15fB2135e,97942.867710856
0xe3581eAB88dbd058A5e4c38f70bEDa22d0677a36,97848.383366343
0x8fAd6982708A0E9eC8Ae02d87137eB7c1e3E12A4,97401.674556628
0x6aBDB24387E32B893A3DD5d88fB69f2788B35D76,96830.308479515
0xa9F75C8d31932Fac78d322F7b9AAf86f775e8cd4,96481.789908111
0x6E3Dd650c126A46D9fb8B80eBE825EC79388aFbB,96363.548066845
0x9343F29bb163013fF1a2BB7cA936a07C2aB77632,95270.398975395
0x853fF9e8FBA4DB891968A3CF44AC3fB62524FC84,94755.043315918
0x4ebF428D2628952663926c14849a7Ca0C097e2B3,93729.357683094
0xAdBAEcfA90f12CFE4E30700AC793f94CA122d4af,93053.227978412
0x85889EddB8E7FB34e4A07B02193F3DF4Cab8ccf5,92317.490355525
0x0Cb08Db7c0E67E4B5ca26ac0FCe053Cf5512F4f3,92207.577825373
0x79c1A9eE24B65DF2a304EEBE7d7CE9B18E591c96,91978.702884658
0x090D31260Ce6cfb9F0D11050Eae8b05e8A5b7a96,91444.268973344
0x5eF70205532aac3d3Ed0C201cd358E0AF0c0A701,91305.399531972
0x140d966b3BE6ACbb33172a7E2B8931B20a28FCca,91231.301698411
0xA10aBd17bE7b0E55Bf5A5769b0286088E34c7267,90957.463639017
0x7Da784f500173dCae581428141269585364f1429,89526.627126947
0x55D61AA093265a492EdB6cae1523dCd48A173AFA,89490.46957467
0x26251F2d9900ffa929FE45BbA1f8eF76293771f0,88751.41698728
0xf28B95EFeF6470B5488E3f0B4a209F64edf429cb,88638.237367254
0x19170564315655BCc0e95579238d38Dd2930fa54,87029.705919066
0x8a1c4DeA03B5DA7E4b3cD8D9E71a7669754f946b,86987.704904532
0xD3df36FaE756A95b63231a1284b5F06977ba75A5,86644.423679867
0xf831D21f022A3fAe67BcA53F6C3ec8972C578632,86612.716239465
0xa327450542e42D2738035d6fA0D85c96a87b8656,86382.638575735
0xCEaF2c4D8f0b551A696A9F9758Cfd79d06595302,86220.506517356
0xB19B58E60db8f11e337B6Cc27FaBBA0bB5C6Feb3,85481.973266374
0x3cC0A68B0f91A39762783642a093BEE4323925E4,84991.961874684
0xFa3dA604E1219e161d415c3FFA87DEac0A7bF0b2,84936.946778457
0xd0f196b66B4e18520BBD42181563e62f4aEa730E,84553.653995606
0x1d2194711A8Bf73045Ed37DA2724B45f003768f9,83919.670059735
0x9bfD43cBDD1F8CB92A279c0742Fd9A28eAcbbD9f,83421.630971182
0xD330F19974d97f74823D578F0Ad62eBCfC4d759E,83000.803971163
0x2CBE77AC8cCd5Df857825d37135BB75b142Cd43e,82343.956346766
0x89a15837317148E5e11b7E0c1BB5c5201937EDF8,81932.325077682
0x61c9aa51Bf0E5B4FDC4DB62d9265D806ef70a638,80185.982256934
0x7A6805c2A0e39220713189Dd92499e19C16a22AF,79174.28435453
0x7F895EB15bb78F8D9992d778D0bb8223d790C982,78943.994360151
0xf00dA8C4808974AFE46eD54954c71fC0f8A56EB8,78839.349865228
0xFA816618C601C4c6FB7245E66e75d067b7A41e04,76830.368244108
0x7e1a0E390128560b2e4393648E06AC29BA5cd0eB,76147.349023239
0x7fBD9b8f460627C686dD9253a8775a26b93B39C1,75531.018296676
0x1e028B7522C8EfC3da14b77D9f9AAF3406dEc811,75013.774971905
0x75F44b49e040Dbec91cDde8E3f8237BB3Ee951BA,74870.682937922
0x98b1FB5f4Ec92aA7a94E2D4CebDCCE2B788978e1,74306.019451962
0x8ec64001eAdAAf1bB1F91E353b034524484F5927,74260.353731018
0x6A9538208206A3b8c3CDfc662957fD326CE7e3E8,73771.089673126
0xB2CB3EA34239bc2FE0eeb966188a4A12D50407F6,73455.437780828
0xb7B8D854aD7147A431531D986c91B9780E6DF7DE,73246.837414024
0xF4E0f86bb0A828f65399328EEEf494C913d75F86,73211.741747163
0xDd38664CB29A073C7A96585e6Ee467a084281321,73023.582190135
0x2c09acC55057DB38C5f82Ea756a8bbc6a25F5d68,72641.904248738
0x85641f39FA03993aA319af0296A792ABe8f19de7,72426.496670803
0xaE70816150e72a05d8C3922CB3Ab5F44d7949902,72197.32517974
0x226895BA07F509655e6A82E874841a8a0086BE63,70458.8930104
0x9a200351360dF25489b2D95BC5B494D965372603,70429.904779519
0xf83332F173F99526c52bfa42bcb4b87dbbD6Be8B,70254.96414676
0x96f242A5d4Cd3D98EDC8380AaC92951db577EA4E,70000
0x32FB8fE8c890C5235E92e2d0d9AE56e824341632,69586.570797599
0x2a57a7946a27D201FfC53d95e54c14D218dee9C4,69480.081711034
0x707231b8124046172e7217F97D66C5F169A1b1Aa,69161.197437666
0xFa3Feb024BE0325CC91c6383Af3b35FF648f8a48,68942.111938511
0x1C57E8F98048d7f57901Dd64a3E9123387d39951,68882.026990395
0x27454C3236b35c87615dEFb1125792854063f8D9,67989.521096558
0xd73495bE28699C3747FAF0C3f56A836790C4eA5D,67501.255654225
0x95971ca1aEAd44e0D76429269b81F54c81101C55,66991.10692141
0xAb34F8af1a35E8eC6faA0E101CD1c1527370Fd1a,65971.070340945
0x248473020F3dA9989745c69C06BEf7CB74699F64,65937.771098168
0x7af73614f3432bc44ADBF0C4e224b2088851e29d,65266.21893518
0xd1EAb67409768Aa71a941B865040cfD65779fEbb,65000.995300684
0xf24FC56FB49B4bFc3D38315889d616f62Dd078c1,63877.261947884
0x622a31E751c371731c025928fFae56991B9eBe5d,63510.065604435
0xF1921c5D25a7dE3A5d2B95Df5A10E0eCEc5cbF5b,62725.358603114
0x02c27353160a534E86D514A4c3e9f5680348410F,62638.085066914
0x88F3abf27c2B53480240C7209d160a6136F4fe23,62603.011446029
0x56236Eca9f46a6788700367902F32dC85D3ce051,62374.203992109
0x953A347170e8408d88992eF9538E93FbA7812c5D,62079.369783982
0x3f2d843DaA2aF9A31DF1E7eC96F16b1063eAc36f,61955.354016975
0xbA2b825d48fE8FE65E713EE766E13B27510c9e44,61507.17067055
0x7734244be69a630108eAFDb333D0019455b0F3db,60878.365253921
0x0C14cC328A59C2d727981ce800f5dAf67D381441,60472.778363173
0xbfc19510961cdD7ae6bdC4b12D7bb5DDe283983b,60321.703059476
0x53eC0e1c079461037F672fAC4563ee34C356E53F,60079.162379433
0xC6Dd218667485cF419B11662fC7D31dB403e6375,60005.805535301
0x60356c39fb62C03Fa8d8122FF98eE2D4671A62Fc,59975.948138393
0x9B6eEae31fC25f890B5b906c00ABF32362fb2fBB,59911.834856655
0xf35e37e81af668D36aDFF96b7E702f6c3Ae757D6,59528.411040241
0x2aF199b2953B48b961094889B1F1ba7266485Ea1,59357.622787308
0x7ED12E4a4C8fC1DE37b16D2A0DEF0b7757a0baf1,58975.233154508
0xBBc487D924c8b822959F43bf201d935D4e66870c,58689.799964514
0x14a4D58791d9589aA00110f510F193397A3A68F1,58678.126653999
0xB9E0E5BB04FA979107d6C90019b2D6DB4f454b26,58633.852527157
0x65242579D55c51AD3E5628A3DF7498B22C923b59,58569.322261655
0x5508f87F5FFe638DDDCEd60d0803CEC12A234c95,58529.786656641
0x9Cfb488b20ea1648E38f48e81956B777e658fF43,58507.213777741
0x7804a54bf7B73A24908804c75E1b18558B0Ec842,58263.067767546
0xea1BE4cA5B901f42674043F6777Ce9f1754F01f9,58136.237418653
0x209bAB2C9627CBd916Dd648264Afb7EAEAeedf05,57566.668614019
0xD8634aC5ebbe1C7B5d5499d3574a26f5b0490ae0,57482.678756394
0x9Bb6b0Bd8ae7F864a1086Dc3d38eE17e73Bd0427,57390.612634707
0x47a04ECA33836E43D92bfe38396faE599DFF782d,57234.436712945
0xe0f5914f8a7a5a2034021e1ee01105A0a4eC72d2,56917.806391351
0x92B567A67aB3Ea6f9137CD6139Ec8fA38a7f0116,56680.0527779
0x8a3CC52145D9c2b4336eEeeD09bC3D3DE6A8d437,56220.350980766
0x2E3D7F799Bd7d4DAdb216F991Fd15a3B557f1192,55962.517588852
0x9A9e29B73DFAab369d4BD968c4C11056250ded7c,54717.520951418
0xB8D68C0506fC5Fe16252F37D1e1fbad9988a0a52,54620.730974124
0x4cD1301Bb731B80428b0c400D4493bd4691640f7,54005.162055176
0x8C0283B1F29495887e91ee8A6E9c3199FD51D8ce,53937.807157603
0xEcc29cb1152E6dd5b75e9135739cCdA99bFB328c,53701.043499725
0x350F2a9878BC363DF84332Ca3022753971f5C452,53558.637221148
0xd3591895079190cfDeba821299C19D76797934A5,53359.103599932
0x3Cb6252E49213E968CA8e503e13a10c13e6b7149,53000
0x56D3dD1A3d3312f18831CC8144351A34f38e854f,52913.770477412
0x208467aD810478d81D12617A424796453e970BAc,52776.748017968
0x4CA0faD9595c10bdEB79F6315Ed75f11e56f2A28,52702.57171393
0x88453C27a9E9F30020831C19AE8240d19Ec338D8,52227.140061704
0x312d4852BbA43485cb816c6E8d5a77AadE6dE471,52174.195522714
0x06dc4a6DC31Bc41752395CbA97488F080d7Dca5C,52104.979917321
0x650f58B6A2CA1c0D00805ac4b6Cf15263387078E,51141.917626098
0xD06027482E6F22132222311c319b59d65BA58E35,51084.735220848
0x75ec93626dCa369a132Ab8D0937CDF129884a07b,50795.551081775
0x620682F44291BFA727e58e2A0C8189A6cecaaB7E,50760.32107802
0x0183Ef4428968f52EcE3412179a993Cb7a825261,50236.581118079
0xdac68C8d0061CF937882873b4768bCE29CbcCfeb,50213.614553306
0x336FeE381c93a9B23922dA1B32601273A831F158,50002.431641495
0xCeB2493Ed7a81616fc52d3bA1da1Cb360c42f938,50000.648579374
0x5972346450C970911fEfce226DE3620B9CDA1a68,49635.082799767
0x272aad13331e9069654888143304104bC1B9bf48,48912.235621466
0x2455251b746460fC25C959AB43c398B68404DF02,48278.911861109
0x7Cf90fDa48dF90441A96714D5De3841d5aEA3F16,47605
0xd3af6cE361f5c476a758Df1D336253AaB40B5C49,47479.170477625
0x08d7a4ebd0AabbC480e31165B5380B31689B5792,47466.410801804
0xa63E085700807BEf7af87d5a1b85f3A728E4a576,46685.818600543
0xC97b19BDEa2ed5cb5B723BDF3dDF90e6BDC78C34,46542.592152444
0xC6d26F12DB42e21E403358953A864d68B162C4A0,46444.348511627
0x635763075cbe98c4693C15e81d2f1cda442456C4,46395.469391172
0xDB72201bFf663B2f3428b52912D11939662239Dc,46359.613495111
0x542563196eA6C1ffee1979E8A8E49cE1621B12b4,46106.474858129
0x02F9aA0921921480553286Ac75de5db36BAFFA38,46020.954337674
0xDc388957DB3a16dd832AbAbaC3F1B674583BF16F,45983.556474591
0x1532B0EE5E141c97D2A30877112B4410114D696E,45881.896839422
0x37d111A6451e291ddc1c862920147456Af099C77,44776.05536681
0xF01d98be4E994429f03FE311EFA4544732c6cb88,44485.939929622
0x308eA9bd951F3177BF07992f0A91Ae95eE59D69e,44448.418047277
0xa9A05eeDA84EA0fa754D4F3801D7d78aDE91a15E,44344.395091761
0x50b449226d6B44E744d4b73BA281F8132c2b6C9b,43821.605387831
0xC5475aa51eD2A7387FD6F50a4AA203554553c46A,43444.716583518
0x3288E24017fc46dA491d3f666A82578EA58A6604,43165.137072131
0xd3599369e860f341b38e05d0dda5f259BE46daf7,42783.87466134
0x200bd04F99b54f6C99ba6D61fb8c2F03769B4787,42775.856417869
0x166Db8e777b0f7Ac8159e7F3DBefAEBd0e593075,42553.240943847
0x80DB95C65d2d3c0fc6C74DFaCC3f2fb784c37523,42512.53706542
0x50b898f373468564aA2B01755000c43e8db060F8,42356.069119542
0xe11ED31e9d1f166cD27d9a6FD7002B2AEb6e6F31,42307.582230359
0x6Db0F0472b9A4d748D348bbA9dB1Bd450BFc0073,41990.217005575
0x295d4c05c51C4fdd6493F431fCAB0Ea73d9f5462,41892.124615281
0xda18fab9f16B16f363d7790C7AF8b55466fD786A,41849.498227825
0xc5169ab982506E02AB90ddE36A84a1eD00A80634,41843.165773993
0xA38aB1d389d7dcD2F51744B1A7f1538015EE9670,41369.700568345
0x1f225e5f1Dbd889966CbcBc3225A036C9d9B7f77,41264.796652473
0xfC389C4119D1B90Af7802551f1E9F9c7167583d4,41260.666154847
0xf4816eAC28dE90E863f1f444351696378328b486,41239.188689639
0xD5Ea2B831B3163Ce54843e47fEc2A5f25ee0654b,40255.160809474
0x3C0f17B873C6aa00174fFc98889DD91b5862c734,40020
0x02562291022c1d35aeb4B1B6a160D760Fd2cD5D2,40006.726795688
0xEdb997a6b9783f2e474004dF330669C56D5Da4BC,40000.496721775
0x225AF698CbBA52aCC229397A09fb75971933BfA1,39634.716238813
0xa460dF06C2f414F059315e0561b662d07D9dbA8B,39545.050974408
0xd082e3370EDFA8263448380AB1A4585935E1A770,39419.947379287
0xBE3E7ec19D3718bcD2D25Dd50b0bB5F08260f4b2,39017.890995173
0x33896B572fC55e289a102c2796cbf745c90C99e4,39000
0xF5b1733461A55715b4e1D43E9643B3ACAbff48a2,38898.468225154
0xd0F50521A3141FDBd52AF849deE12Db7CB637Bd2,38567.617296648
0x8a988d743c17fC2F089Db6Bb44b321DafFC33dEB,38033.978933442
0xd07Bb42F14DCF987E8BdF23F9652dB394eB632e7,37755.414152756
0x399E8E3Bb4a5F6EEAD8BD6F0B964c21503808500,37716.01279664
0xc540F0f45CE5B1D7d4E0549A5728a20C1c81d48E,37674.63779729
0x8D371D00Ee73e264a7E509a916ED83bceAdEc721,37557.859415063
0x9B5FDCB3c7Ed3BE47B908a3b0405eB1Aa56Bc110,37474.800437409
0xb2611c675611f36d393Ba6eBf82E88B5F8842136,37308.507242901
0x6D20DAaC00c62774ad4fa789C0BF35C298AC93fD,37063.349664466
0xc8EbDc6766e81B1AB200347147e281D3C5cf215f,37050.630431072
0x90D54cA7d9d89Bb66a76758146C9b72f77f597e7,37036.207826523
0xe65eE438F0262fF62d50dfEc1EAE131ee51be5fe,36999.981699435
0x9901D41Ed1B23214cb4dC6c614e89323548E7C0B,36968.35969124
0x53C7e13e5a66d17387133E4f1a15B8CF2c181f98,36742.547352406
0x3EbA0247db09b784Fbca3Bb4dB5E42571d17d92c,36719.209784267
0xDa917b8FF4C8206ba84Ae5aaC056eE1dE5b69a37,36621.852879033
0xbBa9bE4F32B5b3ce06B0EF841902FE5aCFa219d0,36440.586172084
0xB3fc04DDaC6a699F394858A9b5D80885dfC19573,36298.630405901
0xa0F61Ef0d9E5459186A49fE2844924ABD6CBC69b,36209.518145881
0xeA110F33AC3AD7f4a0C295416e14A379665d9461,36187
0x2db5BDCD3330f6B01fc683C1486E6Ac95E889420,36169.872571224
0x75B76B81271991662489415F2ebfC44cc228d563,36111.464211304
0xf933a003ba0E62E2bB93412253bbEa195Bac876C,35900.857803864
0x7Afd81Fd2ad40642F9a4f43F22eA7539E9a773A4,35837.637710618
0xE5F277b553D70ed8c4C52bFdaBc67DE9747824bA,35832.654148381
0x65b28090423f6A14D261bCeb9c9661A8590a65e9,35796.404583197
0xb24Fd003c950Ed0594C0529d72fB0bB944Fdd49d,35737.864725583
0x32528201cfFE34C43aa59fE4a6d3Da2737da45F5,35582.411394316
0x480b7E6079a53E10460c42393259399f4ea99651,35461.334421498
0xFCbC43f7A74E8B5f4f7C9f4d6e6Fe090F858d7ad,35217.782476104
0x94a74b9369510D2A0197A13233FF5fCDAD2235DC,35020.543802683
0xAE373c50fB9fE348ba17e4120D71Ed03654958D1,35000.003369425
0x9F0B5B20BdC309CFCbCeEAfdDbE6dF3E1CE04E3e,34850.460147369
0xb21404e844d00C52E66B384900778Ad4D9DA83Bd,34773.390177682
0xd30c8E6A1f12Eb4e7030e4dD2f8b43df51Eb9356,34756.585420236
0x393760ef07C056BB10f8E081CCb0589f4E945b69,34640.311941228
0x158a671F5B062c107Bd7aAa9117F7e9db995dD15,34196.252063831
0x78b846CAA42e4f56B8697B3FCB9CE323FC5bbc62,34103.590549979
0xA2f584c2E32A8643d994ad45f26EB19418664e92,33627.980621885
0x6e8614872A254b683F1325B677BcD27D0EE4A0fE,33598.139093573
0xc12755001B776bF66FAB0ee388C20Ab64ADE1245,33578.09705478
0x30822F51818056026bAB1C5BB616243dA04215Fd,33566.579476933
0x5DCce79BA2304b5Dcba039D801E3f97D75f5140f,33473.962804212
0x084994f7455fc22728ca39F5CbE28478ee1a0cce,33270.475718405
0x32842FbBD1308695381F423D8d955da253922f6F,33107.415417932
0xc1c7923c3eD7E86aFB8C6C1b93440404aDA1D381,33021.95636688
0x5e48EE520A2eab03122641a702E9C4E6735D3A5c,32962.650121333
0x9075e541D7daA30353fc3874a3e4e9b6c6007bab,32913.270898359
0x95a29bD835C8349093AB5d35B600e788aa31f248,32762.133461228
0x6497d6A8F787B24e9CECEB9e42a44Ec3f677cFfb,32712.336529464
0x2137eFe6B59f7FBD254497d2194Df9aCB7172282,32600.699342878
0xE1Ed7E05992ce31d6D41Ec8E23a1B5ca5623DB6A,32345.867447121
0x99485477585da95c09C4D5fB2013cB0Aba030ed0,32254.378000917
0xd359c00845cf8B20F991346e52F240D20c179597,32213.338098204
0xD96fFEa77600CE4D437594f44225De9275715C4E,32048.450314131
0xdbC02f8aeBfFf503a8dF69628714fd88a1AD693E,32026.274326594
0xE62B68F384FE39aeF71b297B77eFf6bd977a53EC,31754.083607812
0xe13525F8dB05a37a240554D657ee4d9726f1e5FE,31721.002043301
0x0C711Bdebb8834db468ec9977F917247Ef46307D,31556.070204574
0x5D7C134b4fE57B3E31Fa6499e8d28435CF4E4f29,31531.313278611
0x2e5ca8601B91e34C0f420DF7a10F6A48CF2176B6,31437.755036588
0xD1b4244C134f2156bb7B704E33030B6661c77C34,31369.484699562
0x960c0296fCffb4253C14558b1B31e8a65cCD6C2e,31357.7004095
0x309DE4565c10d522907a0167c8209dCd1d330FA2,31285.566715373
0x60778F8C25143dCA9364F03B873ee6b224d55493,31125.756156094
0x065E7CC08b02e7b41B5DD3E424d96eFC01e0d653,30916.92005434
0xBcaE3D285b17386EBA0b0B2159362A1a8f8E54db,30846.050713669
0x6Ca2228AafB5EE2caF46A57F4CC481191d62d3f9,30638.438767805
0xc75C3c7C3A21925BEFF07a5131Ab4114fb675006,30606.115332238
0x1E02a447bbE031B38E916BAC2B6ea6b526a9FFe9,30592.766413049
0xc9193dBDc7CB6E02dbdDE43a0190f8d1ad237706,30580.663755888
0x200D86C3d6fbF5aF605d35dA4C977fa0f591f1D2,30551.608285257
0x3cD42F9B90C246D60f5E1Da899260491fd2a6f7B,30519.506911441
0xA0580559BbC7983D197c7b01Af20C657653Ea4ea,30313.690728394
0xf2D282c8fF8180C5b141d6c83eAf9DB207DD481E,30222.787590349
0xCEAFbE2088f7a9a94df2F6Ff52bF3C4497DAEdF5,30187.328303752
0x34a2d39B30A9906d86fA05e831E7978d115C86B6,30166.212397356
0xf01Aa1055c74a91aC8Dd9757aaeA7DACe6a09971,30142.067895067
0xDD5b94847d26De5b0981904D6c565beCbCE648Cd,30098.315017656
0x68cfcF6d22902A90Fd34AB04Bc2d46799a64485A,30064.92464259
0xD2a83d354bCB03326B52E3260c2055D113e564B2,30005.613102398
0x28f8339E5d8B4EbC2125a8CD326a97A7c257C825,29980.600726848
0x2Bca0b7DaC71e23FF9D7b2257684c08d7f7a8865,29899.3350423
0xe90995E53155be9C92fBf2bb546db805C9408953,29780.041353382
0xbe6F3470cb24410a9a9d7B20974F03697DF1709f,29754.311425532
0xDfcf6d35c40B16Daf77b31966bCB8b00Ce982958,29744.432922686
0xECbE545AA44b9b8fCB134c35843087794f661e73,29440.948138871
0x61e1D20466a634ff95b66d3D83014bBC304fC096,29196.106787251
0x30d84cEBFc1c0f632c7C6c2Cd30c653245f6F275,29101.128835504
0xd8723190f1dD7d8de14D804DaCb1aBa79BDf53bA,29000.00006892
0x992A54e1827eD37a16b2a23047dedfBC2564f696,28942.494340684
0xCa685cCa72753B680c31eCb6309086395682742E,28913.013498905
0x643F9C839C4119F363B068F98B3adBBFc78291B3,28908.561361796
0x6Aa7a5BB37a999D8Bb2A5a9F1C31110a68aCdD87,28801.26595873
0x9aA5B19d25A1F15ba1eE869Ac2e5dc94B1B0A806,28638.917313694
0x94b0f54b359936a8E8D188333256D1E9F6BD4c19,28478.393099283
0x008f19e34C56Eb42f6B5C4eA7ec11f2Ea1558f69,28447.840190516
0x46c4Ff4d1d229A78dD4DED354059FEF06f7Ac808,28382.22165563
0xc238789C14c3095c976570575E5337fC32e9FcF8,28353.247089163
0xFb32D0282cd03e52264854A3D03f311f4b09D87d,28228.44420852
0x849519E8d7Ff20fC52BB9cec85cE829AE73187bc,28207.171556681
0xf8519C30F0bf8e5A330f06D1f37e013D28ecBaD8,28060.63628073
0xBD43e4970Ee6D83183F4Ae3F257F907273376177,28003.376590285
0x07b54D94e8E3ceF728a82cd5b6F8881A4231a0ec,27997.826866381
0x69a71B44dff58D6A58890a8fC9D05dDa2c999650,27900.811145384
0x044A63039e2bfE21f12a7473449037E652769301,27771.877528586
0xF92340631aab82564534E3e8dFb7A820973F0C8e,27696.185001449
0x579d21DA4D150F08eB34403B76beAD324cA6d126,27664.538396396
0x986180095624069098ee95dD23016BC4CE196371,27599.78632618
0xa5CAcB283D968B6E8Ed67f3aa63665290077cF92,27549.81586568
0x33dd3029bDfE5dd40f848836080022949AAE48A7,27475.322131895
0x6C3Ea889F5C52184F8643ADEd87bd772Ddc7ba3c,27242.570015198
0xD98871CB9B508e40db4CDA205704C7D376C71b5d,27173.466757543
0x1DfA5E86d8A3840F9a91E71B4b8b0E9b3F289062,27149.019314913
0xDb316fDB01AB7B65Ad770cfBEf5f7496260B0797,27061.085760117
0x361B855375ce1AB1060d0486Ab9551f848BC6a2C,26801.927878403
0x2004140adF386928b584F629367500E6ED136340,26764.119747193
0x96698C5788d390202B669015fFDADC1d941A530A,26714.422740247
0xdae1c26cb1D0E5F6004D3C1FF492746996682fda,26653.279087727
0xa617bf1534d2C5272fC3537754C37D1Df7786A0C,26496.274026063
0x3C0101768a7b1B5503f08aE6eeCe9C6201D34A43,26461.721342816
0xD8db60956D187641Ffaf211855e2832616265E7C,26369.056629319
0x5556E609886AbA5aDd75cBF9c734e99A97CB8951,26225.133701081
0xD9e2d9D59E57Ee85685149CEd8Aef162C49Df5B6,26189.629583203
0x27bAf8EC3f977180D1ff55eaaEf8292eaCbEF75D,26163.246090272
0x26167417BeC0BFDb897307F53B9B3Bf5CEbe411F,25992.990358182
0x2a10FAa5CdF4c10a8CA5bD31c209bC5e20D91DA5,25926.855503102
0x53CE49b193Cf0643438C179DB3d215b5270AFD80,25809.737021095
0x76870Fbe2A73065DC63C0011528e55104322d13B,25757.24554989
0x155cAF4535861325C1c819e63B0BbDF31d8841D4,25728.490221048
0xeccD48BBcE8dD9d17D828599355F5C787F04D1F9,25718.078751396
0x9E1886DFA2BCcD48107d11923B6acf2c05C81d64,25214.768512642
0x99dfF2e806bBdB6eF087a0e3F81993667876683B,25190.823279722
0xC5ECD14390edCf0073Ac498b5D156cBBF207DB03,25159.999347258
0xC436863cB7431e2692949Ef4266035F79d588167,25124.127202241
0xae90a63607505F06c4e2BE0CA4Ef4E1dc3E4175A,25089.278794662
0x089e27F7b976Fc1D84A8687C072B636f60a177DA,25083.438231369
0x659fAEDCa7E39600C32F0f90eEE25Fb18CE2dB16,25071.256243138
0x0C209fA538343B8181992c7f78501d6c22936Bf7,25064.272010887
0xB6412D15386d04E1ADf88326A9F3E417DfEa85A2,25013.675759786
0x8b7244bd51E08cE236F11e754ae8158014503828,24752.173448159
0x9942D4a632d492661Fb6765C457f16167590B318,24661.775185517
0xD4C1CC610664461562811e2D36B6607b22650B4F,24522.720579317
0xDaf627422eaebB93D644A9FeEA7964b68E49ac14,24514.554723123
0x1089da85f67d77fCf2Cf312b4c7F038766aC504a,24473.656955377
0xe991330CCFe8aF69fB747dFb200Ad972047AC34e,24405.656514654
0xb2097A2630a17EA9754Fd1ACA47fEC226BD2b0ca,24299.464881979
0xfAC8d7592e70a73691ab5260F6B6346958caa93B,24287.767854845
0x36457948B7b4bF91B12eac24Fa73ad58E6F93330,24280.038323252
0x960814C1Cd7A45AbAe401B0659023Fec193212f8,24254.162264922
0x3Fa3f31135d50CF463714c10252c03a061bB4D95,24184.426431084
0xa0C719dA6FbF73Be25609E927443C130226208A3,24050
0x3A3f6796d001BA488F9169DB82c6f0a8C7291d09,24000
0xFA350C859a10401b1E2F19fb001e28BA83106Fbb,23850.813639878
0x85451398621bf6Fff31392A9A4aef56A3d353224,23791.942967558
0x4290466183b8BA4D451759d37274e17e1E8C57a9,23705.218642177
0x7733320b8dc8F5969a63274bfEB0f91460b5154A,23618.405343979
0xfBC2DCE00c05227A3a0B7D8D1C8D8C735f10155c,23554.248863458
0x6803e6BDF81e39E66E860D724406ccEFAf756D1b,23514.06697841
0x68336dBe6CFAE6E1B7bFF6e32C5af50bbf6506C6,23454.702215961
0x1095B4929ECf4F99797Ad61160Aa94257069D1d7,23418.594927775
0xa3928b23067712BeAe2307D31829673A1656e97b,23266.251178604
0xA5eF79A0F81A4aF525d222dD98c84fFcD0f4D741,23141.492683839
0x7d8A980dA19EE80aBBe068c809Af8b850Cab8993,23106.654518841
0x29003d9472738d10d0Bb660Ef1f71dD2251f774b,23092.904740248
0x09B6A7094c8fBF94Fd827785E30E6420aaacfc83,22898.223746193
0x266baA8c191e2D35EEA62C810B32aB887b2e00b5,22843.912809436
0xdfe4eaEc738239c3ff8b336D3755D9a069822510,22793.834117311
0xcae9a61C57111762f97130951eDB095e6327301F,22772.420643488
0x3C6E9f2505103eb77B03c761c3dA3447A0f221cb,22762.459629016
0x8D05a2CEA9D62DcF449589eaa52798A8382523CD,22720.876262046
0x42870f78217130218ac0508117C291FD0E2B3E3a,22689.261740944
0x729C41b4083bd96EA18F60298395662187988Cbf,22623.496579888
0x166c2944ED61fA2e635B3aE3Df6DBcb1e65E4d7B,22581.136269857
0x5F0FF3cD8C0d59AD843159df71482FF841b898aa,22577.582324171
0x4fEfa6EFED2FdBbC5331359DB35ddeBcDbfFe6aa,22555.143796656
0x3F01D3BcD2c6841E23151f3bBd784c46B8cdf376,22551.685626075
0x6Ca36daE6f978B4AFc14482B041e8d307bD5C661,22527.68130171
0x54014D7FE2FB3b0187DcC081F0Aa85dCD1A61712,22512.550857312
0x45256292e221D5BE1cD01410C1Eec1096A636bF5,22456.794732739
0x18a49F78C8C183F116508573ed538458c34A238d,22397.8036
0x20A3A8Fb17Aca57317aE89aa154561961442E787,22330.969499699
0xa6093eb4972a9fbec57e0c92FE84026D56600c0f,22190.30412
0xfDC11d1CFE47E4E5cF3e9F23a4a261456168B50E,22183.15060036
0xE28E882EE9D854820C5A8E50f9a1085A2ae297bd,22165.287829668
0x2Fc27DC858bff517B718Dc0CEBC1Dd8198B020f2,22159.291619071
0xC69F5b4d96d7f9026b45bA67101e579F1193F526,22085.950368577
0xC2f8b66BdEe62e9CF52Bf322fD1652a6B371c5a2,22075.685063695
0x3a004aaB6CAf88248bfdba6C8e6Ada1B6333F98F,22042.513882584
0xc43042E05F8a3080f3276eFF33c6B9Cf70D5fCa2,22011.164479841
0xb8C0C873Acf5Ed0CF37f53c82cF6a1D1bA1998F9,21907.098599112
0x2Fa9b4d55231B483373c26da845B5F4aD1227214,21847.646380269
0x2C45Fb32abab885Df52C00e51255CA25f2F587AF,21827.785265043
0x2fC286977e5b76D0171650835682669d0d78986d,21771.592208259
0x3213281b04c0E97D128BA2362cC2B8E5c05840FB,21739.122034886
0xaE221dDab5e58C8Ea9D3456bbc11AFeB3A1B6294,21709.443132137
0xae33062Dfaa9BF56A88a8C39253878353FF6EA36,21685
0x80B085A1d01E8Baf63AD96F1A1f18DfF921BA300,21673.571793186
0xe50c6f77Fffe0896F984A1dd8612315871A416d1,21471.372120212
0xe553440ad03acc967A8ADE7611f71e765baEbb26,21465.19914576
0x2833cF98eDCF223cA0bfAFD8280B2EDB88415d1c,21385.534792439
0x2cAf64e80c87d1Fdb5fa06910266A4197Ad3f261,21375.021654567
0xA148B6bE8B8E9121fCd5eC375b87555cBCF463c6,21108.244091741
0x77677b657545963b7632288f046704A61117b12d,21053.998971998
0xC77b0e206fECa18703bd121D16f01447Fdf5c917,20954.985632555
0xf85fD3249b32Da0acFC6E3D6a07233cfa177BFB3,20951.446677283
0xf5076F72AF9B8B016c8413a928Aca55A120dfB44,20907.005627319
0x237eE97D621EA9fef067aeC88DAaFA6598C1AA55,20798.574984525
0x278d73d41296cf4C521DCb3620C13155040e8A6b,20733.553190176
0x0cC1c9eBFF3090EdD377813dd1b3fBBD29188802,20731.051917934
0x1b2a6236fE7a437B71429403b661551760322680,20727.447896461
0xDEfdE37585c8F57775810F745f075fA36d141c74,20660.086703735
0x4Fa107C5179a24ed06B6D8c853b78658228978eF,20652
0xef2cAfF02C05F12F44959E82d5cC3cF2A69F5312,20589.246471537
0x96594743978921cf2B7A5d0aC8D64364CBB64EbC,20561.894792321
0x18A7B03e61ced1822cA9c2901164A9426777a354,20558.620045402
0x744d670fa7AF1e4D0C4BC5Ba2667567EdA43A277,20538.410619723
0xaBA92864D1e691e6A42951f23Ae5B6846531ADfa,20505.488684135
0xB1EA85Db0E6964D09dbB636b38aC74083611C8aC,20475.683590125
0x6325a16b34AEd1565614741e3a89de7b65E441D0,20441.035904036
0xAd8d1C773669c4249208d98A95Fa382062153e48,20401.604962476
0x17052bC93F94908aB4E61F09922F9EA0bD5BeC16,20346.013051144
0x4B04c6B00E56b1088d98345cE463627C637fBc16,20334.508158415
0x57a056447Ba0e627A9FCFe258303a73716379F3D,20321.784287576
0x9747C32820b91E32A5EeD3896F24584D43277C8b,20317.266393522
0x54e839474d03B5F372b3fC22C8fAEa909f0c17f4,20316.242982554
0xeBf8AA974f0b2f8A469A2d84FE92da214B8F877F,20159.634748623
0xe4dbC4DF9446eC3baF95DAB69f98e56F1ddD9B92,20154.21910163
0xa7a005251752c77263b6d71fDe51958F161D1D41,20128.147846178
0x1634534b2491f09A90ff2C38117Bb64B3Ce25Da9,20072.931693203
0x2b3E0AAe0b713f668a35E00cef5AcD84019b9626,20060.283663605
0x25712c24E47A4195aab65d2760096802d7123b76,20029.103006595
0xe63ff8Ea7D24F47e9A4Be409E6E96a797518c71b,20005.321965179
0x4bcFC04a5B1806B8F4A95E4D0d872c015BE5cC88,20002.144525886
0x2F0820c4c1177e59F0CaD1d527A30dfffdC3AC49,20000.00008645
0x6Eab79e4934a6d2aa5B805260bad5b4CD9d88630,20000
0x3C6E196F771479B2E5E1B57B6F3313ceFE3ced8a,20000
0xE6d0E90F458D6Dc5fC2AFCbF18dEb39b100Cf663,19978.423649338
0xbc550CC77F55b57B8B2990158eBe7324ed157246,19960.251461029
0x8D111F7f946D4Dd4CdfBF71F47D29548C206499a,19907.172395869
0x08Fc0f296cF746573e87C61Cc5CadCe0e18c41b2,19718.137491645
0x34B340A9ce00d8eA713e356fE6881763565A7165,19712.255997882
0xa1ee66a18cCfc1B0660aa2a8E236cF42Ef6AC96a,19632.289590882
0x569eb62612dc9fc3967FA22C27114e65f629AC6E,19630.147628625
0x824A886935116B1b12F4dDe08d54aC6ADF3F3dAB,19594.174167876
0x20dDb1CB5285bA74EC9E899CFBfc3a1F2Ca427ee,19459.999124241
0x9820ddB51b0A5f509f0de93fcb9C25335f35A77e,19444.667415935
0x29Fc5461ddbA3ED51d48f07879DF7a5B70Ff96A5,19371.158484935
0xA20EFf3cedF223ddb10Bf105C315d97a278F3194,19299.892272258
0xda7C166e8F10D40D6BFDE240AA25608818cd63AE,19286.238189843
0x47AA1a9D6862e6C81c6C0a05d7327d0Ef7422cB2,19122.332633667
0x864ba56d646907D3428f154626309530BB1219B9,19041.464248389
0x1B729DF0685644bC92D1DdE6f90A6950e48f2384,19019.590126057
0x4e20471DfD93aF9F515e5d27D691613298AD0Bd5,18805.068692741
0x393A7eD2C54B62f007e6f8075d2d21a3BfB732a2,18797.176138415
0x0Dc9A2dDA54DC159Fe2083C087d31cB9E7157953,18765.647385097
0xFDA54aDbCED7945f3FF6bded2e4469D139130611,18711.40975192
0xfd4C946d2FDbaB478F7d9E9A6754364A36eed818,18703.222443216
0x5ABefB0cD127C245ED74FA9e9b483D0b5F2DfA88,18692.289329237
0x4b634BD601b64ACC830F1B9232C4d5c4Ce4274a0,18670.548493449
0x76eadC0958547Fc4A6A82C36CCe7703E37Dc0A0a,18550.173367964
0x67a6295FD6df7F0DBBFf6C540aAFE84bEE1b7588,18502.134068991
0x38F5E0626De7Cc08d54c0dBb54d97edb15C8e606,18443.737209154
0xA2fC17b5616Da800d52fC284f6b4151E0067af2E,18414.875766827
0x75E656B7Dd368A121D01Eb256ed945581892211b,18381.164643793
0x0032ed87a3699abc555C4646Ca6f86E9774Ca054,18363.314369318
0x81A2CEAFDCF8E3A85B7A352BD9635e7214e9D17b,18301.037160143
0xFfa5C109ddDBa6a506d71B7C2a3dbeb39B7C38c4,18264.364280991
0xc61f30dc46785DA5ca55EA290Ca5FB4EF8C8623B,18176.092663148
0x8707B231877862260796f1005a52C0E50F34bf8e,18105.520524775
0x847d8852B5451E37c52947f5ae145019eaB7e132,18015.054918987
0x9bc93a190f0515Cea5A4619ee458cBa746bbcF2a,18008.952210295
0x049F7445dF027cD0b7AD42d756f9c422902bda4b,17908.714180772
0x85731a01903954b4eFA04558AC25272b701b28ff,17704.593275953
0x752692E83A5E75740612546f872FAfF881544C38,17703.270062015
0x5E46BFa2deDf1495a6Ac91C8B1532b175543a850,17671.906374082
0xE0b9CcB6AaAd25A6d1Fc7Dd4E53Da369aDf2B78a,17663.141761057
0xc8B4E4621c3b54c239493fb8e94d92ccbc96AB5d,17599.973229763
0x1Fe82Ff61fde9aF3bf6A2f9beD1B55e0404d54fe,17582.501512491
0x039E20C9dc0Cd24dD1aBe5Fe7B86fBf23223091a,17581.087625247
0x84bcD4dFEC10117EbF49986356b6c2A488cC43F4,17528.093654818
0xEe89A45070D9328239DA9C0aE58EAb0D078C4F4B,17523.95943708
0xf361Eed07fC56FE8bd9622721c24610f7bB25AE4,17523.872685548
0x9F248ab781d3F30FF8e9771Ff27a60cD1a052391,17502.059842532
0xCdB4b2b89d7e7cB65Cdd1562c25F44f144ab4EfD,17408.668366816
0xe5b2937d5cBD423cB30d3f95887597D779bBaa06,17335.333545916
0x67E087477b577e5D7eBEc4429321de3faAB14715,17292.892438903
0xaD166e58A2fCC0Cf63aFf66F18604CFeB73A803D,17287.713174726
0x8Eab651a7855461247c2ba4ef99fA779d1adb94e,17274.558559933
0x18Acc75453349232A483b30090e63926B46cC512,17245.793955119
0x4A200D5AA9983ed1473cdA35BE9e70A08DC598aC,17174.748152596
0xD63D08108A727993f53014198B56a7c518dB5A9c,17121.200353061
0x98860e88F5bB33066B6B15DE3Be0cADcD1545Ddb,17042.55604259
0xEb7D58b8a6d6b0BfB1cACA1C16E3e6Ee359643c4,17006.257034448
0xa0b184dBF3641dbf3c5Db77082EcBb808041D5B7,16986.294935658
0xeA838845E081168C086c3Baf1FeBBD7F49dB5E01,16832.985590067
0x063E16f8f2f30DC089a2BfF98C3A22c223c58bac,16795.95786466
0x8bB7d23611800559e8E0fBb81CbA8CE1162a3E99,16790.94190487
0x8CEa769f5d2654d94757222CfCb8469E59c5C53F,16782.991322903
0x2f47213c42a7ba78A7b23579D8A4a89147b7b3F5,16724.565456604
0x43C49FA3858Dfc0D62BBC3DdEC91E8Ad42853243,16687.982490908
0xd4E4C917d215d2dfDb9B231CB70dcbfa73DD5DC5,16655.963036239
0x9ca4Cb9B5c3Dc946D0181bBc8BDFFa3b68283780,16633.030902676
0xa4eD4d37f7a91b18C66B194ec77152cA390a197B,16608.067346809
0xFEc455f8a65dA74e11999FcDf549E84225dC300E,16536.277250077
0x845a0A951862e9f484c1c77c10663FFc010Db5f6,16435.008465824
0x8BFca9dE71Bf02924750fc38E4fC4d69F459d1Ad,16353.419164818
0x8997d24A839b892667947989460034bc445e3803,16348.611872644
0x9d78be61145Bd3F067a24337f8d78D42192093fB,16344.228665316
0x350f2E456B3768f4d248457Bf1E9F40f6FB7B5Cf,16284.094209676
0x9b889Dc7AA83b860d71572e71BAf0D7CCb06d221,16277
0x3aB36c61927A613a3373C4DFd34B0098cE09f28b,16275.694401353
0x259591a0d86ec3855e32936269Eb40310661420E,16264.089214394
0xAD1022F17EB9f7d77265f692EcbfcBb859e655FB,16258.548678728
0x17c326A7dC8d917F61B3D68c85196DFE644F2fD0,16229.659832381
0x8Ff45863936b48C5bBc9c7B3155ED89f6E8EBf8f,16228.741555017
0x3430282135B7b90450ec78F771501A277D682361,16185.445174336
0xc6877258000438dc2a15B71e923dF35331C69c97,16184.443504406
0x7723BEEEf70E5C44c3EB6e33D6Dd0A2d0370B5dC,16112.417327625
0xA5Dd0196e68D14190a8C39CcC27D659CeBB49bD3,16110.339968572
0x34147a31fc526105fACEF922CC354114DAf47751,16103.496952051
0xD225993A18fde9D941D17a28bE81436fCb0d66D8,16024.740216974
0x8Bbc3007d045A487B68D40e745C82fb962dC3fe8,16000.567348683
0x82b47Cc589bC1Eec2272021b44Fb86Cf445dF8e9,16000
0x7D454C396da99Fa3D4A4c15D81753c3452b61C57,15962.765192571
0x02d9eB57f8EEcbb2E47573929E736256447E744B,15934.892008483
0x9705E501Dd8e215A4131fE407CeACcab453Aa4b5,15919.9156444
0x0Bf71880Fb296aBc8Ed2bdfDd438A3fA32e91299,15857.773530009
0x58aD7f9700a9C9820c01652e01D2da518fC0C040,15832.683029338
0xa0a87141ccFD8B4B716BF2e75143f84357586118,15820.645078201
0x0720cfFdF27b8090c93355D97C87B6DF039c0120,15763.896887745
0x6AB334E067A78b21b82f3dbfD7B66f26D7CA7db7,15622.775895731
0x875faB21EEc0Ae09bf85242F81F2fA9bBABb9275,15617.689564853
0x27fe0510807133e864d0f75ab5A9145e4FAa0a75,15617.024106313
0x50c07269aA2679DD20a27836E641341621484b93,15613.654395702
0xF355d55f5975EDC3A418d0291aED120eD13eAeF4,15611.955492831
0x402baeD484353E105Aa7B36Fb8F2f41A4399A550,15509.738882043
0x0FF05982f9581aD5c1276732C1Fc32C86515548A,15454.282611492
0xF10Dc5DDaD57E56BFB1c19C5e27A52C780dE2058,15400.799094647
0x0E4025c98DCF14B3aa6d8E1d5f5b2330596dc84e,15385.168024021
0xFb68CF279d7A11E383669AED7c05f897897F842C,15365.880630277
0xB7e8ca60F28941F6Dd43619f148f358e0f4Dcd5E,15295.211987854
0x3Ffae66E04882577529B274d3a1198d2f89aCB1A,15164.009674382
0xB8186A822d95AD3C745FE3C68eF8CA307BE3448c,15155.818802023
0xE58A0D6E522BF538B4D28F39727cc1B58E8401e3,15151.840631307
0x714B8245855FA6c5f662450571A259eD35C101df,15120.372625477
0x3417273381684723113545215FC09457bD6749DF,15087.647778646
0xEc04FD2386E09FfC4E8CDfE3e2B656543B0ca6Ac,15017.345638609
0xe698A0686fcC342e55F8219959D92aB040618344,15015.329105926
0x84d2cFAdaC553f4152b2D3bb345CEf6b6541e8b8,15000.402291551
0x04eaf42FD6915B0022d0c624EF9D6aab3852aE33,14983.39573746
0x9E9B5c015927d4317c23601475382e44BD8fae56,14923.311755991
0x3B0990Dc11eFB00Ec4Eb8e9669DE85733B976981,14913.875997152
0x6f9E658c82a8ac282d81DA08C42a41e50c22839D,14904.129199069
0xF18749890120EE435b3c98181C244d4EEcc63219,14870.591095821
0x825005CC751Bc64eb71A593cF3e642dA64512a7f,14823.631127271
0x9bF189dD933315aC2B588C6Dda01c6946f24382f,14751.277461122
0x64B7BA9D131f25BBBa6EEeE666cCD610Bcb7db39,14729.362734775
0x2A5036efA7af07C8aa5e55f00ec1bDccFD697161,14718.534105833
0x355aE31aeb0d4f886521760Cdb30dB281f90d700,14701.701775731
0x4982345900a68d6a583644dCE141fEA027355b03,14689.836544104
0xa05d7782598654f61F6bb57E2Bb14727636233A7,14643.545449907
0xF9C5B04B180aF7eF3ACDfd2aEa6Fa40a94944822,14639.344138189
0x13f2E796c56d9Abb59BdB1b6AA70409afB8842a0,14638.718557988
0x4Ac85551491Fa8e615BE91f8e5878830D3d47d23,14568.152183387
0x59E273d75bC76EC49693a8D88Fc0e9398FAa2d1A,14535.282709159
0x7865Dc7fD89f40273FD4ba0E23E0a9FC578bAf1f,14478.669678924
0xEa09818021Bba9A8606749513610Aa1Ff0327639,14356.437354685
0x8cA999dbA3FFec22115470D10d1eAFF70f18cf3F,14323.227025018
0x21195BcB3622Eba84f302e600DBB76DBC8A299f4,14236.440829482
0xA139F064a0fd2929b8cB72238a19D0f3868aa878,14211.055615392
0x874FB4d522f92BCAc02FDF7597426f8bF0924aa0,14194.772453191
0x914261b161BcBED9BE9853B33Fa97a54235E0060,14168.371799723
0x524457f9defbD8b9765cb23a7175eDc1de230dc1,14131.692596019
0x5b000306b9e662B59f9cE2D9E9b38e3Fb3B667C3,14097.805241199
0x79Ba0e1DE000e2041C6601626ef0e31BD17c8925,14092.70222386
0x486852AbE76A3B8722550A2EFaE87403DD5Cc3AD,14072.018364968
0x2A55b5Fd984250191A4857273c09e170fdBdf278,14038.921631142
0xAA594f494f08baB8E2Fc80ee949C9B87ae353Ad1,14027.9991391
0x9Ae0D826F13b57fc828B36CE8019FF8A84079e0e,14025.27101024
0x4a8A4Ba80dBf2db1Adacf67BDEbA5E8a74BB8629,14022.29041163
0xFe7da0E4081DDb1Ea2E5BA196B22a9F39e3D68D4,14007.571151015
0x5b5621D674aa48e1AFbc1061A637C0E07c8d7f7F,14000
0xA6936466ea6f2849d270C9E6875F2882098e396c,13982.759041418
0x96646202716941cB1A392311C6E7da96729E7946,13956.15394428
0xb932bEca5c046F6a66946f7ae4c25f63C6f0c02a,13951.703903119
0xC3474836c9461A5E635272BE102B1B5202f276C1,13896.471534792
0xc66194Eb9C59D6783A3E371212A9397d79e62723,13882.010919926
0xc6AD53F2A465Bc221006B8cA0813032958eBA149,13857.764275704
0x62B0d292773ff3eD24fF61A894E57D7aEe587102,13855.771265596
0xc8D8744CF928407F1fAf8CB01C407eE96b448Dc0,13853.587499134
0x731CF2cC901B5FEBBf677ce3ff1395C4089c8955,13836.96494259
0x968D603A82e7a0CEDc49b7070c20e2A6d4d1D4cd,13819.785635627
0xc0C8662b87b5f23F8D65029B187453330F4fD5ce,13795.135776582
0x6C73ccd0d05f7C1ec71835739Af8d817cD70A8A0,13699.557520318
0xa123a80f8aEb4352211d1B77E0DC92dED6a7AE12,13698.719401839
0xc19dC8527fe7F9B94F4DC78340244B4e1a60B9CE,13695.564081438
0xe1a4ed4CeeA004884fA00685c6E4367967051B6C,13641.974170162
0xB0792c8E9744753475cb5d7224A2cAAc24490821,13536.043649799
0x3340435CABd8C7D6cC3a83Dc427b75d5f094827C,13514.41594259
0xcA18930f2648F71Dd40794EeC77cd0Ce4C77c4E0,13393.991964669
0x07ACaDb1Ade9Dd2Fb8ECFdD2C7c4963422903D02,13392.245225336
0x24F813F9F2a58d8c9013028DFA2058d5aCaFc81E,13344.875221501
0xf439E6AEB258B94951b961a67E04eFd89ab82E37,13334.909073739
0xDFA768282B948C48738962CD5897183709bf9DB6,13285.674279816
0x2DE7A274b796D048906350f66cDb8861e22929DB,13145.191816823
0x147bc68a05bC59F49154fcb3538B4165b6750A23,13118.204062215
0xFfDfdE851303B86a4a66b2a7f58F9C031A173eFf,13118.068365476
0xF0e14391fFC537a06E0e23B8050c51Bd5aaAe5b0,13114.601328245
0xf596730A5Ebb6E1b3D02bcfc007399A444276C5F,13092
0xBDc6Dde0efA603DaEf9141d29D9f9AcC46F44FcD,13088.567430564
0x9a576FC36e39f060ad33C8a790c2b40c4F3fD3CA,13006.189561688
0x008B1ec29Af95e532Ba8A9642b425021CfB33E90,12970.887983714
0x5e6BeA4d19545B1C0122d1CDc1530d8Ab3baA9de,12955.718945504
0x3c306626806513499177305a9AA615843168f3Db,12853.262366723
0x19628526ED2B7cB97bA13e77EF1adeDeCa6379A2,12849.029169439
0x4938a174451FFE852d3B14e499bE8bbaC630879F,12845.978739918
0x830b5b2638a15939153dbd0B1494410F87cb019b,12842.389117479
0x1758A5D818D4D7413E052f7C92f5B76cE1E48993,12814.422021406
0x3909e009474575E02Dd8f820E32c3F47C466c565,12799.339444923
0x4740906F594E7D30e67c55Eece6E5449cF3Cf081,12796.2895215
0x41A0c5ffDf29778Be9710ADA2ac23A3975A96981,12794.873606044
0x3746DA229526E82b9B0667D57763f03FB0ec00Fc,12778.108173029
0x27B379E2bB9D02ADc405E1dB423dD80a8AaBdA5B,12717.116517606
0xDeA562F565D29dc71BB5F250a9Ba855AB7D16733,12653.758667258
0xA1EdC5f56F077943a6BDDAb9Edd001C838C46c63,12650.744471295
0xf357C9e4Bc880B36239e78732a12a61ED39b46e5,12623.148697798
0x17F5FB3E59De8f4c9a4cd358bF4565B8480ADe3D,12618.491617459
0x7FA09EcE97B0f23a1d8385B41Aa3Db70fB640902,12574.277473127
0x35c9478C15dA0d07237fB473ac84e40696374A40,12557.266162103
0x7182Aa0723E0d9c10c62575fc74Ef079B864c53a,12553.575305625
0xD68f78A0CCF2333E34f002729300D1F3dfA3De1A,12532.270694643
0x50D727D9d3e8bEBF48A524E230ed3c0CCF8a3323,12531.745412924
0x887f8073E015d1CCC3FB761AD73e05f03dB1D01C,12427.270766033
0xc9eE9a0397817Ae33642bBA73D9d922D323c42E5,12370.36047107
0x6A45eB5cED995eCa288e4De668767477a0812A78,12319.704149195
0x1dD28490A4D91653D181A2D4C997F9442f2cb673,12308.415096636
0x2D4fB77118CD44d13B5223bfc051b41d3883832D,12287.607130053
0xc4Cd11fbE98aD3DCB383125df5B7EFa97d89CCDa,12264.446772828
0xAf897A49187650ae14c666a732b5e485DDc62cc9,12181.49849309
0xc37Fcf3047cE1B5f7a0E76A2062c16003cB9Ae3f,12154.382738178
0x14a2c05835610Da1413d0F768feAC9bBBA9Bb444,12153.947132075
0x3f9aA565857c1D72E43e8F324d6e46e566d6F5b5,12087.077653545
0x5aB992dBeB6836fFE67B6b2E844b5FA118a92Bf3,12072.841211101
0x6cCd77467474A68C22F5800De6F7f106bE9987c0,12070.563193379
0xBB20C2AAA65fd6447173174CBdBB7805334c30c0,12055.66190901
0x0b65B20A40e8b1D608C40699c1adF40CD487b3D2,12034.527918997
0x00574DD6399EcfCe42b16ed8cc123636eF8f4f1e,12023.002978228
0x9cfc94f4E8785a0b91BA664dF2eE724C0aB8a32e,12015.297696999
0xd56ba1D585AD4AeB1070AB2763256Fb5BB473de4,12000.523500911
0x858396a224042bA521f5d64aa246866bb7A758Cb,12000.146367778
0xA017eE68F99fd9533216b5750313A17F7D6d03Fa,11957.125369436
0x6cE148Df17E1F4135AF799Edfb3663a48fBf96bB,11917.18511077
0x1663f58a0C9bc97A1730dFb431057098f284a7e7,11912.384448039
0xCfa4c8E70D031F165Fe15Eee8c906dDA63436694,11876.271839359
0xd63891229062738D3C39b035b67f8D117Da5feF7,11822.310647716
0x116617FE92d73e9Bf523B387Ff7CF66CDABeB7d7,11822.098844455
0xD7109528d3aa93501f77244043DB916a51fd4dCA,11789.137864254
0x8ED3DCd186B34097A1640FD424B4713816a3d400,11782.341026087
0x314Ea66c1EBf31FC3bF7f284012E88DEcEB6d7bE,11781.047302341
0x9092e95A7e2257b779886C70fE2DB7c251148595,11770.333351359
0xed313732F7D2a9085fB2902c3C300C276bEfd240,11761.595716535
0xfF9a724aBEe830fDf01b1582C4E2bB5465C202C0,11690.930921415
0x4612c50f82683e27F2F11cb063d8ecF5ac92A1Ba,11673.150437785
0x1cB3D269de77910709ca00C12D69Ce1175a0Ff10,11622.145865871
0x8670386C52326fB760444d6702065e4E449c5D26,11598.541862542
0xe11588fe81A8251b90B59566dBf06956c2650Fd5,11546.84643385
0xf3dB5784686612d140774271382090D3F2dc1F7a,11544.208117379
0x0A74B801611EB5faf4eeb69640E66B10cF6ACF90,11537.117291164
0x5fC254F2C04544f64Cc7e6e089D86127e9530769,11530.892401027
0x0A206f585c1bEa90e954Db80fa5B16538846300D,11511.415917871
0xe5F7C7B0f4120dd50019b51cB6bFb93b62F3FA37,11510.832752221
0x738036262C02256A487Bef5D1617CE70AC7459ce,11447.303454044
0x2c3B7f62EfC283bc8D28ca404d176b24C5E3355a,11435.805550577
0xa716E1698D74fb11e0e760c4CabD00dc68AbE970,11401.199056316
0xcd97E06198B5b81304A459E6797c58805FbCd684,11364.482194703
0x7F388f3d6eFEF8643fF3c198654DA32e24b6ffc2,11349.390661302
0xFfFd891e7e000E0b4405A58EfA2a9210b2c06A49,11308.578750487
0xfEa572b2b67F86f74bbe90B2Ca6DdA700Abf25b3,11302.585955869
0xf4171B8a68C32D67ae07673F5FA34D6CBD445b25,11286.952577448
0x4E0651e940061046b7C5F74b4353c00a8B3F29C9,11257.368606681
0xba7f65eB78938Ca78e850Bc86bA9F5Be858a0450,11245.843756948
0x89be9a1D863495942Ab09F90FC0cB297f7f84210,11223.275121682
0x88C0eA4178Bc59bC0FcC1Dfa63a59115FB2423fd,11214.012001618
0x4450e5BaE75551EA88904a6815c708d2D921d78d,11198.84646151
0xdE7E887db657FD9C13B5Aa54bFdF7C03E2234487,11143.019664809
0xaDdA4bcf55aFC8c804Ac5Bb32175684A24b542c8,11109.951858282
0xfD6f566f5d469C21301F9cAcA29b4C9092eD68a9,11095.985241579
0x36bc22fD1ed1748f9FFCa0A8257c8008c0bd3476,11092.804252919
0xe66bB34f1d92774d2Dc5589FC768a50924a5Cee6,11038.159578603
0xab4e97abf876a0174729B2b77dB28CcD9d0946CD,11031.159265625
0x29b52d99e57739F0363BC8D5584758E94EE6C38b,10977.045045994
0xD21143E73B21AE4F76800d2A50DE1486D1C2427A,10954.282549983
0xA4c2122F7B89dA493c9f48C96F96BA338cc33561,10939.864741702
0x0d76a5361ede98333f90EDd5979993250075c600,10934.626007668
0xab5afBEC2CF7CfbA56675ac7c961F0c665e58E9b,10894.440427634
0x7aDA8705Ea05DD88790EC4642B51470dd3D2F9c3,10857.385916421
0x5a4Ed07B9F1Cf659F6382C3EF281cE3190786054,10850
0x95e8a5502a875311F600fdA83d0E106cE82AE9c5,10829.337120802
0x487856791fBbB7B84DA04893133E4E37d179FEaA,10805.250069183
0x9a94Bc3116f37390DdC2904799Db75DeBD2C2A18,10804.719391095
0xCD94E38BeDfdcD73A2415C2dfC0D46489bb72Ea0,10797.727076288
0x60De9cAe3f13A138E24816d70Fc6B0106Cc28ddc,10781.29013003
0x2B9E97eC3b2937af8757D585377b64Ba5CfB6F40,10737.584398072
0x93C583667c94964e0B3f90F4F6Da2d842D868cbE,10671.823069237
0x68507a66ecD1D6BaA05f3Fa39cbD7CF8277209dF,10662.326296657
0x6Aa2375a01163aD6Abc23722BAEB2Be73af2F23d,10634.422246981
0x9112c91Eaeff9D9AB92a8678d825555cf72db2E7,10606.576454335
0x69C42aCeAC5cb8778c06A4F0c2596cEa5c1732e3,10574.527014412
0x5456Fb1aF6Ba222E69b80c09D02d02706fF3893b,10571.327764896
0x705952280DAB69aE77Ab93cf8877fDB00a617928,10546.642774355
0x310937AacF7269956EB140078951d223bA362FeE,10536.456900851
0x5719D1940E7A1dE9Aad2F3cBEf3FC9c7C6948D14,10505.95443731
0xF4151aE9fFD56c8AE3032fDa08dA153cC49e6731,10458.106170901
0xB26909940832ca2C01d26087DcEE3451C5a658E4,10450.184368305
0x6a5008FF860EBCbc048EEe3Dc526D290beD8C3bF,10436.555899912
0x1671C47db5C69D8F7618a99856109F523d13754D,10368.979456584
0x63542b7a43974D11C95F046110f642f97fcFF4e5,10361.739756578
0x5824B5D34F74eB6c4022419557bb8237d6BC4e94,10342.500836508
0xDd2F80d571952ed2FeD89D4ed43Ea55bA90ded58,10338.56684259
0xC1869E002B0f14D052678ec4fb5D25B49c3541AD,10328.821454517
0xeb20C707B835fF64B522fb030EE5056c54228702,10321.206883374
0x8DB653382E24184a33555f77C18D15721DC0BEf0,10305.020315638
0x843A4C3436D1beF87EBA29C42d6DdBb374d74EC0,10238.521879299
0xb7cE9536C03A5b6Ce44FB5C07E4d4D62d0557305,10227.303438238
0xb8058c4030E731bB851A2162CB8cd7d907218A42,10226.556071295
0x43D91255A21103211fbcd362BC75805f21262825,10146.221675992
0x2122E1009154398D26588760Dc0aC151108C5CdF,10140.278211251
0xa29E1403668Bab00425AEbAe08B86547a93d24a6,10108.538988375
0x2b9bCc82B4970b721B9A1fdC31BEe21421798094,10102.069298786
0xc41D16509abb2FC86bf2570d54126Ad6E1D92b9D,10090.76107253
0xCCaC76aa9A8c49fb015c7Fdc8244F68A27A8a92F,10071
0xEc4b611B57aA99bF2671822799cFc4c365B1a7E9,10067.662317877
0x11C7878941AdC8da8B8734d02A8B184f5520b9EC,10028.087970867
0x18cBb8dd59D6191e55fCf8Df003cF33e5654F41D,10015.857287614
0xdDc52f9c818F2bb7f66131aD783fd58eB9cd5C0f,10013.261414933
0xAF79A0A0dc2007883F5C4bBb930F6086fb699DA5,10013.154170574
0xDb6f98d9b0cE13971f4379aEFaA0B90244942A0A,10003.006399142
0x081F6CCe8c13Aff14fBf9CdF5684D332c29e2aa7,10000.430830029
0xDcEb0C8a4301046104f9cc03B393E574e9cB8eB8,10000.234231109
0xd39c173A1f0CaC01d2c954f2cA89E9ACA03CAF80,10000.012502954
0x511d3B0b764FC70061F7b4ce8eBE90419f7D4632,10000
0x3b177FD4846680B7aa04000F37EE0c689Aa88c89,10000
0xA980823c12c294D8146d77294f80348bd02d2cDa,10000
0x4d9B159D151F9A8Cfa1e323f4BFa3Ff282b7f70a,9995.36584992
0x11586fc60C0E006cFFa23bb80fDB6E7770bd3124,9978.32820853
0x7017Ec97b754B2396e8fE15D9838E1Eaae4F0b6a,9915.968362084
0x8D99316cFFc308B065Cf4eBcD81a9146271857cE,9819.136607051
0x08A463D92CE1723322f57852f9DbF487770523D8,9817.606787418
0xBd4A06Ef49EFB0337459cDd26343AE2950a2153C,9807.154000809
0xE11C81eF3123ABAb13a0fFd3CCfC80C0e5A54617,9803.45604355
0x7232fd60664060575D12653356f157A69EfcE998,9799.914826318
0xbb02FcDfBf458177B21B547b90F0263134B4384F,9743.669200686
0xED3040cE09e4BD55dE330bd23A2c823fb0ED4c6F,9722.862719243
0x7C5cfb70f38716f0Ac8ad02E3242EBE1486E067a,9717.335993044
0xca72C9091a80FEfffE64C0F865972CB7f8bDB270,9682.195431471
0x074384492A959ee58c0A0169Be27fAbf793cb0E5,9663.476691858
0xA3F395F1B7279360aC68103eC61Ca09Ceb7c87Cc,9659
0xd9091d3dA7e5692c2CAfad923275c3ebD589D85D,9649.525215612
0x1C54088ACe7B504f8c54b5Af4B24326f499F0513,9648.355910216
0xD0C24D17784add7Ed79f226807314Eff3A6E1157,9631.550089609
0x8d974A5349399E7E83F9162932CC11E67F76B558,9543.114786688
0x14caeA98Aee7E7762FBaB9241bbDc8AD570C2014,9536.381512176
0x627BE03d03536aA3Fa0C395A3f2A8dF679BDd4EA,9510.983810515
0x2B924901d887cA0f7e1C3D76cF28d1E694237f53,9472.251840086
0x2C5a29f8c66BCb292baf1cB8AbAb2a4C917273E0,9461.971028197
0x15eCAC0176C4B39c75feDB31558ff73D6E978686,9395.539322878
0x4c42207a2B6ACD55d373eE4cee91748A7B5fCf91,9385.867021426
0x5994E9e9B7B401e781A6F939848b322BBDC5363E,9372.580743746
0x86090c25578FAC3bE2f87AcF4DABfFb0921795b3,9321.110475119
0x4D8A37Fce5A470efAbbaF2b68e9f7BC6d6e50FF4,9318.110409475
0x447dce8936C2Ba479a11d01a77da43F2E82e9A3D,9288.207428181
0xa1A92B9b1c15D76269D5eDf4758184fd62a1B16A,9277.62759126
0xf2713091e685c18b784D246B35eDd98CbF387Ad4,9265.777004807
0xEC1E76672c6A70f23e8835F79C74267E1c08Fab4,9250.453290279
0xCB35048B0FED9805564A02029b74fc5CD98469d5,9218.764165146
0xFBC29b6cE38D03FBd95e2cc404d5e6ABa72911a1,9157.244446706
