0x86a29609123272419ea437930F58c6255aF307E1,8707.795486387
0x64144906d4747757C546FE89c363172B85AA4fD7,5509.091667804
0x00053c9ccB7caB4c9d8906eD808668d5820B5bb8,5000.000000656
0xC0C0F5F26434756358a8589a269262b4663d51d8,4807.458952101
0xeDC43AcD8D7b6c81bCa186E2c5114187b466a3b7,3885.331851547
0x9efc44dA66520aE351E1600CdA57E1F75743a543,3636.878692821
0x998Ca63aE0e5F8B13505eAbf427AE535517a7658,2521.527601301
0xE265cAA41F72e698DCc25E57475F5da8D6492E1A,2349.975753677
0x0efC40617ba5f96a8210aEc96bF6469bA0Dd2d49,2217.848914453
0xEcF3A9E1a13951C9b51C65DC566018aDC2aCf941,2175.922799927
0x3AAAe2dbe6b2393aB2fF1AF4faF1dc53d1c596bd,2014.55028367
0x5ADA9b41575947A9c8206fd9180D30A67554CBbd,2005.000000000
0xf9f198D38fDaeBb207FdEf47d56a735575BCBf07,2000.980518939
0x7ba828abc10B96b165c7A00b480d7f2B98E06Ecf,1837.101530411
0x8E2717A3d014D6E1a8e3d1ec8C34187a238D495C,1820.854324493
0x606e00AD3529874CEf7Eb20b7CA0596daC0A45b5,1789.596297752
0xC462e209Afe55FCE95dE02672abfE8320f45A01e,1772.309089702
0x81c9bc84c16958c01C4904976ae34b5aDF1caB74,1600.352304026
0x38f5a75daC180C9B6a4D75705c6563B238419537,1557.879256775
0x0DC92F3F9e3Fd465AE162E536c7F94f8199b2553,1457.868286869
0x983107103d1a8fe18166A8f55C4F06eC24afafed,1446.002821542
0xA169D46B6182268faB7f108F9D5C826D1338558a,1399.58355345
0xa9A05eeDA84EA0fa754D4F3801D7d78aDE91a15E,1372.809142544
0x7E2156B0AC1F6372f746A8c7BbC733F8422eDeB4,1268.518205342
0xCbE6944BEe1D850e0EE0505C94AA9DCAb93CD6f9,1232.954182227
0xc9F4560b18d50F0FccA978960a2Ccda6E2ec9CA5,1101.949921078
0xf166c30fF43A0CD0c1755B8C98122dBd06f3B70E,1016.347079369
0x2B4b36184B67f68f98A7ACFCdb639617388C6C90,1014.064562606
0x4BD3d4f3c19bC1090D133B26BA3E3d8803FF054D,970.594284531
0x6540f605714228A11dca0FFe4962557283A46994,952.701759096
0x771764C679FB670948478Ac478E74A7e530D25aC,948.978482653
0xF38985cfA6d400b12a2f4C740cdf3203752700A9,931.748714038
0xEe803D7E1f3bc447a87c81F49080e299998dCFcA,926.829193608
0x6A6c90445BFA99cBB2C2FE06F9Fa96e89f9c2A5c,913.259267497
0x245919799B3388549a252ce1220B75c61066fC3F,900.402929709
0x7D6720cB6cFC05217c3aF3567f46bbA910924Ea6,889.30126464
0xb0546139c94E4884a9ce53f8318D899be61D558C,874.510813771
0x9d2424BDE9398E493489329510e44AA4839A865D,861.093078391
0x3c5E660872394774cc2BF56C28eb766c42fbD398,809.122736992
0x50a5496A25426191493B6E9837697Fa66ceDaF6C,800.0000002
0x81ba69799Fa06b482a211f57e716Fb852b2940fb,800.0000002
0xA2Cf799F9d26323c341E0C6a43D80D6079AE54ea,795.233266336
0x1ea8FAb2B26b2EaF63eCC23f3Ea282491cAB4B79,736.53607523
0x5F3B8A1c330Ab2d9DD4aE38Ec510DE7038D04B7c,736.517166551
0x7707F16a93480Da300cd6E4b940CADD9Da93EB56,710.433953001
0xD122348234Ee57ab2F91EC4402042C1B7c8715A3,709.272897075
0xe7aa3dF6a0751742a220Ed50463EDeE262D4abFB,700.0000001
0xd5e11A717aD2EECd65E23AAf901175582719E33b,686.209442726
0xdFb5807356393a2D96BF7cED619fFf212653cd5e,681.508370529
0x6D6365987C2255D63324D80b6622e5c06D223c9B,673.054452653
0x6Aa7a5BB37a999D8Bb2A5a9F1C31110a68aCdD87,671.173219278
0x10F8Df2F1eB4e5D37E4f1c41D30576E942f87e77,668.431926087
0x0Fa4bbE5199743a0eD01EaF1577d227E84E35DaE,660.945370536
0xe20A337b94153185dDC53FBE45768FB881eB9b02,644.449417741
0x203C601Af2Ac565c6da67f6e3b61c118766C72cb,619.103265506
0xcBBfB0AC01a82601C3A545F3F7A0658D2b082451,602.177969168
0x3cC0A68B0f91A39762783642a093BEE4323925E4,594.561653192
0xe30D9ebc1A607cf84d8B1e32Bd741A90d0323794,580.954078849
0x622a31E751c371731c025928fFae56991B9eBe5d,571.080415844
0xA4f644567C1f63c94A11914fAaeda691763eE05F,568.991594294
0xe604f0a61ED9a1622c31b04677a183638db0b3Aa,551.864671523
0x84309a4Eb4e096ee21285160b3aF25ba88992b06,544.383498439
0x1290fF8d016F44C129D3E05934CdB813BA6fEa0D,542.529434715
0x1F95bB300658A2deA472b77CA231cfDd5cE3E40C,534.331837678
0x37aDa2792f439Fa5Dff96f5A37F9E616ad14cA83,526.098669398
0x403FD6E32eA692AfA4e1483e79430E7f37c74E35,520.3634383
0x730163d91F2D14F0794582f7A09712D9b7a80263,515
0x0a589f4D06E8FC17BA2c248F9c7E657D4c64Df31,510.363422342
0xFbdb04d3B57aDf2E3bafe3FDC85036d1fe0091EF,508.79006239
0xccB296a20A230b5b782b082B3E4F634550975122,505.295314168
0x9613bfFC605999aa0263F07b47214718E2fBdEd0,501.496483838
0xd3166F72b2f1EDCf438f27AAA0f8f7eC872dc9c0,496.329477117
0xc419dC6Fedf7107a2d418b14A6730Ef55e3C430b,491.640286464
0x70FC2be2e722ee036C93d08f70ddb558BbacBBD2,475.497156718
0xCffd770B02BfcCABF7A27011E9A882806Dc3c493,467.58087362
0xdfefA1653dee9eD586c031ee0692eA66C7519B1e,464.129874784
0x502b9bFC93140270C059289C71890baA31616be1,462.294169862
0x38D040E9fb2cF039d82fE3Efd1Cc3dc16FD73184,456.346648506
0xfFaB59a0847b375c578e9168b1AE8c0Bfff92361,452.667573726
0xF98FEde4fa905a37695A7463c1224131b6C3B355,418.109621782
0xa5CAcB283D968B6E8Ed67f3aa63665290077cF92,417.426659536
0x07eC93FcbDBB2B2FC31ef8f05e04cFFC14008A22,415.935357683
0x0A9AE6A678e45c38E87f47D6E68A957b53582252,411.567450587
0xB5f68A24323cC537b47a8D5130bE0F2bf7447795,407.325025295
0xf06B835A91D15c428B583f478e5D6AEF9948c608,402.119324121
0xaC0eEb2B68a1D0180558895EcCe6A79A1364fA61,398.079940733
0x1403E32B0627FF0dda84912007Fca38E9294654B,392.081924892
0x8e05C19b9573c7a0B6cc96639f2C3d4f7CcCEccD,385.739870301
0xe32c93e782AA88EAFb458C95eFfCe20Ef05d6870,378.201872099
0xaE70816150e72a05d8C3922CB3Ab5F44d7949902,375.199353218
0xf85a2d33cC8BAc66e3Dd4496B248865a12cf4d2c,374.297103441
0xf7D110ED429a168d673E0E798cE09D0273482dAa,372.931466775
0x048e916eD9f39C0af655109A02d947dF94971575,367.223575754
0x54a7A99C6938522A34edb427728832da7bb19fEA,365.164123987
0x61e1D20466a634ff95b66d3D83014bBC304fC096,360.009700064
0x4d22d4e415D959CB4ad56899c81022A9F748306A,360.0000002
0x2c252Dc2D5E4Bb3661d3ca44340162dC1076dA69,353.2300001
0x6d7fAfe221D0048B139501d2A65Bc44c61b48152,351.182563959
0xD58d649464f6D6aC1C9C499517C4A1D8E95805Bb,346.238852288
0x1130599D6411CD7cEE85C10e420708e59b7ae909,344.02544915
0xCF99408503A0b862d46329e3288Abc323D91Bb59,333.539789764
0x076A8cbEa29fd635B54FD60d4FAa75E0b947DD5f,327.691681132
0x851E361e479d8a7E310916EB17Eb70DeB85857Be,326.304348544
0xC2737f8B1Cd1Aa2884c1a3BeeEb8001f7792d9b0,325.012411281
0xB9434493B6245802d48f7362EbF8A6e09Cd0D84f,324.508020753
0xed313732F7D2a9085fB2902c3C300C276bEfd240,324.223869021
0x9bF189dD933315aC2B588C6Dda01c6946f24382f,318.670542012
0x88F3abf27c2B53480240C7209d160a6136F4fe23,314.126019125
0x255B8cd5DFcDAE66d1EEb7C5E92618b4371Ad529,313.508162167
0xD3df36FaE756A95b63231a1284b5F06977ba75A5,308.769985004
0x716e05CA49a11FAcCb3574625E8B9689bc66037e,304.981558205
0x5F2e03acD59485D892de0E5Ca562104485e797A9,301.756101248
0x0B3d191B7fd7073456c6F4921e04301A7C3A809a,301.7212987
0x93E6FD7c12298c6029906b8EEC1b2e2626f2bdC7,301.092884248
0x3508d576820509079330F86AdE3575112F985531,300.142316501
0xA1534d3E735CAA3f06476EDE55Dbd38ad7a770d0,300.119135008
0xc87765fbDfE479cdc8ac84417b19c7c0Ac0318b5,300.103717722
0x3e7dC306bf3E28D5BCC95F2cc079688dfF7eE330,300.091177986
0x3859338676b7D99810394906f360D1d9A1e06d2A,300.015649212
0x9FC37900ACe54f39bCfE00Ee8a7eB077d75e2476,300.000498415
0x79c1A9eE24B65DF2a304EEBE7d7CE9B18E591c96,297.663794229
0x2a57a7946a27D201FfC53d95e54c14D218dee9C4,294.594502012
0x712e34eE45aAca72Ad2e788F3cefd9f44FF614f7,291.510690333
0xc5169ab982506E02AB90ddE36A84a1eD00A80634,289.749419822
0xF140846598e091186D14f6bFbC4Dd76D7652EF75,285.229478324
0xbBb141078E3DdF6e58D0296186A46922C6468308,283.202187374
0xC77b0e206fECa18703bd121D16f01447Fdf5c917,277.890060663
0xC8eaC45e5675b941e63D4b0210C16C50683D1Df3,275.150115042
0xA3670E0b400E523679202Cc7dD7a9441Bc3CDb45,274.751608345
0xb686d8dA9fbB6702aC2aebF0955E5c11aF987291,272.675536458
0x6e0A5470e61ec7E86899c91361Ddb23126f4Dfc6,270.389786643
0x854CE35289655dAD5F41e14B60b2dc13f6f731C7,266.925947523
0x52f214E7a8d2E7B22797753DBc14dFFFc76390CF,265.408786478
0x0Bf52F4DA821771e98cddcFCF6Eaf6472E8F55aC,264.835876501
0x4022F17da209aF3c98772360D12D8f834E1f4992,262.188688909
0xAdBAEcfA90f12CFE4E30700AC793f94CA122d4af,256.924163949
0xF0E92257897F8891b13FB06e6F08FfA10b3546c9,247.995612598
0x9aA8De67B446c630428155343E8E01e67850e854,241.556031952
0xeEc620dE602C0F306917cddBfDD23Eb7D9a79Cc7,230.688392604
0xbBC8A48b604621280e02df787DAE157a10955e57,228.375820501
0x78b846CAA42e4f56B8697B3FCB9CE323FC5bbc62,224.756795923
0xB72A08A88bCF7c5aeac32758899ad03Ce7B6A537,221.485111085
0xE58fc1d1a84752Ec5F9A3327D822F4f1Fd9B4312,219.246956858
0xdfe4eaEc738239c3ff8b336D3755D9a069822510,218.754935448
0xc51b70094A084318Faa159570dfc7864f0b93191,216.151813708
0x707231b8124046172e7217F97D66C5F169A1b1Aa,216.073198496
0x61981f03f8dF227f000c62030616e7011BffA163,208.523140852
0xd0f196b66B4e18520BBD42181563e62f4aEa730E,205.226756146
0x1d32587090229b97cD71d98CAf32307EDFf579f8,202.851225624
0xa3C319f156d0343dc5dD46554b5C0567Dc8C05bE,200.874140879
0x8B47693C2f8e9bd93D75AA651022e280F6958DBB,200.576229193
0x5110eDf5b48B627440AF403a5b2807e7b2A05bC5,200.189829053
0x293634Be9792bC3d9DCc1f94004eAae733bCC734,200.0000002
0x73cF33FDDF2B50D00b4A412F5a86dC352a8fcCB3,199.092779038
0xCeE47daFD60bb3e1078Fe54Aa060b1F736A8308E,196.238494177
0x7842b280E4a2d8296bC93cEdff12240c387FE0B4,190.771329674
0x48A4b6032A94bBbccdaaBF7De2Ab9509CdE25EAd,189.607882201
0x5E9AC29a2E61915a08Fe6e97F2b8E69444cdAba0,188.924871088
0x962A8F539be7A787FD2e8A1049ced3151f88A867,184.934278641
0x567A3dF79170e503e3767b6cb822b0C87EC49D75,184.892193831
0xE11C81eF3123ABAb13a0fFd3CCfC80C0e5A54617,184.325119533
0xD6aa56Ba1a490B342C8d251A3901aa7E435E5830,181.285774119
0x8fAd6982708A0E9eC8Ae02d87137eB7c1e3E12A4,181.055639648
0x715c30Df55D250f4E419bb6d61f96AaA93994FD5,175.0000002
0x2760B1E5AeF2aAa4Fa22249eDF22f87158dDc99F,173.566340833
0x88A82eD7b6F284Ef8bDE5Ec418DB41e29616a358,171.048995932
0x081b25f5932930DdF7B7d15486e2a4bd42da64a9,171.043979477
0x867a10D3A6cF05658E0bf7760f1634C9A9A03255,169.986285513
0x85889EddB8E7FB34e4A07B02193F3DF4Cab8ccf5,167.66170449
0x98b1FB5f4Ec92aA7a94E2D4CebDCCE2B788978e1,165.759860796
0xD052112E76a5BF0E224e7E82d5E5535A22411264,162.454639041
0x542563196eA6C1ffee1979E8A8E49cE1621B12b4,162.192158587
0xf7bCf8039dE351ecf6E09E4FfA12df721B1c10A7,161.43145272
0x459C8C1B9ed20D5d5A27E28217D88892CbC4AAD6,160.528084871
0x909f3316bdE877B4e51905eA8B7cB264364607C0,158.191045991
0xfF9a724aBEe830fDf01b1582C4E2bB5465C202C0,157.6794102
0x6E3Dd650c126A46D9fb8B80eBE825EC79388aFbB,155.899117656
0x9343F29bb163013fF1a2BB7cA936a07C2aB77632,155.288598928
0xa45Fb61Bc5E32d0D63420089fEfDc91c1009EEFF,154.903093432
0x78Ea2eD89d893ADe6E536CeB4dA6aD2755161152,153.000000000
0x34CE0C943aB5d93aa07423346Cd10D11ca0a1eD9,152.590568207
0x3B07c75fF9E7ef11EBF0E7e8c011353574dbC85b,151.341034444
0x9820ddB51b0A5f509f0de93fcb9C25335f35A77e,151.06875297
0xE7bC74213b2b9C6150CFFe9505802796b1cC1562,150.926330044
0x402baeD484353E105Aa7B36Fb8F2f41A4399A550,150.000747361
0xef47a168f7a2b03CC585Ef93f6520906F7a4aDc0,150.000617118
0x8aecF91FD3CfCa272603c63a2346Fa6097e8f6FC,148.117108383
0xCfD644718fE751Dda54AB402c61a773edcC23Aa8,148.089204311
0x480b7E6079a53E10460c42393259399f4ea99651,146.621146745
0x9075e541D7daA30353fc3874a3e4e9b6c6007bab,145.000000000
0x1DfA5E86d8A3840F9a91E71B4b8b0E9b3F289062,141.851496396
0x5CB670af3883614cdf9EBa87adbaE9DeD5c9af22,139.605522462
0xEe18D5caB021D476C7DCC585C39CAb66A192f151,134.246682097
0xa18decc8451eC95b462DD25b2e6e23B3E3932BfE,132.417468759
0xbfc19510961cdD7ae6bdC4b12D7bb5DDe283983b,132.158348665
0x27454C3236b35c87615dEFb1125792854063f8D9,131.857435138
0xDB72201bFf663B2f3428b52912D11939662239Dc,130.385732622
0xa1ee66a18cCfc1B0660aa2a8E236cF42Ef6AC96a,130.037245163
0xd4EC4c5f9158AB9fB88fDaC34601CaA5f55cD603,128.851379194
0x6A80fA374E231a64a9Ab6eE5344B1B6EFb756F5c,127.784288921
0xa5aFc3c7418369b04956B90797aeF9718424817F,124.327661728
0x81EBA55a8fd192AE7c4D3185a64D8888E86AD14A,123.89874071
0x037c37E66f6Fcc6Ec28A640c64F0AfDF5e9e07BA,123.861163082
0x4D67B6b16d64612CAdb211C18c5f368b48fAbD6a,123.344405438
0x1ba001B9EF2F1A9F796D538634D38d7928D04811,122.82503491
0x4139Bd1749B49f600Aac611dD0EB200F26471b7A,119.40409412
0xb47a1786CBa5B067347A26beF2A79a529318A688,117.027413781
0x0971E99aF107B437EFA1E16CAc1Bebfa1D83f6fd,116.387472774
0xda6BC4bbb8190886cbC189dB6b61AFc433b5e98c,115.862906447
0xe9419DA5894aB63b813bD2721418a4ee1c7244e5,115.688951889
0x85451398621bf6Fff31392A9A4aef56A3d353224,115.349350845
0xd3599369e860f341b38e05d0dda5f259BE46daf7,114.918895169
0xe84651a8eaFA6674965c3Cc3DF22DD0530321F81,114.333370167
0x8c832E7A32Fa5BE1a81265eD7421B354b009262a,113.927025331
0xAE373c50fB9fE348ba17e4120D71Ed03654958D1,113.051899242
0x5972346450C970911fEfce226DE3620B9CDA1a68,112.451280046
0xA38aB1d389d7dcD2F51744B1A7f1538015EE9670,112.331060244
0xa4c942a096Eb622ceA22e40d4eDeb25D903C58a6,111.626635898
0xFDA54aDbCED7945f3FF6bded2e4469D139130611,111.507988141
0x98626D33DeCc26221aE561EaEa4F40B1DF1d2fAd,110.709610018
0xe1a4ed4CeeA004884fA00685c6E4367967051B6C,110.683897482
0x166Db8e777b0f7Ac8159e7F3DBefAEBd0e593075,108.012685123
0x463bfB175d6216064834A2E503AC949e534DcE4e,107.249764221
0xf5207375BE2C12dc211d0829dC42d42ee7664c9B,106.47888
0x45256292e221D5BE1cD01410C1Eec1096A636bF5,106.143636543
0x61c9aa51Bf0E5B4FDC4DB62d9265D806ef70a638,105.408119821
0x80Ae5af694bC6deE6B7abfdC4035169185cfdfC0,105.171454269
0xDc388957DB3a16dd832AbAbaC3F1B674583BF16F,102.713443166
0x13531731A6b609846dA9592A9396C71000A99a59,102.53692584
0xe9da7eeEBb27fdfdcBB5dea72c67F8587A94eFC5,102.245094911
0x237eE97D621EA9fef067aeC88DAaFA6598C1AA55,101.580921772
0xfdC65fb294Dae1CcE1A363ba4E9c96073b4381C5,101.465863814
0x741B6B052631E83fbDD92eE3657d4f7192943df1,100.835951382
0xF01d98be4E994429f03FE311EFA4544732c6cb88,100.319745933
0xd39c173A1f0CaC01d2c954f2cA89E9ACA03CAF80,100.127606838
0x54535637f05Ab71E9B033D4a636e5B43061a16c1,100.05
0x4D75AE9817C860Bc12C8220D79F4F48257296ce3,100.0000002
0xe9eB905D10Ea94DFAf60487367BF4344AB23c445,100
0xbBa9bE4F32B5b3ce06B0EF841902FE5aCFa219d0,99.874050251
0xA0E13E16B59e93502cb4A8ab8811c2740AE23143,99.738906698
0x9016440db0e19c49afb4A3D138cAF8bEF74fa517,99.406504842
0x5AA5B70aCceCA8494412B7B1b54314E3Dd1241eA,98.433122093
0x8D371D00Ee73e264a7E509a916ED83bceAdEc721,97.386135375
0x081F6CCe8c13Aff14fBf9CdF5684D332c29e2aa7,96.281971544
0x3040a1476C06cf9477dA3184eC407661f284C579,95.533722539
0xb038b51EfE6Fe274C4F78D50d692373CF0C80CD1,94.748965966
0x8bB7d23611800559e8E0fBb81CbA8CE1162a3E99,94.397001693
0x495a23c2f2F76f067aAB03aa05e35db170E27a5D,94.387712863
0x81eC1f2e7985db6cc30B34E2e1fA6675C90c9be5,93.837349323
0xf33EFC106D3C50b92327F3b2ce6d03a2362dCe10,92.811916792
0xFb68b358103200d160ba577e67E0Fe387C9eCcE8,92.776586924
0x4acd9fDDA2F8238C6CBc5d92eC0430910F69d29d,92.311860392
0x8A3dc000CEb94fe03870fF99E1f7908973BD9790,91.770547672
0x8f492C7c4F6d3FDD65c4b053e20cB406627a5038,91.533643735
0xF326819d44Fb420CDba7D1291abaC9E2af139FA5,89.885785427
0x9a6EAdD8ad9503887fD5e4eeF05D67BfC00d96A1,89.736655605
0xD357947854fE43Df5e955A7E2D2a302A9D912758,89.6
0xa0a87141ccFD8B4B716BF2e75143f84357586118,89.424998943
0x350F2a9878BC363DF84332Ca3022753971f5C452,88.942412662
0x51dfC38175d869B7f2ff6B6dF3A5Bb48cCa707b7,88.675565929
0x2c09acC55057DB38C5f82Ea756a8bbc6a25F5d68,87.81601752
0xF06804E3e8de89F5c76cea4e7C901240094F099D,87.308622446
0x4CA0faD9595c10bdEB79F6315Ed75f11e56f2A28,86.610777041
0xdFBD8321Cf48Af79e099fEFF3bc7560799f50C51,85.841233154
0x34B5D360bbe7C740FBcdf886AC34D47c4830fdF3,84.842394707
0x99dfF2e806bBdB6eF087a0e3F81993667876683B,84.140077203
0x20A3A8Fb17Aca57317aE89aa154561961442E787,84.008620042
0x262086d1BDB46147eB3bF9c6d1229E6477153605,83.129024957
0xB3fc04DDaC6a699F394858A9b5D80885dfC19573,82.729197713
0xaC4740A512A1F8BD92fbED6ea0560a1378b4e103,82.359001344
0x20F18aD8D29EaEB9869F2148cc06457DAC75825D,82.325717359
0xE81a684c9E6511Fc81C161777b31065596CA08db,81.651289392
0x650f58B6A2CA1c0D00805ac4b6Cf15263387078E,81.177716074
0xc4239E615d70CbD749995b59710EB356E6AC193a,80.063675857
0x304c2fa29430e7587BdA0e7920cA0CeF556C0bd9,79.890136012
0x98f1B27FFca348B3390c0DEFac2716fC5c428305,78.637364982
0x200bd04F99b54f6C99ba6D61fb8c2F03769B4787,78.275888477
0x7213fbCaCF777FE3Ae752450fB98042171a4F234,77.203008315
0x1E360de2Ba0C622aD91129752B5bE6122a1a0907,77.141895569
0x27F81CE93a780D21940077DeC3271D2aCB108004,75.442871877
0xDd38664CB29A073C7A96585e6Ee467a084281321,75.220892139
0xC2f8b66BdEe62e9CF52Bf322fD1652a6B371c5a2,74.250246951
0xf45dF530183D489858BCF0f683F24945f631Ca4A,73.100960434
0x336FeE381c93a9B23922dA1B32601273A831F158,73.006366137
0xA30bee3Da0d8aFaFd159B81e753f23CA3905d5C5,72.954108681
0xDa917b8FF4C8206ba84Ae5aaC056eE1dE5b69a37,72.054438989
0x9eB36fF52dbEa591B00a76e8CDF1e68c59E32736,71.609547894
0x97fDD4b9ecDdCe3265695c8AB91e275C17f8F0E8,71.340821455
0x0792263f6B2294b4ba5b6bE2e396C49eA1b74d56,71.239065703
0xFe5C133d94f622b17584a3CAfc396A8b1a8dFB76,70.000211532
0x8151CFAa53E2FAB0EcC9f90276EDA6938e84bf08,69.820214015
0xb6a3006e6699175D5408A8ceB97723026898938C,69.682541831
0x96f242A5d4Cd3D98EDC8380AaC92951db577EA4E,69.306131477
0x20D70C91B43f6523e4bF0fe5781283C4F485aAF5,69.114873527
0x76870Fbe2A73065DC63C0011528e55104322d13B,68.94842493
0xA991ba2F487fa1c29D573202f1fE2e77E33653EF,68.904789448
0xE486A29d45831CA761f7EBFF54918CA2de490215,68.487036165
0xFf2Da444b807603D66E75507F4eFD4E17C0cA40B,67.933373611
0xAA397038EEc0F108fE30bBD1744BF90bCBce2873,67.441659167
0xC6effDeCd3Ab7b2b25202B31fa669A466f8e6980,66.580401377
0xfC389C4119D1B90Af7802551f1E9F9c7167583d4,66.522482682
0x47a04ECA33836E43D92bfe38396faE599DFF782d,66.397610562
0x8D633CD751F00c4DE7E9A81d607838790bbA4a88,65.982383519
0x5530f547ABC7A9250b79131E105d9e41813F02F3,64.647918579
0x620682F44291BFA727e58e2A0C8189A6cecaaB7E,64.563437049
0xa0D311359a1331C71AFc80742fD0975481ACF6Ef,64.020050853
0x31dc3e5B62BB9Bb042b559D0736ABda97Db0Df15,63.779034039
0x2D4D1858a1adF138DfC61A063a787C40985b2851,63.754417037
0xb62efd2886717Ae170679Fd78933a4258cB760f5,63.517086575
0x30EDb2Dd04d1dc95dA5826a6fc41d185F2B28c21,63.024394074
0x99485477585da95c09C4D5fB2013cB0Aba030ed0,61.737651448
0x8cA999dbA3FFec22115470D10d1eAFF70f18cf3F,61.535767855
0x4746b4fC0c449e4c514aCb9c640ED0fC64Dcdf12,60.839807750
0x8678A4A3d49ef60494153Cd013563ff818Aa07Ff,60.802723653
0xecc0B2f0d7C31427525b14B41342f1129Ed5e2Fa,60.186336897
0xA2B36553b631Bd37292460966f8b34EFd6aDc7dA,60.12444003
0xeA110F33AC3AD7f4a0C295416e14A379665d9461,60.1
0x9C56ab38AAc15aE3BEFc43509E31e225Ba9a43A2,60.008071931
0x7C7FA5929Bc61eda68F9e4272a366D47fE8d7Cc3,59.784904594
0xc8B4E4621c3b54c239493fb8e94d92ccbc96AB5d,59.572949802
0x056fCc4e1F7A2C5478ACFe5151101aB8105759DE,59.45020048
0xC97b19BDEa2ed5cb5B723BDF3dDF90e6BDC78C34,57.874070603
0xC4e600361CF532909cE86d9c9E93020C703A4136,57.425223444
0x5BbDDe2A50027586aF7EBFFb7999Be769A32928F,57.297592528
0xa0F61Ef0d9E5459186A49fE2844924ABD6CBC69b,56.814535378
0xEa174690AA591e7Afe3Ea552837E68D15fB2135e,56.788934491
0xa33AD5e097CFA93C4A8dA85E1567EeCdC2B6493B,56.266989501
0xDE01033bd80C0E8E56BA5E17981215b0577d9bf6,55.908476261
0x0571b618bf83aafa1e23fe6714f31DBAa53E2678,55.185046649
0xD3715A38Eae39787D6a51182e208d82af2970D8F,55.014069166
0xa4618F7A76a70215015201028c0f218A38AE4db2,54.643656271
0xDD5b94847d26De5b0981904D6c565beCbCE648Cd,54.060856804
0x9DAb6E854e1099F29628c18fAFC7c25cE4882FD5,54.036157521
0x59bCE0451d3ECF95Af2f9634B0618406a4F46a50,53.75488834
0xaCC404a0F66fFD697388806799c209563B1Bda0e,53.645381261
0x725aB126b08fC450f06B31E7019c4313AcEE5f34,53.331059572
0xD0C24D17784add7Ed79f226807314Eff3A6E1157,52.956956207
0x42870f78217130218ac0508117C291FD0E2B3E3a,52.947861018
0x4D5e034054Cf335eAcf866420C479169aa0766a2,52.791389574
0x3E69a09ce3378191B4D77d9ebbEFe0a16CB82CD3,52.667812399
0x4283aD8FC6b2a629790338700c30E7E8033730A5,52.557380513
0xbe6F3470cb24410a9a9d7B20974F03697DF1709f,52.331236649
0xEe89A45070D9328239DA9C0aE58EAb0D078C4F4B,52.24575645
0xe3581eAB88dbd058A5e4c38f70bEDa22d0677a36,52.076641283
0xeA5473Ad458681Da0Babe4739c7d7f25267A8924,51.837978712
0x6497d6A8F787B24e9CECEB9e42a44Ec3f677cFfb,51.795129648
0xe50c6f77Fffe0896F984A1dd8612315871A416d1,51.751451499
0x24533B54F07bF4fD790b852116263D97A75c898C,51.28336006
0x364B71AC7BFCDe48FB00Bb77DbD73D3531519DeE,51.217435264
0xbBcFA5A4e2dE1ab956f385CEda7c155de8BB67Da,51.050726308
0x832690576eD08De9Ea85210672B49cBF41940353,51.017801975
0x56f0668CF0EF537799836e1Bec1F669EeE56aBAf,50.972580391
0xD8db60956D187641Ffaf211855e2832616265E7C,50.90484404
0xFfa5C109ddDBa6a506d71B7C2a3dbeb39B7C38c4,50.870507776
0xc96F723ca857E2853034AC7342B7d22b06f7babd,50.674863124
0xbed7b1cB1126c39Dc19e0E95dcEFE4B81adc7256,50.601651895
0x72051683243f336A4584AcD8cb8bB16E4f841a0a,50.451303414
0xBe9F1cF7E8FdD079B1752c187612312dEB1bcEC5,50.130695649
0x18dc6e99159F65f412AEd7a4eACd07D11C52E55e,50.048466154
0x9ca4Cb9B5c3Dc946D0181bBc8BDFFa3b68283780,50.038219959
0x51788aFdc64D41BD8a4a230bfcb70e6e75c68522,50.027701124
0x729C41b4083bd96EA18F60298395662187988Cbf,50.005501163
0x804fA997d86dbc9C0bBc66dD05405D02be1F3a14,50.000054061
0x38C64DB9559FeD963115a3cA4AB7756A12828579,50.000015791
0x02F9aA0921921480553286Ac75de5db36BAFFA38,50.0000002
0xd353dC328194e9D0f3Ad93D9c6e378f6AE751912,50.0000002
0xc8BA482D10299a070bBe14d8A6dBdEc5a86f19AD,50.0000001
0x33896B572fC55e289a102c2796cbf745c90C99e4,49.877941486
0x286A358cDE5d16949F52887aeD4555af5648C4B6,49.846062801
0x20dDb1CB5285bA74EC9E899CFBfc3a1F2Ca427ee,49.558464932
0xb6EB80e8501291160b788d4cdE8E343BDfbDe490,49.519966131
0xCAD4383d6Be9638A25801625f29D22492335D79c,49.230529075
0xD0EcCEA9Ead7c7f4AE79538A4C04d360FcBDA0d6,49.074515748
0xad68328E4D17847ddFeA5F21D20560c7BB437d64,48.955216828
0x394aF6FD64D1d048B7558DF2b8f2eF29d4dA2E1A,48.787340226
0x741f5cF44791f190211F5DEa3DBe02EaD0C2b4F5,48.619757724
0x90d293297A7e33abCF432a9F2C4FFA849FF2B4DD,48.086591521
0x459D8cBF9b0116D09dD93535F5fAEA17fcF5eBbf,48.008077966
0x33dd3029bDfE5dd40f848836080022949AAE48A7,47.819179905
0x098f54FA0EC250e16BEc8F89a42C7fb729b60e2F,47.476322658
0x84bcD4dFEC10117EbF49986356b6c2A488cC43F4,47.348908256
0xD8D249D5d3677384510D1970B5B97Ff61Ac3338e,47.198407261
0x744d670fa7AF1e4D0C4BC5Ba2667567EdA43A277,46.850553365
0x2BA7CCdef1242121d7F4657e84b983662B23AFbD,46.173171545
0xF4D88DbaD51255691904dfAd23FB6256142Ed9d7,45.658480847
0xf85fD3249b32Da0acFC6E3D6a07233cfa177BFB3,45.246915536
0x6803e6BDF81e39E66E860D724406ccEFAf756D1b,45.207063553
0xD163DC9880497E8E98c648DFCFBBCef146b33554,45.064779211
0x877a2ea087477803cE007eaAdEA09f45690F15B9,45.0000001
0x9E1886DFA2BCcD48107d11923B6acf2c05C81d64,44.986929038
0x12019b564D2C6673e98D0e98c91F44870600d30b,44.335978716
0x226895BA07F509655e6A82E874841a8a0086BE63,44.244715133
0xb21404e844d00C52E66B384900778Ad4D9DA83Bd,43.807567833
0x1A290c7e1e4E61964e7bd3A0D9BaCeA919bb69d6,43.581428827
0xf80E63d520A4C588FFC6E661F9fA1d5315D1FDcC,43.560498845
0x7ED12E4a4C8fC1DE37b16D2A0DEF0b7757a0baf1,43.222687182
0x34147a31fc526105fACEF922CC354114DAf47751,43.193755923
0xEA12fBFFdb32dE053017378761aB5d53fbDDC9F3,43.033801774
0xe991330CCFe8aF69fB747dFb200Ad972047AC34e,42.782120846
0x3B0990Dc11eFB00Ec4Eb8e9669DE85733B976981,42.359536529
0xc238789C14c3095c976570575E5337fC32e9FcF8,42.000000000
0x01Ad2d28a8aaA84E781d4Cf3451f5f2E82295B37,41.328631913
0xA2F2aF4c23c7f20b6a62f96D19FF33F2862Fa730,41.186479567
0x044f9be293a059441355F2F71F2d67867EF07eb8,40.688688249
0x06dc4a6DC31Bc41752395CbA97488F080d7Dca5C,40.40017907
0x2fC286977e5b76D0171650835682669d0d78986d,40.165587188
0x08Fc0f296cF746573e87C61Cc5CadCe0e18c41b2,40.142980901
0x2b3E0AAe0b713f668a35E00cef5AcD84019b9626,40.10932097
0x4B0C06954A5aE6D43dc7F616DFE1b9d274e08d20,40.049179768
0xDBf10a4D1D71023aD76479B29bB0E221E71fb905,40.007017577
0x849Cd94E5269289819a11810CB33aaDbbD96d9DA,39.736755053
0x0Dc81Dde6AEEd191176a89b0045D2580C5457F84,39.576910574
0xCEaF2c4D8f0b551A696A9F9758Cfd79d06595302,38.550978098
0x92F94780645218Fe7e478f8cB0d971c05df3D62C,38.507190062
0x9919a05Cc4B1c3293fDF4844caAf6bb8F8176412,38.468370956
0x5993C99e5ACbC06F7a8c14F41510f569A8acBA0f,38.128536826
0xf933a003ba0E62E2bB93412253bbEa195Bac876C,38.02959873
0xa63E085700807BEf7af87d5a1b85f3A728E4a576,37.772783832
0x3a0Ab4858F9Ae40897D60Fd8A30685E972b37D4F,37.476579503
0x53eC0e1c079461037F672fAC4563ee34C356E53F,37.293596583
0xA96b6D5fd7FD9a7026D1d3B68075302C2a9751CC,37.204784399
0xCa625BF71bafabA4873bCb93bbae99487EB6008F,37.132861087
0xfE127d117bF749f8681E46a4317E9b9D61a1489c,37.116592601
0x5E4A1AdE77f0416B552fFB2F018C3438eA1F2449,36.708957175
0x7FF603B3578405ADB0c59af83Af3E0d454E3EB89,36.702033583
0x94F49Cd9D812Ab64aF09e9937bF1CF5adD14Bb6A,36.618823084
0xEB82891ef442347bbABf430f396d0087fd91e234,36.568227012
0x84C84cBE84a15E510032687747e52a7cb5274438,35.98059154
0x96646202716941cB1A392311C6E7da96729E7946,35.962574563
0x1Bb67032deB688006fb4A94E687E180b49661a48,35.955847767
0xD76fCDa73dbd5bbae8B80e0A6Be941a375ef51fe,35.871408492
0x0beAB2726bc9A67D74f9a30b386ec469Fd7922d0,35.863576628
0x6f17FE667ABcfC95ce85E327cF5b5E85d1056361,35.508664414
0x4Ac5Df8f19990DB240d1ba400f3674eb875B3759,35.302552932
0xA10aBd17bE7b0E55Bf5A5769b0286088E34c7267,35.23540914
0xd7CB508e20D176b0e999A34f7aD35DaCEfe07dE2,35.228854973
0xFF3e0cb693771BC777f7949c45f7Ee550c91Eb2A,35.120873993
0xde20dF6a82C6A2706C71cA6e9Dd21c09e2704CF5,35.026094001
0x43C49FA3858Dfc0D62BBC3DdEC91E8Ad42853243,34.931989106
0xe553440ad03acc967A8ADE7611f71e765baEbb26,34.928277556
0xA4Bd5D096568460b3c2C8Ce4E539004a749CcEEA,34.517846314
0x140d966b3BE6ACbb33172a7E2B8931B20a28FCca,34.05383665
0x2cAf64e80c87d1Fdb5fa06910266A4197Ad3f261,34.025732139
0x2A55b5Fd984250191A4857273c09e170fdBdf278,33.858994803
0x6Ca2228AafB5EE2caF46A57F4CC481191d62d3f9,33.843852967
0x6E2cA666Dc491F9DB8247C3C6Ab183bFA7EAB08A,33.778102863
0x53535B2e76e5c28385979A60e4DaBC7feF84C89c,33.403498471
0x8E1515328db07054e131D8F3A3467344d7AE9118,33.286569936
0x7A6805c2A0e39220713189Dd92499e19C16a22AF,33.273341574
0xD4C1CC610664461562811e2D36B6607b22650B4F,33.186757975
0x16DfA61a9f12131d36B2A55BfbE35b76DBB81dC2,32.795540648
0x4Cd81E471a737d3dFA05dDD67057Cf21e953C9eE,32.780027237
0xf361Eed07fC56FE8bd9622721c24610f7bB25AE4,32.598512464
0x6E2fc783a06460acfAA9158F39efa9BF8462b929,32.583076228
0x83aae8D3B7ed01323DC230906f67d874e3A2e01A,32.547924987
0xe5b2937d5cBD423cB30d3f95887597D779bBaa06,32.521859864
0xA2fC17b5616Da800d52fC284f6b4151E0067af2E,32.475825841
0xabdf4e1941b0ffA88617483Cd446a0B86e3f742f,32.423976202
0x9Aeb7Df14C7a2472DB153ff70542Cd4f62A94ba3,32.419303026
0x66C9eDBb1AfeC0D54497F783dCE70f8c8A68f244,32.268594138
0xb7B8D854aD7147A431531D986c91B9780E6DF7DE,32.155249193
0x42A29115606dF0ebcAe9BDC54bcD33d085c2D209,32.14560614
0xFd3057d0738d0E013b26EA8Eb26D48b8D21e601A,31.883451035
0xaf9aBd70504819A2F7CBEbD6C3Fd6d6af6D5FFD3,31.579982414
0x2a9bc58EF7615e434c924Ffa9a1b2241D29e2cE2,31.263210153
0x85731a01903954b4eFA04558AC25272b701b28ff,31.174632958
0x8a8088a1A3daEe3D666dC042F298FB7E3d838EBe,31.014250861
0x0A5a3Ee620cF96C3C1E466c4077baD7A58B4C0cD,30.929009507
0xC436863cB7431e2692949Ef4266035F79d588167,30.775305922
0xdf5bea019996863AB99723597106e047A227A30f,30.72026811
0x63fc06b1C4De95f07Ef2B7e44Ad862662627E840,30.349944347
0x62e923a446Eda8303Ed903C4aE7334a938215B6B,30.297915562
0x3443c5807682DFf41a9B58d15EB19E1659f79873,30.179765666
0x71cBf9A2aaD12FaDb84d559792e74eB8408067cb,30.171018596
0x4b634BD601b64ACC830F1B9232C4d5c4Ce4274a0,30.15582587
0x59d46eEa3b5Eb3ec00428948247EcB8f999F68d1,30.026843395
0x78fCd0208d349dBE5501Baef71b7F3AE7FCF453d,30.010102074
0x98aA313C40F380D57d66C64AeE1C07485988871d,29.600915754
0x310765a3d4d4151F39848eBDC80F62d1d36CEa53,29.47383649
0x90F2139A29eC0B7bffA51D5B3C391B0dFb84498a,29.18767565
0x68011249c0423A010C6e8d795E03939f6a5eD9D9,29.143169261
0x9F248ab781d3F30FF8e9771Ff27a60cD1a052391,29.011436065
0x60219BA4cD6097159701D110144B85CCE789DB88,28.986985274
0x52323744aEbee237E58B8B79091296e633b120C3,28.551077022
0x5fC254F2C04544f64Cc7e6e089D86127e9530769,28.474021205
0x8d974A5349399E7E83F9162932CC11E67F76B558,28.455844357
0x640D3E95018ea42848039fae02a151e617a26513,28.090442171
0xbc2877Ae9851BA724130b709b0A112CE7a1D217D,28.064392542
0x6D004325b9e26E90cBFbEE90F198a9Aee3573B5c,27.782769528
0x6b39B02505724f84946e2BFB29036a201B45F73d,27.551671318
0x92bC7c50A837416D8D6D0d883Ed211e22C68bf04,27.460715488
0x95117F3954b78694a6479a118eecF98Fe619E01B,27.294249281
0x8e57F3ED3D378d82E19C929cf41F38Bb4BbE4287,27.256237103
0xCCaC76aa9A8c49fb015c7Fdc8244F68A27A8a92F,27.201543843
0x4bcFC04a5B1806B8F4A95E4D0d872c015BE5cC88,27.086110731
0x0C9c326546490EE1f96F974FADae4c2189A1671E,27.049059607
0xd4E4C917d215d2dfDb9B231CB70dcbfa73DD5DC5,26.851505046
0x21195BcB3622Eba84f302e600DBB76DBC8A299f4,26.828048173
0x79Ba0e1DE000e2041C6601626ef0e31BD17c8925,26.753091403
0x18Acc75453349232A483b30090e63926B46cC512,26.752642978
0x7B9BC9d54D441C4D1d7d7ec0886D2847E77ebCab,26.704331201
0x2Fa9b4d55231B483373c26da845B5F4aD1227214,26.687008607
0xc46B011dB362825043490f95173b783fCd2881B1,26.599225875
0x25941433318025B87d2fF1863807A226F3858793,26.58694782
0xB6412D15386d04E1ADf88326A9F3E417DfEa85A2,26.547664352
0x6f2d9826a9068675961DA941004FC010cBBA1b81,26.290449501
0x9AB14B77490Cd02b61a15BF8D8Dcc1171DB3dC23,26.191460294
0xf1628cd88b9FeafA9Cee88D2713961100E373d60,26.061630721
0xb3654b48C925b0c76F0Ee41eF2166f2ae58b4Ef3,26.028809938
0x4b58b47F70114ce507EB20CaC9d6DB4B1F544d42,26.000000000
0xE1Ed7E05992ce31d6D41Ec8E23a1B5ca5623DB6A,25.790758116
0x9F745ac3BE9B1916F790bCC00C179E6c624B2b2c,25.728822768
0xF6ad3f046F1339d2Dbaa205362Fa442bAd6833a6,25.626678951
0x69cB20Fc9460b45532981D0Fbc5aE0cFCF5C696D,25.591799307
0xd73495bE28699C3747FAF0C3f56A836790C4eA5D,25.518297577
0xbF0B49f460d6154741788fEAe4A9901bb49e280A,25.311117977
0xd56ba1D585AD4AeB1070AB2763256Fb5BB473de4,25.269690092
0xED3040cE09e4BD55dE330bd23A2c823fb0ED4c6F,25.151731539
0xdc1C6e3D3D66a8C9ebCF46a587DD196e6c391f76,25.13004832
0x8696f03eA638A954D2e095e18b73599979fEB6dC,25.123011388
0xF1c0df9D09b149005B3e059213e8500070fef473,25.119686597
0x3860ba7B71bB2Fa210DfbF0B342Db27c645ad5A6,25.063697241
0x08A463D92CE1723322f57852f9DbF487770523D8,25.0000001
0x72Dd829B5c06ABaEB691c7705c313213F7C5D6bd,24.91844675
0x9705E501Dd8e215A4131fE407CeACcab453Aa4b5,24.86718904
0x5b000306b9e662B59f9cE2D9E9b38e3Fb3B667C3,24.86615704
0xa4683B3aA8cE12270baF5362D59fb63Ad0e469ed,24.859364084
0x360092BC0E3a103DD4eB7f6835f38Fffba350eAA,24.772474433
0xc41D16509abb2FC86bf2570d54126Ad6E1D92b9D,24.750829745
0xB7e8ca60F28941F6Dd43619f148f358e0f4Dcd5E,24.499962717
0x705952280DAB69aE77Ab93cf8877fDB00a617928,24.449305823
0xc8EbDc6766e81B1AB200347147e281D3C5cf215f,24.222173818
0x27B379E2bB9D02ADc405E1dB423dD80a8AaBdA5B,24.193154735
0x3247f00e61eDfC8e0b65C2Bb78Beb2429B7A2f11,24.174788882
0xD0A29A845a90118B27CeA2235f0172e8B7Ef9016,24.13759631
0x08d7a4ebd0AabbC480e31165B5380B31689B5792,24.097921786
0x1106BBff57d7B57367B0C8890909881cc5fD3E42,24.036358363
0x48a11E8cEF42e0342c2Fa6b2C9413f00E61472D0,24.019990424
0x648f6F0c40432fBcf1C7d83bDE3B1739d4434f56,23.95823086
0x1357c558a81336E64c0fABFc0183cA2066394F0f,23.886386621
0xeeaf26426866ac9C5729d7F666736ae3Eef377dd,23.789049231
0x8f30a5c8b7e9d749762550F9BE3315b1f31348a8,23.764650426
0x62c605F7A93Cf97E9A44751Ab4a028f0c338c217,23.680835697
0x1EC7269bA10b0899a72B2Da778856e5fcd16421F,23.673189193
0x525D172A6ae5d0fD2Ea61f399b34f00A05124c43,23.598293989
0xE4082C1042dcB583d1B01DE46a0d01bA460588B2,23.543065324
0xe192EF9A59C006C3813f07533e59D35400bC58fb,23.504608612
0xcDD995009C852c1ac034399aAF8e05BB5c7a76E4,23.427805514
0x9ff708365AE9E49785FaD93e4B565E0571F76f51,23.365320446
0x3213281b04c0E97D128BA2362cC2B8E5c05840FB,23.270242297
0xF5fE1cf919Ab2713d20ac1DBE1484921A984E918,23.188958804
0x71D9Ec30A510577B1ec732d341A515a81FA1C8AA,23.183401484
0xD330F19974d97f74823D578F0Ad62eBCfC4d759E,23.097770141
0x4a8A4Ba80dBf2db1Adacf67BDEbA5E8a74BB8629,23.059753073
0xB6c03434DD07b081598b95424B808D6745FD688A,22.947453616
0x02741A1b30149634896c61a48510E7aCA15BC668,22.901737332
0x76091A110C6Ef9D8C8E4B646EfE5B99ae0a19e3E,22.855869387
0x0C8DaDE55C4154EFA89bF466Eeb72A966482134f,22.49912785
0xE6cB0D9c279510964C4D44686b51bE1B780894C1,22.456411252
0x6c6CDBd4b552e050Fc2FCEfE8B8C4E4D2D75574D,22.328877638
0xcC8E935041dB8Add383218D6c33175661dD5Fe23,22.321103396
0x4Ab858e3D527ED9Fb8B9635b70E2b8D6240DC3e9,22.092349763
0xAca3B3b487eC5Fd7EB5aF9386a29D2065325b165,22.031693544
0x5FdAb77bC16E1d41968A9E38ACb2Ee66D533Fa15,21.934233605
0xdD104622FE5eA8aB2010e7CAbd8d8fc1DcF344fa,21.907151397
0xAC7798791a909597a1d58ea219Bd7fC407faBefd,21.667916561
0xf937d87E5D1dE3fF6C24ae083fe124243FE3cB29,21.504513119
0x60A92c099Dd790C3c0Fe2D138276f2937DeFf5d1,21.50408332
0x08174Da6D8385BaF3167C684b2103ca89CC8413f,21.475449001
0x954920d409e057f2E183bfdC281BA173421d6D30,21.473651055
0x7d8A980dA19EE80aBBe068c809Af8b850Cab8993,21.418632792
0xAd2EDE2a08B90cc8d82C5a9fFBC045561e8253B0,21.410904421
0x78d536C130b5F00e0201B2d17991DFAE833959e8,21.344651759
0x5bdfc998Ac3d0AD453a67C1D1239482bE8AfbdC9,21.292424211
0xb1840F1A931a9BCe07B1657AC6625f918BB23FB7,21.150487548
0x90eD72Cd40ee0FD07EdDd2377CAE401d437feA47,20.880953955
0xb397A2596AB37F6CDFb6979F02Da5605eB96ed8D,20.862643679
0xA88968D4101E6bAB069dF2FD041063815d015c31,20.84260345
0x8D99316cFFc308B065Cf4eBcD81a9146271857cE,20.725977258
0x27fe0510807133e864d0f75ab5A9145e4FAa0a75,20.725664604
0x27113C0de1A848D77c4C343D0A2935951Fe4834a,20.691098574
0x11C7878941AdC8da8B8734d02A8B184f5520b9EC,20.639539247
0x1940cF2eCF7ED69D6961b292d69f970726E2556E,20.61796427
0x447dce8936C2Ba479a11d01a77da43F2E82e9A3D,20.530332675
0x55462eF99f4Fd758075Ca481F816D32A7bc4D04a,20.518523088
0x19413410446e5e3925A043E2c2D9FCc8F7F603aa,20.507149296
0x9f137B0510B4F1B94546214604Ec050a8D5Fd287,20.485906071
0x896EA9F9c8E68677115B2C8AB16aC5A40347BFF1,20.471383383
0xc2641e5Fe18097e6961D0EA1767bD7dB39D6272F,20.44987409
0xB91A1EBC569CE6751Bf57c227211de5322409059,20.3322662
0x4fEfa6EFED2FdBbC5331359DB35ddeBcDbfFe6aa,20.096411451
0x8A3DB43C4e009B2cA9430fAa63BD573aE28Ea521,20.0000002
0xF8Ccfe3856D0CF90d2E872E68FF23Bc664D16B10,19.890352862
0xF3Cee72867aaC7845013EA01E39214c38140c12A,19.64843386
0x54bB9dC80e88D1Aa49B6995C576bE5350fea7E1e,19.433041173
0xda3c8015D0a22E3bdb95406048db0D93c3110C44,19.410396203
0xF29ad2d03Ae506abA27D1F3030f5174aE99B75c8,19.402955655
0x04eaf42FD6915B0022d0c624EF9D6aab3852aE33,19.398583924
0x30822F51818056026bAB1C5BB616243dA04215Fd,19.390840056
0xdbC02f8aeBfFf503a8dF69628714fd88a1AD693E,19.37878801
0x5B4bdBc5606F7fE75575981BeA4B567D835059E3,19.360679813
0xA4c2122F7B89dA493c9f48C96F96BA338cc33561,19.215947524
0x981397AC2ED6A67fD576b72518B94622f1c39c42,19.125833545
0xC1f7e462f190DE874e4e870c0438Ee47104FDe66,19.066673089
0xe85CC33aEB7368158d0A3387B8179e76382a8Cb9,18.974881039
0x32842FbBD1308695381F423D8d955da253922f6F,18.849284548
0x1C54088ACe7B504f8c54b5Af4B24326f499F0513,18.769457749
0xf6210eFB6eD917578dA3f44076fDbE424cbcD66C,18.737548187
0xE488b7408C490D003F3941eD7adC3006Bb25b19e,18.678692206
0xA957421132C4bE10203eFf9BED81EeC7057680d3,18.589461181
0x0A74B801611EB5faf4eeb69640E66B10cF6ACF90,18.562142258
0x9eB41cfabff0164B1f6299Cb669D6A7B5D4F149c,18.537266583
0xDcBC72870dFA2D8E1311BE60c1FFebAC31251ac2,18.509385
0xA57ef8e299644D7045F230A0468AcB913DF0827D,18.487668764
0xf53095e9dD3B57CB21fAAa45ec6fc9f5F14F392E,18.464734928
0x6Be264BB63Fd7a22daeF74f10B96826140a8Db5d,18.41564881
0x29b52d99e57739F0363BC8D5584758E94EE6C38b,18.33
0x5AB0bea910AB030e244Bb44a35a58f7F79A84054,18.262335257
0x842dE0B5C965FFb09B71739719Af0A949e695a87,18.178602467
0x4947BF32cC303E9B15516dD7938CcDE415c2f194,18.146969285
0x6ec7fbB98C6Cf13fb78A135EdDB37d1d793DB2A7,18.045690031
0xF4f216F41124f4E0a98019eDa6e93fF9038157Ac,18.000000000
0xff19235B4614eeEc1fC9bbbECd904DC34FF87708,17.838999651
0x50dA7D9f28BD71Bee222673BEee65984f0655B8E,17.798055331
0x3E456A894359658D3C9693e25BcC0a1c2895D8d8,17.740666239
0xA980823c12c294D8146d77294f80348bd02d2cDa,17.735
0x460B81eC4D139685097355A30E45D9E272758bAA,17.711524419
0xf074A101584f0E2e4F56F5Ec8B82166Eebe02413,17.674426826
0x4d9B159D151F9A8Cfa1e323f4BFa3Ff282b7f70a,17.649698874
0x0b3fE2fFa2Ec560d80C93089EB8CF6dF13c72996,17.6328019
0x177175D9857b20D77173B6B247d731A0Dbe6ce89,17.60955048
0xe0f5914f8a7a5a2034021e1ee01105A0a4eC72d2,17.600762876
0x84B3F8478b0fb285097cFBf4651De575e5fe0652,17.469289292
0x3C6E196F771479B2E5E1B57B6F3313ceFE3ced8a,17.446347698
0xD21143E73B21AE4F76800d2A50DE1486D1C2427A,17.431617743
0x46ADF1C7035263BF95Ed13FefA00039F54c7DCa7,17.367779889
0x69d7F73fbB66251Cca7B2Dd354FB118505Dc709b,17.262672145
0xd70ef16E1fe89ef25EAe5292579AEb7FDc4A8080,17.252336448
0x25a79d73d13150E35812fD7ba759E9960c0D13B9,17.226698775
0x9b54485cE7111dc91DFc2F842C7F061e70009d34,17.145170797
0xB662F257263A27F3dB15fe77Ea92C0A09cC369cE,17.082659429
0x49AE7Ad2870f062493842BB4211C2A49D11f0FfC,17.082482652
0x4e20471DfD93aF9F515e5d27D691613298AD0Bd5,17.069569214
0xf0dFe9412AaCC0C7B18F06929B5e5B6D372d9921,17.035767546
0x09B6A7094c8fBF94Fd827785E30E6420aaacfc83,16.979866771
0xB3462c5a015e7f1cF145Fcf0756bE9f38DC0ecCa,16.958474284
0x4A200D5AA9983ed1473cdA35BE9e70A08DC598aC,16.933459004
0x0f311F8c930e9450e078382EfFe21558124c019a,16.8802578
0xe865F4344f6Bf586D4c98190C1461B1252fb0aea,16.76959785
0x6C3Ea889F5C52184F8643ADEd87bd772Ddc7ba3c,16.748135794
0x6f8fC37B506fd23147B38ec93Df20191cb1CA412,16.688067211
0xbaB064FAD36A2590B036AF2E897aBd3303C9291e,16.597613229
0xe1Ed50Ca8dD4af4a52f1357a479F4896EAD98F9b,16.554563842
0x7232fd60664060575D12653356f157A69EfcE998,16.508440744
0xc61f30dc46785DA5ca55EA290Ca5FB4EF8C8623B,16.496739657
0xB9610aa559dd8eB3234F84F30a6d15C7E572042A,16.421660392
0x11586fc60C0E006cFFa23bb80fDB6E7770bd3124,16.348600789
0x4bfdD1F113f918A35c3b49F819E8f2A0A1A3ce1F,16.345890475
0x4A1113525cfE55dD5cF083DE08225561858A639B,16.337683489
0x171A93F8504aCC76f84D4f3bc1590038044095be,16.181845469
0x7B5FD674fFDf39Ab1A59dfAD65838b3f4471A5ed,16.179986346
0xC4c376a5f5901f349B6c6b3Eb8538b6B44459412,16.17919279
0x5ADC7e91F96f17D08329946BC1353b6A08487b40,16.140730091
0xA400658129cCA4C43470126Fa43560078309efb9,16.094553034
0xE03dDD1eE4B19660762D2e37E61F23111b4a7206,16.00307903
0xA2ff74764C2Cd5f4B060Da09447f86500555841d,15.93498041
0xbC1dB8bC3fB37dfa2af641d00c67E3dccf831e7D,15.814673217
0x705D3aEd4ce1016dE49c12719D9d4e9ceDB55534,15.769167511
0x54b9d2EBeC11d3A7e572397E338F9DB727F04827,15.651515182
0x314b35D6e0ED692d33687336A32D8d1feb13C167,15.620563462
0xE3849C79E42014e407f2Bfa6e227C95B83A01565,15.599712794
0x6FA57Aa6607b6e0CdD7e2449C080555646cafACF,15.588559354
0xE4bb01714f3aCfab5a3c33F8Bf1838dEC3a6c329,15.503938804
0x2A5036efA7af07C8aa5e55f00ec1bDccFD697161,15.469281269
0x10b02a9cafdEe5964Ae556f7C416F77A727d844B,15.405617938
0x1608e58C15336E221A417B086479f28023Ea6B14,15.400399415
0xcE3664E1D5823088b174AC647694f401C96a1aC7,15.336217201
0x7182Aa0723E0d9c10c62575fc74Ef079B864c53a,15.261561715
0x9092e95A7e2257b779886C70fE2DB7c251148595,15.225684671
0x12BB1468A4bEE27635D1F55bb669cf3F6A99FDC6,15.139205397
0xA5B545f02c2205DDB44e7481C3d6A3fe55BbFebB,15.075762886
0x601D51cE491472927798d2ffe72d3e6B6D5e7D29,15.054183269
0x580319ad51F6b9911Fe038FEd67EeCFdbb3d8942,15.049207634
0x7bc365ca1cA167eb35f52F75E87C624ccEc40326,15.03039447
0xa949a3f67944305d784E0327b0f1Fc5420773A41,15.012951075
0x831515AFCBF7D1aBf262f0eDc383711A5b7060Da,15.006975317
0xfa4552cA613aee1880f44F7e02BbB74C2A806F51,15.00004371
0x05251be3c00DBE719cEA6a582873a1009a5d674f,15.000000000
0x55B771D643D3e1D54D0ecFd8CF90df10670087C4,14.942479912
0xFDF28f8C19eA3fE56A019CD379E2037559c40D5f,14.895907857
0x6d3DCB9CCa2be58AE543bE6319463fEF333886BB,14.789743427
0xA38125A342Af2e50a57b922Df9c4cf96A6871015,14.750739856
0x3775AcB5C9B16016aD057E1d2bC902Ce223Ed997,14.747088317
0x3A0A0BE58A8dDb0278F888C942D2b6487fEE3987,14.618353315
0xb58CdF0030762a89f996C94d5b80571473A7758a,14.554867272
0xcECDB41f8Fad7cC50D7328d81F3797CCe46109b5,14.495759444
0xb2B919267c4e9AE88f8777FB56b1568fBa1cC42a,14.388583591
0xe4CB45adf402ab1b1891830e633e8FE72649e36d,14.377841744
0x4e11185812A7606C0e23D12081E01499e88dB246,14.344887611
0x5156691589382E59F9B8A45e53f5Fa75fd353E4b,14.289035866
0x993AeF91b2Aa250e307554c5A4D0e316233cBEa0,14.276907512
0x06c9A84ED612b759050fCf4a2dF0C5a39a1812a9,14.249445378
0x08e5EE086997eD7Ef8b2b467375d08B0Bb290514,14.11687147
0xA2f584c2E32A8643d994ad45f26EB19418664e92,14.074059278
0xb8C7f8d05d40D7e8d31F6dFDe35191041E7BA3e6,14.008325883
0xD7da233cBad878FE02079dD5Cc0CefB888a5C06A,13.872993165
0x0d60959EBC72F58C06F57892959B54813f2dBeB2,13.859328568
0x864ba56d646907D3428f154626309530BB1219B9,13.843734573
0x0ABDe39ff5b72705f6DEd832046bBB231Fc14299,13.840519269
0x487856791fBbB7B84DA04893133E4E37d179FEaA,13.836737012
0x40Bf985bD3A1467553FdF3024FD0A1640493FaD1,13.815837151
0xdB862706F4AFE17ba53C605eAe902D9fE4668A9F,13.703371251
0xfFc297F97216dAB9f3ec7F036D0d42A739DbA9Bb,13.693586359
0x3447095D21aDe330303dEc3c2411C32ed313b657,13.647842472
0xC1869E002B0f14D052678ec4fb5D25B49c3541AD,13.590800885
0x603d650973971BC560f44f65f2334fd4035642e1,13.550145624
0xd0d6f041F9654658E1B5f5cfb6d98F2098401c6F,13.498680907
0xc407855352A29C3A091563a252C1d0608B94d020,13.439090231
0xB8D68C0506fC5Fe16252F37D1e1fbad9988a0a52,13.438946067
0xf5076F72AF9B8B016c8413a928Aca55A120dfB44,13.438354758
0xFCbC43f7A74E8B5f4f7C9f4d6e6Fe090F858d7ad,13.406163409
0xeBf8AA974f0b2f8A469A2d84FE92da214B8F877F,13.392553157
0x76b8efe9f0B0a926DFC3c1eD4203d5Dec919a558,13.339391009
0xA56e94134ea9425eb4a0A8716117891950E31BA8,13.319931436
0x12F826E931E8a20316CD2Af67D677f384cC6E1dD,13.296316322
0xcC67D0ab0da09F5C9234b250A21A531be1Ecd6Df,13.284305982
0xc275775E59ABc9d88fdD37Cd5E10b2326A6eC4A4,13.272308791
0xEa09818021Bba9A8606749513610Aa1Ff0327639,13.22521041
0x68336dBe6CFAE6E1B7bFF6e32C5af50bbf6506C6,13.200719238
0xa09Ea6eD4de207a162D9AA2062848261efBdda4C,13.172598781
0x87f01C52c55c9D9D743637363b51CEa51f1ABbce,13.099752283
0xf4171B8a68C32D67ae07673F5FA34D6CBD445b25,13.051452769
0xd828698234536C6Afe6a920c8413D14f1BC563e1,13.002057925
0x7Da784f500173dCae581428141269585364f1429,12.823092566
0x37722dFd2D312cF820049ebd64544Bc522B37b37,12.768164983
0xBd511ba260eDb56E2Cb99209e26CB2851339439E,12.676174775
0x22E6b7300d0f7b69c6d6e06F8D1C0aAf101d5E97,12.672674852
0x9b889Dc7AA83b860d71572e71BAf0D7CCb06d221,12.582427827
0xFC05A3F64B7e6d1d72A557644a0ACd377afeb40F,12.541577442
0xf4d75d95AB189d1b5f256a04e155868E700a21d3,12.531974374
0xB7Ad257E465D3e929a87a423427Ae3c68De83fDc,12.526661136
0xBDc61689A38391789e1Db6D18b1Cc99a39cE3a9f,12.523283305
0xC676B6D65CF9c1f7A555D153f88357e0022312db,12.407610964
0xFf54fE2b5746af08Dc90a521ddE0D48714D672AD,12.356801958
0xe957a3d66B6367409D1147329C42Be1f405b6D6E,12.323935599
0x04B5DF777FeC7a60Db2123a47076E6bD4592E285,12.202635752
0xDfcf6d35c40B16Daf77b31966bCB8b00Ce982958,12.197320954
0x248473020F3dA9989745c69C06BEf7CB74699F64,12.185254542
0x762740C81EA411F6c39e15DaF3A6476430644531,12.178060562
0xFd3d3648E4aebd6d2db721e594653eC7F7ff6ba3,12.177264761
0xFb32D0282cd03e52264854A3D03f311f4b09D87d,12.077269525
0xaa7213c409871075cbbAEF5dF7773AA42B571F08,12.071373682
0x8323ebEdF2737410dbE5eaFa1690861b83D3Ddc6,12.063080053
0x65b8BCe04e425ca57a0AB469549aEB7d3D464565,12.021615646
0xFacB9201B7F7704dcFB3ff08822a26052da07106,12.003225068
0xA1500190c07D3225aAD136f970ECC0C727bc0669,12.000649006
0xF4151aE9fFD56c8AE3032fDa08dA153cC49e6731,11.977464995
0x051091A46Da3BE077bB8374d8d2854037aa50Ac9,11.973941315
0x4D8A37Fce5A470efAbbaF2b68e9f7BC6d6e50FF4,11.922257997
0xe66bB34f1d92774d2Dc5589FC768a50924a5Cee6,11.910274195
0x188Ef862024E1E06095E89F21547127056A07c2d,11.895198696
0x660cC759E32D5B81F15C005E6151f4DB3dc9249D,11.849458455
0xA9884027883a098485850777c554c9062aAcE6Ec,11.804220199
0x01cA0798d560a59799A1d379fdc425134D3b3CfA,11.802128128
0x78789DE896EFb3a2F250432Ad19Ac562684B6517,11.722981709
0xF849320CC1702E89C5f7F0d7a49c50429C23a93d,11.685013972
0xa99A1abd8A84E8F3D070F553A2Be70e508fe37cA,11.669815271
0xaF2b6217833B0e7385804600B67FdBbB7dD6c9Bf,11.66447179
0x3B82f36C055f3E2C305fDC3CCe6c9d989b8921d0,11.637574133
0x5b600ebe684da3F6566119a5026897Fa2DdC6d8C,11.546765177
0xbde3f1861CC72946d4b2b1beDC279b7b433D6e86,11.532953534
0xc52F584e22230BFF03d5448db2393DaB96a32d4f,11.528952017
0xa833f8F635Bc682ff54280772F40712B058494FE,11.528860318
0x8777c0D893d8B200591F29dd80BCaae63254efF9,11.474193617
0x58aD7f9700a9C9820c01652e01D2da518fC0C040,11.453037412
0x8Dcb1A68903B0aE25118c177D74885d7dF04179e,11.439193016
0x06910627787742B1CC42103EF25A0Ac854b7a529,11.429061926
0x9aD9EbfA8cEC6247B315a2E2a47Cb54478221F04,11.390766379
0xc2E7dD6A46487C66430564CFcD239D7994dc07F6,11.217664347
0xbf508D906C197925bC768074F9aa3b137f540c6C,11.205074903
0x44E0C3b01C804A1Ac18364931073aBbb0c6B3bD7,11.181137711
0x074FC4d1B1512c73568F9BE8375C8278354c1702,11.155198336
0x2Aaa02d65b2530fCEED228EA74Ae71f18051FdfF,11.139526504
0xf5454B0615780512277B3c43BA798B9a20935D68,11.094027275
0xBF404fE9fb72dBcf1B282BC666DE52Fc37E97438,11.053496155
0x30A9e7013E3e939A9C549f114f067C0C51B39E05,11.038650861
0xd0714CAf67785af33aD8dAd3b3766a05CFd1343A,11.02727228
0xCe79A5B72D499a517c2508681A7fF7494f25f6fD,11.025222747
0x84469E3345D32574Eca1FdAB01BCf5bBA42f00bd,11.024470351
0x2d27B9ca620DEDd67C09c79490aC91d082c47C6a,11.001298247
0x0B812C4Ab77C9d01af2164206d02D4D4f4238c32,11.000000000
0x99F93149EceacDF1e1aECd75F76d83dC2324201d,10.97219809
0x77aB2850FeDc0908a57d60AFaE6eA83DBD1C6198,10.967198953
0xc8D8744CF928407F1fAf8CB01C407eE96b448Dc0,10.941657599
0xc43284130af9174C83DF3a4e72D219419e587240,10.899883626
0x1216640F691DD247EB2BfFc9E1b02B8cc8b90294,10.878953896
0xc43cF7A79C7dc5f6C157b0eF145E355f0fdd5277,10.764988111
0x80408BD14208aB70628d21f6bdD81a3ABc65D997,10.736869539
0x641650390698D0946694c490009EBB140b846aBC,10.736615706
0xBb4e1205cE5bDeAe6a40D54d991Dce129609f893,10.699711664
0xD1E2CbA155537E29be73cCfadcDCd74BF4601FCD,10.663359992
0xC3F6d83042D9b4A8C51317FEB02D0624315b4731,10.603899456
0x0DE11Edc9394C7091B1bb4830c4d37232375A98f,10.566790543
0x0FA0d5FF0e53d9c09A1b0D819498761F1063d61e,10.562852517
0x98b6FEedaF388712B957e5B19D659Fd1d0328Cba,10.525669285
0xEcc29cb1152E6dd5b75e9135739cCdA99bFB328c,10.400819956
0xa4adf03cc118012336780d3508D5868514022083,10.339812559
0x95E66d1d775b30308C4B4Be7374E023f39Fd2Bf4,10.276006046
0x321e13be5F16A2ACc1b3C85f06cAAB518Dc59673,10.180897822
0x4Acc603145ed9504dab5F5315056EB47f9D7D0c8,10.149787561
0xe5F2158dfd4BAB52316A6B56a10738A27f559e83,10.099209423
0xC4502E3e3DC90EAe59FF9e5AA9088ac694cAf45a,10.082739094
0x898EcD62d89D9DD15A8e2d6862f4Ec58D23f4dC3,10.061325556
0x272011Ae50d8432d7534160284972C33279c426F,10.043102064
0xF18749890120EE435b3c98181C244d4EEcc63219,10.035809522
0x7C3B70672d5E367515255C634D8785f2c67656dA,10.034727451
0x5D1bdc250d21241c0302b019414193306f86F423,10.02352389
0x7eB4cBE7ffd4897E86AB56E90124764Ec2340D8a,10.011645763
0x50b6C577c4C2823Ed1C6c9Cb5e31738cB6f2F517,10.00632854
0xEd4C0a90442D1aba7DF43F4DF5e79Ba41Ec4ffEe,10.0000002
0xE7C656dfB65204c34471Ea8Db37a5AEE764ce260,10.0000001
0x83EeBc435EDcBC47A76920160C608A66F3f15925,10.0000001
0xBb21622919F5eC5B2AB3b194667436D7178afD57,10.0000001
0x1e9865B169341A505c50ca08451f49F06c892069,9.985865334
0x3AE47D2cac64dc1beFac2c988B5868B98E02ad10,9.980768765
0xD2D21eb5D902FccE08DFA5b338AcFfDD992c71db,9.926251366
0x2ad13218f94E10a946dECa19588195FCbAB685E5,9.917024063
0x5412f2d5010e89817Ee57bccFa92E71F47D09c5E,9.911480756
0x907c27a87704D0511AB76a7Ac41Bb326AeF6e3f9,9.90940245
0x2CD3725151c3f6A2AF09821a13cFfEcE84900E60,9.820482378
0x03F9FccBf493adb04CEc08B1325bBAdDC48136dA,9.686085471
0x04E3b5b127C49Bf601C37Cd9cDd4836021c11150,9.600011279
0x1c165B4bD4da5801453309BA3dD22292fc48f3bE,9.598412058
0x657E13eE4a25c54133D3259B3ec5432529A8D005,9.598230806
0x1181FEFBDb52F91E6ce41c60d2A03B5dECa2758A,9.56230038
0x378F95721FB04203654ceC53e8671Dd28424883b,9.482314977
0x78A22F39438F1125Bd7CeaADD585f3cc09D81685,9.481410298
0x031689FdBF727e88f98Fc1Fa7Eda8CC299310751,9.421667583
0x91e302225e15932a422D8D788a6D6558Ab478E3e,9.3929337
0xA5Ec76877955DFd73836753715E01b321d27BBe3,9.381950032
0x64dfEa07b8c62DeB78F9757915b24F61Db13A2bE,9.36872009
0x6742F55d1343b35259E5334dbf220eec1B8Eb121,9.354442636
0xA5Dd0196e68D14190a8C39CcC27D659CeBB49bD3,9.340871929
0xE28E882EE9D854820C5A8E50f9a1085A2ae297bd,9.339955041
0x5E46BFa2deDf1495a6Ac91C8B1532b175543a850,9.272079858
0x95CDA307EDf3e7a9F31DB36A5155d5107fe3B45a,9.253228089
0xA5538F9E6a73fb236d282fE936a43921b0391a51,9.236779429
0x6def5B535C00C29cdD8d2Fffa3256C1B39517332,9.199068376
0x50a6e2353fD6296249F6209d73afD9c716A7aa53,9.198670641
0x0cc444f01762C871E5Ce8aF0bAa0fDe61283Dd83,9.163373438
0xB09bDeD3a4070Eb1317ee14e8BFA9b0DCE90DF6F,9.145925874
0xe9Aa7f4E5Be399CcaaB919aD9e161DbAf4E6A7dF,9.120023827
0xFe7da0E4081DDb1Ea2E5BA196B22a9F39e3D68D4,9.119237248
0x1700d0ED072B9E616471600732A1e71F6234FB3B,9.106841156
0xab4e97abf876a0174729B2b77dB28CcD9d0946CD,9.024946611
0x6F4d6775C73170e0b37CCf4488e845990C0f5Ae9,9.017329683
0xAf2982Eb08a7AdFD0A92A29cc7B5923eF37EBE5a,9.000000000
0xCEA8e63ae3a411d910b1F816e0579EBCDB510805,8.963323355
0xB35977F9440c7CCEc1E3254702B8c3d8C9Db35f3,8.958849629
0x13400A967AC8E041F35bb81cD59A07E4a8ccdC8A,8.908281113
0xB319066303E0326d4f0814eE0abc1488aA7be694,8.887663106
0x04e6832B230AD0619Fca4DDBd8bF685B6c15bbD4,8.851665816
0x7eb35aA2D5004805f0Ee95e4b2cf16985639C085,8.840296069
0x637f5E90fD43C2c7e295a93aCA314224cc3BC31a,8.757011242
0x1663f58a0C9bc97A1730dFb431057098f284a7e7,8.747883759
0x9ae2cFA13667D872Bc6c8734678cdeF2e798e0B0,8.729189811
0x4ecebca0dcAA331b2fcb437a36b3265B0703A0FA,8.726233628
0xEaC62BccF81314b28507A060dC9882f7C1D03634,8.626703233
0x105aFd267A3D63CECE05023D89032dd334512Af0,8.621238337
0xCF2b3278ECC89085989F1E085b8FeE711709bDfd,8.587759388
0x9cfc94f4E8785a0b91BA664dF2eE724C0aB8a32e,8.572432349
0x0CF53B39182d6618173757B3234f1EDef8901724,8.563602546
0xc55C487488DA1677d9A7Fd5082754291072853D2,8.502328118
0x745490e7D9DFdC0c0427e2ab883369139DEfC572,8.494589046
0x3DF4C37C84d3B0A0BA79f247dAc6c1265ba0Bb6d,8.41833481
0xbA62d2d53882794BF3FBc9a12e364E913FADa962,8.407341765
0x74FD305BDa46D003cD63Faf11e2E250169082120,8.401371773
0x14B79Bb03f6e8449E796fd9E2872287352cDDD2F,8.383491178
0x1c981706539cd7368Ece80Dc8d24340dAF1CEAa3,8.375143986
0x8bCa714E1B0F1C16004215bce315C6c08D9127Cc,8.356012898
0x4E95411e0625Ae7869734C91Cce0b550fAcb7504,8.329475415
0x18a2399ff304b3ffD48cf13D334cBfd73fa832C4,8.327288406
0x7Fbe3a8bB9E87a2393035004A78b9B42F5cdecd4,8.325864719
0xFEc455f8a65dA74e11999FcDf549E84225dC300E,8.307854041
0x967DC7d1F8D6FFcDF90Da1b686a600AC39356028,8.258462714
0x61Ce20e62BE7dBCdD5b291f0f6b64110972d1EA7,8.248152923
0x93C583667c94964e0B3f90F4F6Da2d842D868cbE,8.23208464
0x0de814D338dB4c314Aec5faA20bCc5e71B83C91d,8.199481541
0x0E06E07fFCf76AC70699A9a681895aB22AB6cEC5,8.197371187
0xBf6E90037264e50fdAA9f8bC159617aDa806abd2,8.128543327
0xC6d26F12DB42e21E403358953A864d68B162C4A0,8.120782018
0xBC651D1052091bAcF21041603F57906d63742228,8.117944385
0xFcA1C2541fD5F6424D27f8a5B084DEF16581cc29,8.055734221
0xC6C8058c93C34CF1033ADaDA004dE663E228586D,8.049799024
0xA3197Cca34AAb0De21371D3BC10d3e2688833306,8.016920675
0x2E6838B4f564A33feB42f20E744DE190539A39a5,8.011240989
0x960814C1Cd7A45AbAe401B0659023Fec193212f8,8.009610508
0xe2f4Bb890898757ECEAe966AF987DD29F1d7E084,8.001807295
0x6eCFF4F3764056c1C587F759ED084DF900434aE1,7.98171335
0xD255BB41b5cecad39707A5d3aCF5EAa7B0F608da,7.979136153
0x015Cf4E38aA363E39cb300A851245B3d3B358efa,7.957043035
0x33dc066D4Eb8248c464BCB992e1E60807AA86B3c,7.929940899
0xCC07dDbA55F817A959d6CFb6a13124424A626562,7.928226007
0x98A2DB9fBFBca0f8C10CA15ca5352be2e2938131,7.813950039
0xf6FA6AE379B71784DcAE9dFd719e5EE1b3D1C205,7.796413099
0x3be1bD5d9016Ac4b4bB06A3Ae2430aED6fe9D156,7.777978135
0xd2861f742Bf94c4adD160B8F4FA0D3332276ED33,7.707726391
0x1E4648e53ec4aAc5C2386CcD122a579f5675C128,7.707246311
0xCe1d6200a841e211896A8aC3412b0fF9802ad2fA,7.703998419
0x4D908b854F6603CeFd2cD0106177656ED46d12e3,7.701583403
0x55B9538346976E697036111103821f6171c90E4D,7.700004831
0x1e08A0DFF2f57f06aCBB4CC1A78Baa10a4e5d594,7.680592535
0x6038f92e47127d49c9952dDc00F792d76b0D6dc4,7.667069616
0x6A2D1ddbedA6535d4FE71E99e4079171872b2625,7.664986199
0xB1E0A5dE6f75e5bCF2717bAA3bC2F6Be07263360,7.592372213
0x90E05cED6A36B11F26b43C9967B24124aC6A5A2B,7.586788361
0x92C00d755913c03aA5206417f4Ae93838ca87Eba,7.576220182
0x1d9219f57036513b5Ee36Ed71aC7C19C28cc06D7,7.575904593
0xC7E05a026f457B640D7897F89D435B46b18243C5,7.570749358
0x7f17A80B7c8ed3519816523D8330054e0Df64142,7.549251599
0x2284Dd3Db185548a4Bf5f05e6CAb04A00B0746E4,7.477740877
0x40dA6Aa547c5E61d790AF959448a52196E692a64,7.462911348
0xDCad1BC2423EE5E95029A76164D34742a1eCd524,7.443132494
0xB55d717682866A7e166E7bafF9041edA7F347e4c,7.42831581
0x3f78603c7f0899ABF47902038E85BEaa1239D16a,7.427136788
0xFCf1b3788AEc43e552fE30C74e88CF9b8c852144,7.419125511
0xa63b294c60ae8313B2103A1B7265eC8b12574720,7.403500988
0xcedBB759cbD32fc7fa2220A38784247C2D70e4d5,7.38829304
0x45315df1f1E99b0d4709FF7D8526C279CA25aa44,7.357526356
0x8d8eEA0657FCc87988Aff9A64ab1Bfc728D14CAd,7.356082782
0xedAEC190eeA46691e1FA320EF7bc06b59c1583e4,7.355004187
0x36858e89960c7028d1357199ec5EC19902021c48,7.303554394
0x69461aA6453bf27672f153fB4D4aF4dFaFff7eBB,7.245649737
0x054f5382d9edCbE8edeF3E9F733d292b618bc630,7.23692992
0x514BbBF4AD3f66fe65Fb5AFcF56e163bdA85a672,7.232536404
0x0C4973Fcf3CfC43A8873bf4Ef52c37105efdFef1,7.193233994
0x61CfDA3B34Ec4Cdba173c273D81658F1aE4E85B2,7.188016929
0x1Be8DCD756f75214b2bA3127925b052d0293a770,7.187689543
0x72447462330B6FBD8C81291183E1F3652B55A03D,7.183737729
0xbde78e16c89fC65CD9A6Ced29f66C32B77441917,7.135004618
0xA696603F19Cf2051e181bD70ef8535fa0d9588Eb,7.099627723
0x6325a16b34AEd1565614741e3a89de7b65E441D0,7.045933015
0x2191752773e0A872771CDc1F693899bdeA107812,7.021144434
0xE44fE8aa751B254F6F77e8B5610866Db2b0A505e,7.00564485
0x9B55db90AC9Ea0eA7ACf51d14d0926CECd2C1F70,7.0000002
0xd843a49D07EE70665b2053b5B744491A7b4eFFC3,6.987080521
0xc5aFBb97c4257Eee0BfA90CfE398890B8f141B17,6.951100172
0xb39E5FE5392cCDB68203c8C3B9F40B13B539F12c,6.947850781
0x283715375fb239F6B3E5E0565b2a680552dA8b3e,6.934515249
0xD7c32DA0F0369b70D68Fe35E69E6DFEb8851b9cD,6.920140914
0x80DB95C65d2d3c0fc6C74DFaCC3f2fb784c37523,6.910327715
0x7FCCd3768931d7467Da3246D58c05258Dbfd6B52,6.811995617
0xBb7a23F5c113c332FDCB9cdd1493336Bab66B03E,6.774001472
0x922C60De99ba493491CEE384bbB52695d1D690Fb,6.757985833
0x8743B18f257505fd89fA59FAD51cC1FA761C57c7,6.727475503
0xf3fA789Ec1c807f183bC84535BC3D1c69B6fc3B3,6.674863702
0x7147e9314FD3A45AC97fbED5B2dBD472030E9d94,6.669764034
0x754a180d02854bA923E3EAf98D479144A85f40D3,6.649598721
0xF2895083177a1D7d449D3a5036D8b299BDa457Dd,6.641714981
0xd7D24eB640c6bAE8f1b9c1AA9Be44f0C6E9231FB,6.627025236
0xc5F7F5e01242313f5340D115Cf3469FC8AF04b8C,6.598907313
0x970C37e7E56CE0C8b0197F5Ba936A2f7CF3AFe99,6.579917232
0xcAc6d4CC78F85b42E74beCc01747a6BBD53ff608,6.575140576
0x201470084BDE9Aee94B32E37BeC4bf086976C01b,6.564347159
0x7314a51a1de55d737F39a22244679a0aBf509cd0,6.530579761
0x175c6303072e985d5C0606B0AD49cE25667df351,6.515531057
0x8010c6765DFDbe8A4A8Bda1112D2CB8fc280c666,6.514717318
0xd3aC6c7E29f8eB5cc37Fb5aD35deB31f93b4B9f0,6.501681299
0x5cB4C41eE7C90A200A685470D6e204dEAAD9956B,6.473256884
0x672C406fb3a6e4C32629f7BCdb05e5ECCA38df45,6.456294007
0x9acC66841f3Da822384573D5dc0484a24921f031,6.420378026
0x42bA0647C1A2A4089D8d836061525043e4445Fa3,6.39007029
0x50C8841A2E6dB761a7F4Af23f06C8d20d5067EDB,6.350093542
0xbD3B76443Cc44D23b8C9DFdf4834067eC41817D4,6.338853767
0x1671C47db5C69D8F7618a99856109F523d13754D,6.30197346
0xB9FC96459bcD3cCBCf95D63654bed08a44829b0A,6.278895125
0xfEc2336A6edA286e833aa34A957152163305583A,6.264475863
0xaA04c165EB7EE5FeF957F3bCD4d2095eCdD68884,6.231564681
0x537a35d4A3c08252BfDA99B62b85b4f711424d67,6.224201469
0xa3f7fe3a292b275847e0176540713f5A6326a174,6.21418998
0x98463BdDFc28885f244333277782cb8FD047DBEc,6.198556711
0x9135de977aa61C696d8A4cB40d9C85de5836d9B7,6.189342638
0xd7252Ca5A83c02bD61e459D477D159235AD7Ce70,6.165750964
0x28982AFd8f6A16644530Edf386213eB62b592225,6.150256623
0xCE841f5Ea696A0f5438820Cf3b22D1FBBb7b8e94,6.148212916
0xe98c3d6c2E7DaCf7874d31FBe30a1ebFE977c8e7,6.136959767
0xeb0389ADcbcbe7B6D2745c6349d286B24035615A,6.136929823
0xa610179dA35fF6E04dc68FD2a93b7Ab73d73c614,6.13280922
0x8F19cA59AaB615f6bECe877936321d1A93d4b12D,6.116583154
0xEFcf7a229A2C6cdc2A69906076B744440FcDF1f5,6.079353474
0x1D44816ae6db71913c19BaA50f52a8b93619D803,6.077977378
0xa0b184dBF3641dbf3c5Db77082EcBb808041D5B7,6.07757552
0x12C48741a187866Dafa8F1C8C335A44D369a5251,6.054507777
0xc1Dff844768Fe4936aAB648356346ef1dbC6adE8,6.046366082
0x2d333487bC971E85C6dCc03c0b5D7f2f5c0A953D,6.045022555
0xadEc34a5a25a797bEf56E370687479C2B91c6C36,6.036079538
0x99a7b6943Fce0cA71ccb5B7007DD0c9031040f34,6.010203503
0x34db4DA434162fDFaEC36496e57799305A5d9796,6.0000001
0x4b047aa72Bdb1e977F158Fd75A68dF58124e81b6,6.000000000
0x8b29A2fc29d90a420422950b4a23e903136bdEDA,5.988826321