holderAddress,balance
0x00000738eE284aAA98A0D511cbd655a1e9d653Cd,49623765170219792452263
0x5C5020a859662bd7D44c51227AC972ECCe63B0DA,1543701386609527519744390
0x36e0eDc88cD1902F189aC922a4401CF4F389A110,0
0xC3373905F94e16035f7E01fD5178586e5F478C81,0
0xC941aa67643B3B54531d70d19fB34ed287f32171,0
0x5240A5AdDaBa466b42C9B9E5e95DfB6fbfd9CB07,0
0xc45ed628997daEa764f2e0aD308E3D12D3F8D383,46194896708443537355567
0x299348CF3daC4782ED85569b4Ab0D7EE0E0aF6c4,4993113427939393149850897
0x30727B505059a7C511e97c591EeD6F5e02A497Bb,0
0x90c41319d32B488b0d27B022C553755D9785d3d4,0
0xD70f112337B1dB80CAE0A9f78E45794CA511E40c,74079797839735384763
0x3115ba406aD02D875ca84c0DC861B05e06CA684d,0
0xa312d1fb7cca1CB687C613897c4fd074a06fdA2C,0
0xCba1A275e2D858EcffaF7a87F606f74B719a8A93,100
0x113b84cDa038587f0e7a5e6bdb74Cb03CfCc4f23,1908175461845787213
0x44Cc0d90bCb3f21c193F8eDfeA9e1357fe5ea53d,2
0x420D0D6F47742C28195694351db8DbcC8D445939,1
0xD2FdaC6D756b541322a64F20C0b896e39682CC06,3481886087582163146789
0xdAc81B592a8D2733b0C9b4883148A1aEd9BB47CD,100
0xd69C9FB62F52339e7ad423CC56e44D83777ADE15,0
0x58F9c22215D85bF1fFdb43C3A61D1c63C73d0735,100
0x3D7849a51A2dA3B3B455ca6a6D604C902F82E7C2,0
0xc6C3c471e64FEC8684988D04deAD9a4E1f98587D,100
0x35F448644c86DbDa241ecb57F18a15c80F35a066,0
0xFb176A2ac9bAdE6E68a0a0570281ccEC1c4A4298,84059615827616516
0x5Cdb526e3024e5D4dE0212C8e02D92e504F63c4c,0
0x8FdD0CF22012a5FEcDbF77eF30d9e9834DC1bf0A,100
0xf89e388D02635F2A9B8Ab567618940829Bd9af07,434400496368023144
0xA3b705b33a441ff73789eD7C84d9D79976e1F11a,0
0xD2bC3F00F8B5Dd1159708ADA58B42a2B3Adb1Eea,100
0x59078D9DC379428cdD8A5a1AB870B420AE45c01d,0
0x1501cf2e9afD2624a485e675427609a1932772EC,100
0x12Dabef2e4252a3A19b9886B1e40deD62a1e1DC0,0
0xB3F039c970bcCF6Bc8b7e2f0C56c517287274531,0
0x683028Fc63477B8A702CFE7475865952d3E8ac09,2704924077177939199
0x2Ef7e6Ff8f52B47FC970d5240EB6b91aD0a9F3D5,0
0x6da3471C674FbaFD2Fc8c0FDA8895219CeB3BB77,100
0x9392e42722ACDa954984590b243eB358582991aA,0
0x24030f49BaeC4baD64db55dF60Fbf2fE447FEe9C,448379766355379273292
0x02359349bA115B26FE715C18288C3F19dfe9f1cd,100
0xd9B42D40C500250aed9a1beBE258cccB26b8Cbcf,0
0xA8890b5BDB005415d038a4c0bd6bB6A240F7f9Dd,1
0x09F34d5462f8837f6dccF895b5EFFE2CcB7662eF,1
0xF5f61157f3c13e4bbC5C42E75Ae80946b72de83F,44455059187480972522
0xb0151D256ee16d847F080691C3529F316b2D54b3,100
0x789a9fe9d50Ecf6f16022B93BA90b65a4A04BF5d,1
0x8b0473E5f2871d420b7891c01a45eF84eE2d523D,100
0x8e8160BA9baCd35f493FB8bE74c5D56b81b8a3b4,1000000000000000000
0x8ca863BbCFA41127346c9A2dcd9374fB806ca396,390740155930437382160
0x87AD950F30fc46eEa9acF3c35EB008c5Ac775B8E,25507325786897471047
0x3982f7E1051ce72A4f8088d28580F41e242333C5,100
0x942B5765B0e5BDc704A6f953F60B72368Cd02236,100
0xB307D426A34A72A94B32BCa5c5f0c8B36440Fa80,100
0xD6ee257dC510fF6682fa54689D87ace46c8C79Cf,0
0xb0FabE3bCAC50F065DBF68C0B271118DDC005402,100
0x2dcc372E20e0c9920b4e2d7c51C80EB92271c209,0
0x49Bde4292f81D7f7e28Ad4011D36Cce7F307D4bC,91954389862327110000
0x492eADF06ba64De5C5fE32C855caC3DC6Bbed1Da,0
0x45354Ba7fd880CB247F0940818Dcc136B282ad3f,0
0xEC948f0a29cE77412773412D076fBBABa1e67491,11979838520111720000
0x76b60dCf71dA2294f8aA034432D925D1eED8cf68,0
0x3f2D1Ae6E5a6F6C112aB7bB9b8422cFB4ceb053D,100
0x9D458D056cEeDCa9c7B7D71A093cad9E54F1d14D,0
0x62587c8915E118dAB2a8527836F10B3AEE7697E8,1126551809822911350245
0x8E5156d442114e8Ad0078DAfe4222FA275A89940,97120908902367777031
0x6403584E4e70F97C8c241ACA1483BBd84C183d1e,107899897146639583014
0xc102bbc9e80451a337Fff539D6a87304a8474945,0
0x524a36cf39810B51205240481A397D966c4fa7df,100
0x14Bd6d35a22D8Cd6cAC3E2bD2B336b991Bd8cEA9,100
0x6ff97E9c4236761Ff003c7761134252E25A3ca71,1000000000000000000
0xE9Da0D4D2aCC12Bbb8543F300eaf0882Ea3b4EF8,100
0x465983Ff53814Cb72C16f4f17be515960d3478C7,100
0xAB83425b6a04b90cFa2164123b9e8B2BbB32ECCA,0
0x5207948D16D4D78893692d369aE62888AA398f58,0
0xE9E0df61B13B9795398d0e2679fC3e4A63E7c359,0
0x423a96bD7405eb53b3280A516913fbCF58bC0F11,0
0x3EAF0eA5d1060058F5AfFc26CB47EDB0c0344639,0
0xB1fC41Cbad16caFDfC2ED196c7fe515DfB6a1577,1
0x886cAd5245f3e995c779b763D738CD6F31fD38FE,0
0x721Bd7ea7CC17EcF88503b1E7F54532246dd6348,100
0x4b1BC18312C94Da28491356292a46B76a8A4Ae4d,49006570495618853679
0x6Eb2C2eB6aB1225Fb605Ec660A8974c1CcA82a4F,1
0xBEa645Da9c7f6De1f7E287759CcBFd5ab9f57C08,100
0xF9A0ECb0CB69DA64E5a35fD4693951A12D4dc477,0
0xF50850e087B5310dbd46A38367be8532C8962fCb,100
0x23aE5504CE12AF5678Ab3AE270472A428F1D06d4,100
0xe0a377FF958D735a46639b01a2a65B8d306f65bC,100
0x0Dc3B66a3A6b9415C8041e4B77b7dfd041a9c30C,1
0xA18c857258eec0C5DE1647a6d318F8e1e9a66C7F,100
0x70daDC7DcaaaeEe9819aDdAE6E3261F7ddc18F66,0
0x4Ad06c6bFAC635Ec55753293CA86d4E9F5514963,155409222489391082545
0x9dc736221d29C7489C46Bc66c8f3C58AA9b979af,47578399062048226444
0xFc883fAe4A379c358e5D45D2B49bF87b73dA89d6,304665160669737892844
0xd6Fd705EE0B31a9300D3E2154bccE777270CBb6f,100
0x080d222fc30aC35f52d169faa9062Ec29D13d187,1
0x11B1785D9Ac81480c03210e89F1508c8c115888E,41676276688284095
0x96e5638b4C36De5270cE2F1E9fe232F80BCbAb1F,100
0xAeCDd83cC71456c21AA92Bf78F31E0C4913bc845,100
0xa8F2b210BC1d6AA485051C28A67D2f353FCd60e7,0
0xf42512a7BB071F3AB39C600cac986005cc3b1b86,81611805044315100000
0x0cbae4D4b1a5C4d241019125924b974949ae6530,0
0xc41aaf82295f599beE68f290Af7296eA4E61Dd45,11897654838158176642
0x7309A2d6e791ee15aee63f2BF979385395C9CfcF,100
0xb55e71f215C24EaCf4B324Ed519988e619629432,0
0x3Eedb85DA27CAC4ec83ab5A8A38F18b0eDbC7042,0
0x6969e2041B22FCEbdb3b4f7a39c0aDA38b152F52,100
0x4C23DFcd99036cd1FAab8F7043Ec4648AFCAed17,0
0xEEa0471cFCaeD2F83117a2660B3d21738D478990,96801498151068250000
0x9d333aA107Bfa0F344594Cc334483E2EadE9Df15,23574265179578377051
0x7d54D807E9132fc34aCde66dE49b36D4F37e8e0c,100
0xE968a888792b3c6ca4242a87445e2518F88F2e02,2
0xa7c7D4A49c3e4E5F783c56a95fB3D9600965E991,0
0x283125B8DBa28469eEb4bAE5E1AcFE44Df9d101a,204431898718023838952
0x6473826259a80D6A7f7F66De47a05307d057A3FA,2435209891103191278738
0xE199fb97006cbeFF5e5961AC7b464Cb9CdC7588e,0
0xFf7e9f22c22C7A94c48Bf7041afB24d7e0794BFF,0
0xD9E884b2e1151140495b089fd6B07D0296616198,100
0xCC988Aa893863Ba220b8BC16DbF9bdDa2F09867A,24536394355953468
0x050B89A1634B313C45113F599f65184E8f0659b5,47313862036234427781
0x8168C2530dDE00549eC7E7E9c8448Fb61E3b8fbA,0
0x5C0E1E2b00420E66Eea59764a9964BcAF58a235c,30065551438314419719
0x7Ea0b39F9f84F5Ca1D978A1fC57bca9EAae3dbDb,3767187276508290839
0xCeaDf234a044d885b92f1BC7a2b2BFf8AF7651fe,3255036071060448058657
0x6B9bDEedD8F71E347d52C717844faD861b1748B6,0
0xBD5D79B1b51115d7610EF457e3ae693C71cE54fe,100
0x7409C7613aED1af59dB334f163E6E536AAdfe9e4,2962271122714966057537
0x9cad39735fC229dAd898fD577E58a1B29195fC34,0
0xf806dBa46Da52BE6CfC68D2DaE04A4345a8fD2Ee,143699215571424909034
0x2B4bAFfE476Dd7f9C610aF39909b1367806bbd20,100
0x909EE3e2990CcF8Ce2Aaa3CcdbC5b61800289FA3,0
0xd31Dc0033bc653610fAaFa8A095345de81266C68,339738844137232076500
0xb7D4cc582BF137166E1499960754d32558e18440,100
0xc45D05CDc809d20c7B14959E8cd4a1199E3e966F,100
0x98d76D5a9F7E524667ACE3F20c1c9525d146033B,0
0x7a3Cc1C45101aad1404C5bBf4fB1B5fECdE3b46F,0
0x7260998363BE8604375159812EcDC188d25CE00A,0
0x95Fe0126EC8c363B57e25a38b8cD55012e8163e0,0
0x17bfA5664a93AD1FB0f05fEd1fF0d9e027562c43,0
0x70ef83BD2224051F5f6Eda4295F8B391A6c48AcB,69124562322836833956
0x4DCE78c0Bb807C319130C0da3097FAa0E7af763d,0
0x18896cb8793e045EB14EC661cF8913cEaAB9672a,0
0x708c9d44eafAC41FA7217bD8390FC2B18613e739,0
0xd31eEBD592e645d76D666a5521518F47e18f574b,100
0x20216577f78eE7D6d5b2b962C744a950efc77437,100
0x3a4D68994F741Be298f802d0Ed77948F04190BBc,100
0x1040799971e1D055935772F60c63A32D7FD24bB3,1
0x0d349331310aBd72872da19cf4e4980a79105d49,0
0x87F6Aa315c47350fA7744Df3Fd9227992c77033b,1115479849730713111
0x933319eEa9a074c40F72F9733245303b5C76faA6,0
0x38603699deF00D4B04835e60a27D26AC82d7535f,100
0xC89cE9F096DDb405359B22a4863a08e8828e88d7,31381085449329393788
0x6cC1D2178F0f5d300999D510e8c1C8350e55863c,27579566458392980895
0x09FDc89c40498Bc3BecAAdCf6397c7bE2232Ff05,100
0xEfa4c696Ea2505ec038c9dDC849b1bf817d7f69d,0
0x6cf150Db264e46eDf2B0dF96Fb912242a1cb11f5,100
0x2bf84E60799631defDC8b7425103Ed661016c538,272676910489619852828
0xd223C8A60f448204DCbff5652EFC2ABf56db17C7,0
0xf53D0fEC09fe4EAbF97144f8C3418ca350c90B14,20725119313486252246051
0xC124BC8dd4D89a3AE6b1EE6b82cA40ec5A426C46,100
0xe116d5F4CcD817e93a4827B4B1166fB3fA61BEC5,100
0x7Dba8B857E1b9293e74Abac71577056d295bB998,100
0xB6b45439AA2fBC67Bd51b680daaA85d3fB190A4B,2
0x9EeD2Aa7156c4567C14aC0be3813eC8823261a74,0
0x2de5399D2A74b87bf2f735Ae6C3fA9bb3619d43B,0
0x960A04f4Edb850f0B2ba4970115112Aa75B3863e,0
0xCd1d40F62f2C413F318B4B96e9588c7EF5cf9331,100
0x8099247b0D2791FC9bF1e1a1c2d393BCf8Dc065d,633815176625418623
0x53d98d7cf2E3d03Ef031fDEC197792d0c713303d,100
0x87AFaA198117496bCe792B6A5DE3b33ba7cAc73f,858705290103396384206
0x3E38Ef489af0E780fB1A18dB36B47EFCb6A859B5,4711228899264050825005
0x0851DAE86b9504adB9aCa6bb7031e178d0236fAF,25932706318447466505
0x7206BC81E2C52441EEFfE120118aC880f4528dDA,100
0x9584D08E221cacAD247eD8dB243b45b553e47c10,97252753089195897651
0x59D5AafaB39037AF8392E27800004c630631058B,100
0x84A79105c4BaccCa54f5D79eBE0E5F6d3Dca2986,100
0x2B2259af39eCa02cA3EBC187DA27BDbFAFaA3E08,100
0x580A5b2f32bD14af9da1e01ef41fEB754f78c350,724565661016050032
0x8A3D62E8D5e5491Ab52Deb63748431dcdB624700,2
0x3acFDc5f934F0504Cb73A332718450a809144371,100
0xB34B3df79e0b0a4B5Dae3bC97875630De0254688,33388844301657841776943
0xDe880ebdC54Cb0D28d97Ba59097f3f1141719e38,62386623076082323057
0x6c2693F5a936f37eD03CfA8465bF2D8BEFf19A0f,0
0xB42D408B52D0A9e2C1408031C3451bdCa81B069A,20454609822454000100
0xDBe609abfD89A224aB270FbA62B9F9341032974A,100
0x4f2267dD10e7aAe5EcaD0662f3db808C8C65d29D,54992950892086525
0x8C8024bf5f90a06CCeD7D32BAbcCB934942c82f6,0
0xB5f69d0cBD702D713767C5442122c156bD6C971c,994838279009367552
0x4475ebb85B90249e4C688b9f909A689De3a5a10B,109838306969734882063
0x7cC42eDEEa002CC7667711a52754CBa998Ac216E,0
0x31b7713b1CDFa8deE88ffC0af0c9a1C9eCA59aCf,5368913177958792891
0xD377cFFCc52C16bF6e9840E77F78F42Ddb946568,100
0xCF876726b4bf689E5d1264159E22b536c4dc6AB7,13646655892726619601
0x7A88A91cCCf33773b5172d12Ad341B3575aC85e4,0
0xA4eA375cbb4C4F26BC97ba060655c6e48aA99E5c,0
0x33E39FC6154c0628B644755dB3368153257E1bde,0
0xBB500054601378d0D22c4E00cAEE46275Df8de93,0
0x27424206102D9087EeD23764bC939411B0dAd02B,32662900698840521999
0x10decDC06EF4e49757fEbBe692fCe5478e381bCc,74736412387451428243
0x4D3db8180068107dBcE28697537520CE85A3C52a,0
0xC007DF76CA23b2e4C393f029367BBBf9D0F99466,31621807190419712180
0xde4905eb251c19a1d1f324bFBCFd19638A119BE7,10096782843638033027
0x2BF49C1F4EE4f53b255d416f3Fd3954C8D2f57E1,100
0xB0A3D50E83a02251D982392DEEd00e7057Fb6B57,472386547615862666972
0xa69303D076dFb54d50589C4D018205a409Aa4293,100
0x828fe1af9D65fd3D3D236f16cf6275e0a6FE76F0,295391280605808585001
0xac2C6aC3cC453e1f62758b4f5a5F6A19aCF7964F,100
0x108d46d01731D2E9c0dec44cFcc10A1213EEf07e,0
0xC2488CcF46573821a02E0dE829f1970dbC14A3E9,168751529592971400
0x0a518E4490f2E89a705E0866A07A204119EA432f,532765450123215344308
0x0CCb34a34C9dB18E8d6DdC1beC51247bF5D960f5,0
0xc5e191A1067F8f4bc6f3189e6709e58cF0CE90F7,0
0x6db92E4C5A4a417772747eE1C277392E1Cd28f4A,0
0xF084954aFB3BDE45fc5785fD6037F971fFC953D2,0
0x62b4e77Ae150047032EE7e9243ac7b86bE13A04A,0
0x5cd01B44268CE72a827F3baa551A0FBC2A866A8a,100
0xF31478268F79FD2c9F5c00d8c7A6C0dbA998A089,61739050502188077072189
0x02e51d6Ce16201A28Eaa7DE9C8C4BFeD25B4b081,0
0x5701048B9D111F3a57fDf0d254fB5eECbB31106D,3738522142297795582981
0x5d1754FCbDabf2E0458BACBdb04Fb1Af27DCF1F5,3
0xC05B92AE33732468a83C3393D40b72c516b8B225,39778234821776975726
0x43DA6D2Db9651b7042e31FfB2607a7cfa4D5d03B,0
0x1e121993b4A8bC79D18A4C409dB84c100FFf25F5,100
0x0D3ae820AbA279712eC2ca1dCC1c63de757716c8,1969759237988559837969
0x41e1d3A43E688EFfC4851CE4aBC81D86E2A2b853,398826153524159439486
0xFB8A7286FAbA378a15F321Cd82425B6B5E855B27,0
0x1d21653E74C2c2c989841290A6A51C5104fe2A40,0
0x4F4Ee62565E898BeE92bae48890A31a6F38C2C2E,0
0x730bBE154972F467062b3d91130aD36E67E55Ca2,100
0x45B58AB9d398B3eEB8438b6591b216427964CbEE,100
0xb1230e5CF71a300A85A248D4553DdFEA60A6aFEf,201634750243357200
0xf358cE3134E5A318039914d04e1fd27faEf5806c,2106473486066189
0xa12f91B7e57F6eBDe24B6Cb604Acc7f695e29948,0
0xB65aE474e4a703dE1b2C8f098A27fb5C5d2Cc592,145822974270355488624
0xb9D24761ebB3e3a88B8CF20e77F56ccF026A2044,100
0x351e6f90B22019feB318f998b7BB9b60732AF4DA,239730019091091050169
0xC5716BbEA3c822F3346De7185Fe22B14fdC2670e,0
0xcEae4FcD03917d417389Eb0fC96EBeC1e89414d1,0
0x7dec7d0Bb9f27988c005B0fe6e9FD88b22250F08,100
0x578d94356092F21e28d8782fc224f16032560c55,51803878466500627
0x771d4897309fe23Bd51702130d69E92b4BcfFb03,105259792362530164
0x47f7159e83A29380e6D717594b403A294BD33e60,5761951265291323765
0xbBa33057Dd1cca99371a2e499136CD025F052037,401916366095731082405
0xEceE5497b9dbB82E1804E3224F67D00d8d891c69,0
0x674e27ec4454ee08c7dE47d3346e3De04a5a6bda,2792596812475166622
0x74C8c6Ce9766C5f77e3E1aD5c75FE7Da07199fC8,154870793251133677426
0xaABC445f124365B829010b155869731094bc994E,100
0x36f14f5D6ec6788fb8570268505e2b87C6b42239,241551827025256223053
0xa7f0FDee39e4Fb5fC2cB9Dfc382FC725908207c7,0
0xb71B13b85D2c094B0FDeC64ab891b5BF5f110a8e,0
0xD39c85bD88cf5af299060734a0d16753064B044d,0
0x5f6A3B39d1b58E6947e7A5d225cD7d03dc03e70E,0
0x61b1766c8F50d73DD503d1A95EAd25b6fA56294F,98627934764831492051
0xA8523168Ff4A6eA2444Cc2371Dd059b0FDDA7E3B,0
0xFac0F7567a9e6010458BAfe6CF61b90E9282731a,362460857675475390554
0xcF167c916cf240127cC2bDce34f35184EB7F52aC,0
0x1289361Cfaa06D4Ea369Cb2B3F0a80aC6EE77859,0
0x1f1041403139b01Ee3802bce79bC73Db0f934737,0
0x23e817b3982Ba0E033daB4fA1B47088418ad6B2a,100
0x5ceBbdD7BA6820ff6cC0fEab04543EdfDDECf2D7,305065929655122704365
0xEE23F4bc1671d048A8E592aABD0B2be497bCB5c2,100
0x8F7f84Ac255f138059cb3a1c73d30e12E7971A6d,2062473357586043009
0x3e763998E3c70B15347D68dC93a9CA021385675d,0
0x7069283809EA43d0fABe6D114f7149Ac10679Bf3,100
0xB31c972b553eE50755c9A981bD905bc80661DFF1,100
0xe97C5a1A75f2b1Fd50DF64B839D3BB6DB4E595b3,100
0xC6Ea9b20195eFe90749dAe7dDB0EECa9A3963783,2693332800402857000
0x5767795b4eFbF06A40cb36181ac08f47CDB0fcEc,0
0x8246DD76d12a2b839fa36BEe3a83978648c476c4,0
0x641C6C7168F5A678bAF5F1b2141f71FDef27a82e,0
0xc19eD1FA9FA3968FE12e97Aa4d511aB6bCE1320F,0
0xc52F3dffd9770831Bbc93F98815F53547833479a,100
0xa2552eD19556893fd2de8C0457E0375323131BB9,3453385346073329972708
0xEfA117fC408c83E82427fcc22A7d06302c542346,25217372988313703813
0xb7973c6d5209b1bf5c198789830b67d5fE340dad,2
0xc0e8de0d4262b3Fef33169088A483061A11850eB,0
0x7579E53383939A87eFE2B0FB21cEf599748f05Ed,49671111167984118076
0xe7768419a9C5C3FeB80850D470FE196eb203D416,305935897599126376540
0x995c417CaC2a47EbE55C9Cb32fb7343c0a832035,148079258453288842589
0xBc3F3cf0c356511e6ed250C58b8a23dB54e6475b,192338699750448795852
0x57a47aE55FA1b5128c67c534194845B71baEca88,100
0x17cbeE0dAF9571017b3e0f1733BeD1BcAd43D9c5,0
0x14740941B81aD6F09092a0cA1902FC95C930015c,100
0x786AA398183B169b1eeb95f376956f72146601FA,100
0x09A8e6D6171E2e1637D2b60bc76F7137B9d1c5F8,0
0x357Db7aB93Eef87334f12Aa4D02bfaA548C27514,0
0xDcC6D6b0c1D580f592481F6f3f49AAE96C91FdeB,0
0x96B9D9a5cFe8c572DeF7588d31f7921138794e24,35457294329821171755
0xB97C3521fCd50ED0FC930eF4F271A9A6E3B6E655,0
0x846431bdf0530ff8C4206425F8d31BBD2e962db0,190897654599276720
0xf8CE929C7c5D837c3e61C84e2E1B4701fCAB6234,28037446673433351000
0xbe51b497aBddd241aA9325021ec225CDFc9A9E48,16735604077059734983
0xe5b9375236e7dCA6D1213D37918880bdC3c41754,0
0xFDA53F4735bBf8ED219c3AFEE7D3E6ec51ed164d,747454966242719478
0xFee6be6B5cc8Cb4EE8189850A69973E774e7614e,100
0x7a83663221b97B70a3381841cbc0B8D2E795102d,35643788026930058932
0x640Fa770Ea86752e5207051C34Ca12B6C9D1484d,0
0x590012130665e8977f9F62a6bCe334F2Cd86190d,0
0x8Abd5190C3eF601B3685fE3E0d18FC989E2D5eB9,100
0x3BD7cC4466aC4c19b74e893A42FEb044B48390Df,0
0xD8f0D4F6f0b3DD3f9EE040F1d99a4f67962C97bd,100
0x702FE637e120042A1b80e9AB97242462Fea30850,0
0xf56036f6a5D9b9991c209DcbC9C40b2C1cD46540,25852587678068755467
0x9a8bDBE5Bb0b63312e5AF863aA66dcbC9D7EC4FD,6313310919088522397
0x93B303CF3181bcD54D2E44a4d303F861aA984111,0
0x9a6C4482D564697bD9F3a53090881A016dA007A8,0
0xf4E14d778c2dbD6fd1A04F08721941Eb3E1c9d6C,100
0xf8620E5bAB4785dE3591eA537C349B78DcB19886,100
0x6C0b32E5146a5b8c4793Ed8751b38397f71e5cAB,100
0x39a1821FA5439eEA32a18CFe45dAC3a791e98f7e,100
0x900a2Ef0d2215874844CB63294f21C5ec687D166,100
0x88A465Acb47fc9c896Cbf0b3bF9e0D61022Cf9e6,0
0x287D2974Af3a369e9bD42eF5636b5D1Fda13a35A,0
0x53D5cAF5521f4C54F809DF2c7405DEAe95028116,100
0xB65688e246B11C768A1620f47b327ED08b8b2b4F,0
0x86017110100312E0C2cCc0c14A58C4bf830a7EF6,100
0x365E6E422f4b682586eE34b061Cb1e38FFda7968,100
0x187e202e311Ab27175442be9aF0B953F23b9eDdA,0
0x7A111C46e58436fe29253995BA96C45ebD873489,0
0x54Fe641870fb4f06C944Faf4Df73453dc43248ac,100
0xa31f60179F7CFA1A7eB653EFE774619F6c01514F,100
0x8d4fEd9eaF5c7da0b08209e2fde9e80db6aF6969,374075344957286689322
0xdd937A637a5c96401d4c7cc284167E41D49d580B,100
0xdede8d8486bdf025C5b6a7C26cA2B702DA66f047,0
0x2ce3b3A62f71C90b4D25091ED4AD5c1C786EB908,100
0xaEaE3201957353A9D0Dd24321E866e92e1C13d86,100
0x62BA33Ccc4a404456e388456C332D871DaE7ae9e,2949550812860628509
0xe11E577764a0De7643ab00d7E9edF9B15415ab76,0
0x32843CB7D41D5DB861c58199E0fCEce1bd4F0d0A,1
0x3eCa320A7b3C30c9A71752db3E27729691082098,100
0xeE1d5142b873f5b9F249f403795aB37649E56F6e,1229264436244782051
0xc933333d76261B55065FEed8715B5C75e2167af6,100
0xFfc6c17ba803567dd6Ef269eD3105e7C50A21Be5,100
0x539beC82B81D3c0ec23B3649C0dc7Cad396B40aF,100
0x0F275D9fC268E25a60Ff65a17a6a1282Aad567D4,0
0x18f768455E7f5fB09fC491fd86bcc282BcDD5973,0
0x7DE346d45aFCad30c3E1AD254E76Dad758aE6BE8,17703935189607099470
0xe5Ae5AAc9A19Ec43aBdd161e95640A1cc12aE348,206020609410812000
0xB63cF382fD5805f8A377CfC6eb75fDD46B9ec847,0
0x5DF3e4a2Cd45be4df4857d0E1b89b871d6D6B9A2,1521601805465902555683
0x341ec3cB21c25DD379C208203654eF07Ed9061BB,0
0x6A0ca80Be6F46965Cf48eC5175E8B168C0159987,100
0xcAb23E031EbcE02F96F286F2c8BB84a12e5814D2,100
0x161D9B5d6e3eD8D9c1D36a7Caf971901C60B9222,100
0x77e1892Fd956c6df5a283804d57BA4c6e2803766,163864
0x150DDaF648940fBd46eE61E5553bf2FbE2b5ACE6,29505440032082958835
0x0034C0abE9192C4CBFbB4662f2aB7c491F7bf25e,0
0xE9F5e0Deea08502Fba2E5165ffC9cfEC7E3DD6E4,1418250912817727912282
0xB89982cb51E1Fcbd3f2746856b7CcCa4721a3722,1311455376931482633
0x9D9A49fbE5614eCa83CB8A798dC1bA8E60647D7a,0
0x6128396C9BFcc3b4812ec12B7a01e2a9fc212F84,2431210963762078593
0x04F3da38F1C017d4E2b1060Bc070f5AFe0007a5b,149
0xA9d9420d3376E7ecc868ac4BB23527d7ebC4f395,0
0xb1383bfE059045684D2B7Debc203a65c32Dd9F1D,100
0xDb5ee516B26F70739eC1A18b155ace18A1168d00,11654521916369727758
0xC77848cDD3D3C91A7c3b25d6443d2871bcbaFFc1,315957517228510000
0x2Da4FD365C980099b9c572Adf213095797D2Dd52,100
0x9BDbdb4A8f7f816C87a67F5281484ED902C6b942,205257974502658816
0x8A809606147CE5eD2759eB918F19b04dD95c6e6e,4646415039190333
0xf3e1B37FA0798be42E9F47568DE19B9A54BBA77F,1
0x41f397CD5d9e64aDa689d340dad24AB2A884eECd,75431014835980636563
0xB06a5fAED6F7552Fd962D735057BFD5125Ff3801,11740499660591101723
0xB62De300166A0BAb969E22FF9f821444C8c0111b,100
0x2B3855a522c52CB7C14DFb126BE0F4D7D0bCe077,6463088160512382618
0x2A3300AcF456D29BAcEe456b202f9A8B960718af,100
0x44ad5FA4D36Dc37b7B83bAD6Ac6F373C47C3C837,100
0x549d2d44a12B121A8b3667463448605B1F2D52A5,0
0x00173C4cB23E6d876fcb036bA954A2F9cfCafA19,3097520802000906697
0x892A932f1eF87c74865476bb9585d26491867c79,0
0x116009657034e0D5C88DD3D1953E1bf95d1c6d79,747535572137203713572
0x851497cf9B1362858C095CdD577B506d24F57336,0
0xC0C900871ffFB8a3e8373D040A16d2b179398B40,8975067121824247338
0xca44271A10a1B24BDa177800BecCBE9a1bc2165e,100
0x4c0E052B255fFD9325aC869db3c4C718622b6c35,173621394985143628398
0xc425E68317586C60c4fa2AE5886337323ff2bc2C,0
0x35e15D63492EFa7B0F4D4e7A552a9C66120E1695,0
0xE8F3359461FCde339631a34013784182F6faa21F,202342597131951349774
0x6Ada1274d9C79833e5E5Cf9a5BD3C7D46d30b4ed,100
0x488e628E48f43ebF36a79212a4Fa79BDF8C8cEEf,338963980269745002108
0x651825160C24e80a6156f1B48AEA0Cf05FA2570e,29245926693175929488
0x3Bef1755C56e8019c7E77c4c333770741d663CDd,100
0x52285B51Fb4E0Ac159AC46aD12Ef792E02cD214d,0
0x16081C5171d263B8740FfbA04c285f77e8fC5b38,0
0xC66205A10b653368F4608668ED38743DB7c5852f,100
0x1563CF31424cF6aaE088D3223830dC4DfAE82B5a,18263210495210825104
0xC08B26c77674c93411207cCa6DD4A5F510De89a0,378420891135997908764
0xE97A24DcFEaa8e562f3252a720698A5b8f210C6D,100
0x7CF3f78FCCc4B826cfEfd4FB105636301a67287e,105
0x414017Aa9b1180567fFF3c352a240b2eBEB618cE,243268647722001918
0xC372d9cA3289fc57FA538Dfe46e236d67754EDeE,0
0x01396027fd01665d02Fd6049dd39D8F72DbcFa93,10159109718210800000
0xA5845886f035a1E7Be620294286e2b93E19972da,744438889841417696418
0x744393B5DC030550cb86b252e8c51b9a2C2a4Ad5,100
0xccFFEF59543A93514acF030038a24f2C3a4e64F4,100
0x1309DBba890EB987489fb4793aE77482f3DE874b,2094892448668551529573
0x8f083a8dED5878b63C7BA1854d6c00381C18eA99,100
0xdB6bfb04e7f0688F415248C69AbE5C7b1c46826c,203946983947851634184
0x9BA6df247EfcA09D9546a1a1eD467B25F3793e1c,146103359039071659694
0x890FE3dD601FFA16f79dfC9F95214CB3732AA588,0
0x1204A22a8Cc5586B67eC2778a02E47D230A6455E,25566467305583848
0x5E1ec9bDbf175206B4Ea74EFCd5D0Ef8b28e5349,100
0x2C5b31b783e0dF0964178D49a2E115353d330D2d,0
0x1c21455ef82d83d0a32aefC83eE7fa599f892f16,390186277697434001649
0x3e72A3f5FD3Af0ad16a2CF8f1DF7DaE7a44e639E,107176868175469567932
0xdFAC9078ab91e99ECCd770d940C0D831EB3dd395,391591194648777718381
0xa5E0Ecb5D075e86C3bf5d1B1042e154FEe9a4798,0
0x3454D734D6709ED9C29EE7d969A5C28ccbD7dcaC,24275968078312100000
0x463870A4246CA08Dc2893696a60363092720c6f0,100
0x36eBbc8ac514cd8D2061632B89f2e445A3F55F08,754171840967009390891
0x92e51e865c1172C4ff5FC6D06B2aEb9882A9B446,0
0x9Fc0bCC569Aa3a507b0Cf41fADC12285A658BD64,3342018804974270381
0xB9f778CBe14652407CfFd62EB2C792b375e6B61d,100
0x8de5469F7bf563Daa3284C60984f2C9215cef448,0
0x11964417163431cb3E4cc4D73C9B5EF3ADbdeE6a,131370191190385581184
0x997459d8d3AF62Da06eA298c02C0663FA282d3a8,25580904366369672897
0x608eD833d64869a8e35cEF85bf921DfB1F4e28Ea,100
0xA2BFC42c0000A4f97a09783979A73844f43635BB,0
0x9f92F73a3B64cffeCE78bc82a1A340776c2315bf,126655603911595622920
0x3FB7a0417904125cd5dcA7c4cd46b7Ee15314498,100
0x05dD49D5E79DacEA849790c8857F9dbd8E16e82c,0
0x25d4EF82374e02E8f94535efa18F224e1e715E6a,488541646309206889460
0x9dD4c7936A29e1B68bCDcdc3D5b71da5e729e71d,100
0x77b19f5A7080B0C1887dcACBe63A141E9317A0f0,0
0xb7179759e5Bc6348d9f4F00A6c82Fc462A52D541,424483221155511927367
0x5F1181a72D61913e63a2e1693259091196CC630B,11545075965545249374
0xCb5028a1Cedc7cFf2A782179b8974353d7BF4dC8,100
0x2EE15Dd4EBf755c50c883A31E10C1c6aA5A1145a,951486241943246286201
0xC575B5e473EF412c78DEacf11AD57E33e5c2639b,217315735901876772820
0x242330cbAC3eF69CE1Dc41a08d4E308E854130d7,0
0x90F15E09B8Fb5BC080B968170C638920Db3A3446,93804
0xBe9E8Ec25866B21bA34e97b9393BCabBcB4A5C86,18801115652981577459
0xC3d83ee33Af02e1BdE9eA1c95A494762a963A1fd,18871399248284066740
0xd1AAf6E5785231398c082532DA1a0df15E44cB5C,576298043069476497
0xCa4D0e87E1401B9FE036CA6b46c46bE56925E136,100
0xd1ef5E9fCfEBEcB4e7080989154d2a8a9Ad7f4eC,0
0x4E5b2447077fBbe3bD3d69BEE701344e9cA7A8Dc,0
0xB376ba77FaAf74CA93E3a75F7f61d2e76B1F73A9,100
0xF8f4C4527c0d17BC46328aD6da3A2053Ba595940,1192979454570788782814
0xAD4166C6204025cE9676c7b0c9b9Fe7eb8E946c4,499151694122560851345
0x21E7f980C2BFb1eF908f68E92F791147856Ef26C,100
0x2aadbA6587d8e14ebF9aEd9c3330989dCFe57327,100
0xFa943cCCCc471415d3b1CFc25347BB1Ee7b2B9d3,0
0x3CdA30BD84DB976BFabb64b622D74d38E78EDFd3,3866907806060802099030
0x8e3c9E1FAA7c5404864c807F5e12a08E6104e71F,0
0x68921a19cb3c23A09774e5ccdC315dfd501EbEbF,0
0xD9D4F25Acb0466b49F3Be1Bf68770C5aA12e898A,2345486429407986639169
0x3bE960F410100916b49C41bb8fC52eB5511ef307,100
0xd0EE781ad06Bb1Ff7A7509C28D724FD790a85B1b,110683537755721535798
0x04bfcAb393e9149185B3A81D6066929ECd643e2f,100
0x4b0bAF31ce22FE18331cCfd27ad9074Da8E64ccd,100
0x76af117C17fD9c818c166FE00d17b3CDB97d77Eb,0
0x594Df5e16A96254e1a1C833A55FaD46b962dC9E4,192186037519787231947
0x5F09ef7d8a3F9b63C5227FD6aaBE0B3822aA6fDB,430232739005221871866
0xd4b71254Aa8EE032273cD352E5cBC6E3e65fD21e,0
0x749d2C4FdFA0b60595dbacD52e9092B30e9EAA32,0
0x23685e339a4FA8E99Aea56c1ff95B3623862A8B8,100
0x93CFF668164daa0c5b106151F463768743291C1E,0
0xb274055c58130C41eA12228bc3230bC1529a5d4F,14409699871036394217
0x8c7f4B40111491f4633b5F971b443dCdF1B92664,100
0xf86a8847598d74DbcBc1120Bb807A3c19f684D29,68970227442696078448773
0x9c1055f5Fb664b5DF7699bfbdC3D24a6B63D2d9C,26640769793859057
0x660D41dd33e49EC1667f1Ad17D2c81Fb6F6a1158,100
0xCCFE8229d8D1c28d4b2109b3Df575e06dc08A82a,100
0x328E858f7ccCc889b7A6af920e1dF58e2284bee1,513489417051070489
0xD8b1d41A77f12Bb972Ead1b4c3503693F1Cd0560,91020384945569239372
0x40a31D72a1360C9FB42B5126915B60d26A4870E5,100
0x102763EB37F47272150aADaCBC48d850444935eb,85461634974711701792
0xb1c5Ec4aac5dbA3B65511228819229C04cb5f4F3,33396671852956466228
0xaBe3A5EeF45252530B3C0dfA837495f701c8bA11,100
0xEAc5C90882DCb08401Eb352901B3b2Fb422d1a3B,6979723323948950774
0x8e534a77915156626DF46A8F32fD050a39697b99,500132829525532640770
0x87751ED036c0C5048C42d3A637163A932da0FF30,0
0x5f085E53a7eE3E7f2AF2841d37b1F337714CbBeE,100
0x4C59E9e38ae04881268a1b876092c45201093e67,0
0x228C526F487b2ef77A789C3a162E72d35DB5BA0B,386076290185500012773
0x6618FCEBDA6F3F92352881745998a80251450d6f,4590788023048430551075
0x0719022A5fDc00a40c6F5C7E685fA1A3cB822778,4447766220484993631
0x16EC5EE1cC431cA95de00b6C88d21D0B4d3Fc2a6,100
0x5A4C0FCb69032ea5aFe6D0Ff9F48532b3A7aEA01,94591220841973661685
0x26f3AA57692BB523E5DC5cAca0FF331Da30A77Ef,0
0x5e234D462a6ed6B11Fc21Bb1D2fD27Dd1a904383,109894277015829521860
0xB657111Ca34672af7658FB08A5692368A8bfF9e1,339473982254191204545
0x81db2dFD33b24419F0F715e331f678411Eb1ec30,0
0x9Bc86996822381b9dC51D367A6bF088d397d9F68,100
0xf44c1aAC5ec121398AA87A2C1194C388318F595E,0
0xb0c757ee1B58Aad5F4086A978F77a2726524Dbfe,22286209500699481885
0xD515b88473D9310e63eD6a201Ca79D45E2803536,0
0x12a092AFC13E7b31585b60BC070C103DEf7eD23E,100
0x8BdFA0c3Aa823D1A67C76E205Da6A4584795e1c0,2732853435826832970000
0x2a48AF0e7f826690D645c0c889A4C60141574aD3,5403327492653213902
0xc72DeDFf0716B72d82646A0Fdcf037588Bf950B6,428443505298570072
0x88E07a0457aA113AB910103d9a01217315DA1C98,774001931843623890096
0xB70C48717d4Ab13E8AeCE621B34B514d10dc9579,11595364422527414317
0x4d5be057de46aAAC13f0A09a97b04bDAc1B23eAb,546342979511615660
0xB28e2d5602280C42641471FAE46E8deF9458Ae60,0
0xa12BAb282ee6C987745aD85DD4ac97eB067bC5A1,1
0x405c7d9d959A40A89c3855b32Db0DFdAB2CDE835,7220085225445550903
0x7561eb32fFF92f81F188094AA2064C92dAdd0726,1
0x1470f5fd536dACdED7E08627C0f9732b7A460abd,186427035914115601692
0x3560580BBe7411a963B859f5017320790901a4Fb,100
0x286b534A51d5DaB251746f369BB31126631e316D,100
0x3B736DA9991f410184Ca6cF6761B120172444dd8,122278092047146327357
0x919F64Aa7Da4f2fbC2107eafc7068c273A293384,803677846953193309946
0x6dA10463F51e105aC3D15A8C4f13E1F1032EFB99,3276792891467833731
0xac4CD92Db83280a3857682522ab96b4C5b63D8C8,1
0xdB2B9D473014d8c6A5E55dA92205199457Ba6624,0
0x2208F17A1396739B9a60D7DF7413f63a82a2Ff00,100
0xd8076640AA85E78E03cd66800434600713Fc62F1,29556978151571555648
0x7Cb0Ef98DB85CaEE9EE29cc04E1B865902F52280,1514639703660456082
0x3A7ffbd2523c800FC61Ad089e15Eb54D83D7426b,590092215175375223230
0x1409FF9955302686f78DE870AcC4007415D0dCF1,1
0xD52a9605F117a3D5b975BBC13f7657E4c4474335,77584781446708012000
0x16e4dB3b48C0B0fEf42256F6A147bC212c2ecc36,7146289515528739540871
0x84DD97020C69750434A9B4c2DCBd609B608239c2,0
0xc28693Cf42969535f7e28154242f8F0f1f0497ed,100
0x17b2568b95a25919e00ED06c4C22C19Ee5541d22,457999239162095072045
0x672406bf6CAc602fA82DD38e252397f16993b5e4,21918823071275265
0x6Fb102275689cACD0E7dd5e3efdaEE8bbbB57b0D,17487209659931263480
0xB68FCD74aA0e14e5Bf30eFC60ca0fB48a430Be90,27455315506554120782
0xe513568Ece63Cec13831D97c5Ff2565826c04B2f,0
0x4639aFcCe319ff9BbA3fB19D2A9461D0f938f660,40478018945829776468
0x4e7a734a28b5a181e35C28dC43C8494B591d4B55,0
0x0C57d7Db1C17E867c0875C1A2736603e0022d679,100
0xA8824c3A6D35D2C2b7AFCD287AeC8c7788032986,758513455720094141416
0x09f30971D50f7e1e86fd9DfD7012ead8aC572cA5,240463337119004600
0x6fd2D80444A5D635140Fc5722D2A47B51AA1d160,102
0x2536f54b9Dc476FF468b4c31FD03743D3Bd622e7,0
0xCF4E19fEf1178D82e02Accd35636d58b7f63DaaC,100
0xFfD7Fd0B03B42f12C2079D2717f504fAE5597e56,0
0xe5845761e7773976055F2559ca54be41F09d9E88,30867236974354316236
0xf5018a6Ae6E26581FE779b5b51fe5f994C20A0e4,100
0xFbe12d942b8c152248Fd118F598C08124FF3D7DE,1792492172302198814
0x018B90197B9dF85Fa9130191678F937a535374B9,7184804527111292
0x2354E1547034C15007c021159ef23600bfe960E4,0
0xD2BbE442805C000c35559913e15B9b7246aE9c3A,100
0x27E3a65cb41ab532357681dAC4F8F9904C046819,100
0x8e86140260C0a53fF7aE8177f182b3947e4416F4,1762460449372334343
0xA263e66454d9761113e439B153B238eB7FDC96de,100
0x5C8f75BaC1382FCF87163b1805F98470c9469BCF,96624517401917312
0xfF807487542b792B1af9c7ed8369130832a5570B,4718361693432496
0x22665731e411a851772e5Dd41d5cEA9Ad717A151,0
0x7cA6d184a19AE164d4bc4Ad9fbb6123236ea03B3,0
0xEB057C509CF30cc45b0f52c8e507Ac3Cf8E78777,9043712757972296159
0xB5239066A954436878245DaF749565FB36Eb7b41,100
0x00492fBd95241aB2176c9bfc3Edd72625d616Cb6,100
0xB12Cf85813220E94eF9B5958C4be203F7C169732,178926364015726922318
0xB2D7c3AeC073443011A42A25F8577920890B37cc,0
0x57f0BD4Cb2acC25D612a5b8f86aCa30aA3405ecc,29365300542105545748
0x18d3468b666DcCa457B39081CAE67993a51e39F1,100
0x6A7948b29F89BCd7A6eEc3eFDd27eF44665871cc,9866721428334145016
0x93fB1F455041691D26255403f16108f0f53DBD84,100
0x603e02f4D63EC598d0805f5E4656D6205D23fBfd,100
0x031fAf1a5dfD6752Ea3CB11D2Fd1aF4bA3DF5D8d,3205242340038014653804
0x303F2d38AB911296DEcA9dC19968a854d9cBCAdC,1
0x924E36660060CaD83Cc438D0E91B0fb00C35eDC6,100
0x255bFED9f89714cb2fBb9C6905C8aB7E1e806D6E,0
0x09986f90804aa21012761368129B08a668a306b2,228997378843866556575
0x49B8e8572E86D90191679bE8314141AbC84668dC,124102374963986768471
0xeE700657bC845339d912C1e1F6fC3314b7dDCeDc,78019769370900374052
0x2Fbb004C015daDbfb2a0D0f7cca3d6CD4CD472Ca,1130299955601157685
0x73C68A1901288b39F276dFeA7A5d5ee6A24B60dA,13851889009433605088
0x07032B7Ab4642908EEA27Ea98E2784EB78a9c4cA,529767462964172479756
0xFc1Aa1f2e40ec0cc25300c4B08b8513984844f19,107507962881443513677
0x1FD85309609Cb687A2f6B939E0F63be7d584b935,100
0x8E654902DC7bB22347492F19F084141183ba379c,317169397735538486764
0xf9AAF5fE611572c281d1A3056B1cB43a1B1f4FeB,1388506517384507762
0x43F79d188DC2F4D1BCE09a607066D1B31e9B951E,9955522638838060000
0x92c1fa099911750907F4f65A0d4D7B94C04b5601,100
0x0008906cA2e1d42DFb6BbCDA7f9B709A0cFA8dfc,0
0x3B82B31bBE0DC3fE0f13D17f9a4d0455eF562e06,100
0x954C8952CFB768617141A2CBeB2b23FAAf7b89Cf,0
0x48Ee69490345c7080240dB090E65a4Ae1049E16A,0
0x0Dd3Ac57eE19Af4C55A957d5cf57b914b677Cf3D,160944812018843240206
0xC8E1181821c5e1bF986A3b30A23249d6e5bEf38E,1149264208556736
0x5646889144dbb12fCdfF5d644B5B44e7E5a89ACC,0
0x31444224B0Ab36914e7BCA9a539F15FeB1d4A308,100
0xA1c599bC340C32040060EEe6d361A7764424eA85,0
0x8E6136Ce3572D5C9be30b06b0bC1838F36A16f21,2633359936929773
0xA2777A5EC3f729A7E9c996D15297654D6695128f,136237554542269420
0xBcA91F44C72BDf61AB159d9fA6D16Eb2e4Ca095e,5959732304500125172
0xdB2B0e4BD7663131df1e0fC6E5bd3AE0B31bDC3a,450025283998950134
0x5cA4b035490BFAd2C9984c2Dc12834f5adccB4AC,100
0x7a4DaE9Df908e0949DbC937b109ef926C6E6d806,447766286952936380
0xb538E9E7C4a14A3192761229D59C8b8eB0379D6a,0
0x6d0BBe84eBa47434a0004fc65797B87eF1C913b7,10406860842718663
0x3b0eAe77874e973784f41E4b93518bb8D2F59DcF,720621100911131425
0x46EAa15DDB01c760f19b37fE8C0790696c911F26,100
0x478739Ea730bcF17D524A149e9f49b5F2F082E9e,44368815524413326693
0x8520959732733B168f0F3Da99f9c95Af52190ed0,0
0x51A83Ff70F329252415477cd370463dEC737Fc3E,8566126262920742194966
0xc2dacc8029f845604D9FA382814EF2147EC22DDF,0
0x4279B0Ed460634f5Cc144640409bFFF7dA3cf07f,0
0x79298c00fA1F10992146ea04Ea8c0B0603dC3a7b,35693802028842743987
0x84A1Ad1A46a6b25f0A2Cd836615c818A3A45aB82,917002000762417673
0x3Ff46b4fc7C085CB1d44B96aC00BF758647f35d3,65007403736172077519
0xf3e75D7fc87ed97D961c4B35A969219dB95af823,100
0xdaeec61bFAf48f36C5f092AD9E6427F91Bf9d8D5,4930461476088435117
0xea028ba2eD30264AfE075bcb8436CAC0E479FD7e,62419725460934647419
0x8f751dCE143d52AD9D686F55AfB42785Add557C9,2
0xc083Bb73d85b94846FB66F83393FAF111245eeE0,100
0xf3C60e040512c72adf24b4a4440C9A6c99e3285f,52189626546633308252
0x564A5B0e8A0AA6ECF6Ca387200BA006a4C0B1c19,2130561749774599200000
0x7970a9E6e7AcB58E6C4e93798623516f019A3573,0
0xF01E07ae42369175a986Bb13fb3E097d0724f74a,198006059430761291041
0x16C5d7862f5E42B578c5B86bDF1F3887Fdc0F412,100
0x86a98d4c43A69F80cb40B33033C06Cd28d08bc93,100
0x5EAE6c797ac561cb68Cd7a972963069122138157,2463753092096960
0xa6AcBfbe0cc4e18e0e04b109aD3511e89F76cABD,47280150821918642735
0x095DB53377ac5299fB5bDA4da76aDEB709E50e23,2
0xa6ffD9f71FEDaD75d846735e6b96A579D98b8877,710484070094621240
0x21a0B6Fd81ec697E326228DF279F9Add0D1B021A,0
0xFfA16612A63cD4CF388B1007348DA15afbFB7021,149498246689276749623
0xF71D161FdC3895F21612D79f15Aa819b7A3d296a,100
0x9b076180d1Dc69C2A8E244f05040D130c9f18294,33323166104988752535
0x8be90eB62348d53517b0C9FF5f98668D4E97B72E,100
0x929202f368dBD48FcAD49432c8f756E2742Bf731,29175046109818570272
0x5807FCc17877Cb8F5934c80Cd6fEF9D64677e927,282573986452312498902
0x77a93a52390b23F34eb8a908e8c53D73FEEB27A2,0
0x9f3028a458508925458c1fc5651b524E7d69B017,100
0xa33459B000445e6693E5829954a4567bCF363539,100
0xf643493cC8a0CC15A2e505b96e72C5AfEFE5d635,100
0xB89dd673DcA9181A238027d5a619098f8d2EC472,882417959083988386514
0x8bace3A49A375027868CDd34e84521EeD1f1B01D,0
0x8810Bd54f4D64D59bafBB6Da9277011347DE80c0,41785145059717750941
0x839375339b030c4a8a2f8bCEdD85C308d898307A,5493480425071347
0xd8E2Afbb12dD52E0e2f1461be112C92C6Bf8f351,4237354427164620
0x854d6BD5A2a352b09DE84313b8e183D15Ec52f68,100
0x16Ce1B15ed1278921d7Cae34Bf60a81227CFC295,100
0xB022fe0cBF383c1C674D9e37eC3F3e611dd877AA,13759
0xb4E85f3b797954549d9Ce1dD29E0267787bAf3BB,100
0xd7BF094901E8D3857Cc1146d36817a292B1859f0,1
0x58e6884f4C0c5f8114854eF7322b4cf03086F1fb,3527175764016061292
0xAbf48bbCb7816c4a89362537aE6719b62F8885e4,2414542155530746117
0x1DdCC16260dF0b775817D7087c5FB13d73507e06,100
0x8F85b2D9C1d762Ab319e1510Af4062165D6a56a6,227931934810944846478
0x158CBe24E0c054c5D06C5984763177CCD27839A8,100
0xEBF7C3E9D7fb31A69F8876b4fcCd7492ad00B8fF,727313382249804500
0xa8accDD3fa14B3441FBFeA16f6EF106c98E22b19,100
0x09d6c481ae05994eE1A35985fc1A97cc4183C094,100
0x78320e6082f9E831DD3057272F553e143dFe5b9c,658966864832455723
0x16B00dB74167b7469dDa63b674Ca9A3B1b70C439,0
0x7Ce7062928F0a3C6b1c1Ec470715F62c69E201B5,100
0xFA0359AB83269Aeb4D5c071d1211EAC0E86f591A,157051273674786969175
0x7413a9Fa281091ED98b538B1C9c662aeD3530429,0
0xfe1d9CA5A515e2e3eeE754783e0D8faD8338E78f,15351486544002518894
0x2FECaD091551FCC1158A98285BCAf080c9E3C0Ab,2667028716242851710
0xbeD4956D5B24390FB26a9047026CC302786b2D43,1589636921119013635
0x433dC467dD8EF8c30c93C81829258804BC276167,100
0x0dB1F475E841948777EaAA6519EfEb6e4D01648C,100
0xB4b7822307cC4Fff4a2172D5315dbfD39E50A356,440515049605045345469
0xb9543B7819483bA1FBfF8294BdbaC4984A2aab4C,0
0x9382F2B69789844B8890D65C7715447F7C7327AE,2
0xBb5cAd97dc15E8C3FBe457Fa65CFB38B2dFD1002,2067622069996268978024
0xEcDEB1FFd6A819C7FB6834559D6eFbe80c946Ec1,100
0x24112123AB693E23e6E84B6c85f6ccb71CB9EE34,302632
0x137d19c8c8eDd295Ffd5579Ba30CAe1f69a3AebE,15578729090980927476
0x752159B2109bF239E43f3AAC85b311E27Ec17aaE,29821676327388400586
0xCFCd369524a821ed94aE2804DD591c9eb8909469,734214999498987783
0xFb522ed2323c139877ad955B63a7F844A733a96d,118676873293709995744
0xAaA9A569c2e631B4e33e62d044020f21c114f450,187634084415157860000
0x88a68Cc95203288a723F7809dfcE11Db4a7E2af3,3524824357204868000
0x522Ea58a06842817A18B1fC6E2311c3c24094181,19716422804145097487
0xc8378C1E18De5E23bb26106A9B9b1239eF2Ac556,39821301013875553459
0xA520dD26743ff11aC9aEEFAbDb81c158D3e97618,28311036482255929500
0x2239d1A741c0e009AE867145A88cB088d5CBcB95,55756949737871419695
0x76D6b7a11331392Bb6d8B11f88f57AB9462BBBE0,120666031048405300000
0x2eDF4688e8543278A7990bc6Ec36d9297b8e7bC8,100
0x65cBb0A7a99d90e537419c0C9525E03E56Aac965,1344473953131028041
0x74d132a1f83ff15E070b68e4db46B5dd37fd450B,26171998307034799013
0x733AB147ef8F4efEA84ced248F1AFE74FBe21582,100
0xd552DE9d038eeb158CEc11e70f3Cc108FB0606F2,71805456639842429427
0xeF776600a46646EF52201b15972BC1EB501d0C49,100
0xad217C503C9821A95681FF415ffFF888D0028B81,102430482195345044017
0x4ABc33CF81e0d21f42168d044f7002eDd6b80B09,483649688609734600755
0x93b396Ddfe4CFFfF6F9b1dCfDb2C0cEC09133D2b,100
0x698B9D56AbeC3FAA97FfCE6478A4c7dDBAdD4116,6068532718331254169391
0xE8cC747b7feEB7Cf32522d8B116EA54930208e2d,100
0xA7069a982514AFFbB636022236deDe5b58592d56,11379641418445221000
0x1321508a3f635959433042Dffe490ba3dA7b978F,0
0x358b40BEAa062300417400e40eaA30aC8Ce316f3,614284715479122919280
0xbB754128C080b3CC39aA4cf09FE4B9BA6B54f13E,0
0x128c2F0742585CaCa7F1f91aCBe6038334CdafDc,0
0xc723b407673e10c3614906b39e72C03A2B3faC9D,164336891874247728
0xfDFC69bE33579B04232ADC816d83B5B19FD06114,7960173259088036000
0xc0E66123AeDA643757F1091A4aECD288282c7Ddd,63817908488547263729
0xf97f1b9c7ef8bACC632a73Fc6FE53A888A5c6b9E,36855960752026580
0x655A6229863a5b168F3CA398f390D25B9acaB8A1,31451040674341020613
0x7aDaa3c9d9394EC49A8A4a1a06Dd5873dba4213c,6927599056052230497
0xA7B520f261ce9D3F5011f2AC7F37D357E17E068e,12039279627714639644
0xe7Ba7B45a862eBFBe4199393abFE94a8DA1e62b2,12028826217411036000
0x5b3085b188E2fc3605BE4c5d5F95Fb0521a5bb66,169263939660853021340
0x3BF5616a2336Bc63A6182C631A98028070c96eFb,0
0x66043708B0F7a99Ba5aBfBCa4d1727c121fbC14e,0
0xBD80Edb264358d542BbeB74355731e23B8193767,0
0xD8bAeF0453632eD287AAd07Aa11965E8dD96d782,100
0x1FdDE9A4303461af947dD6f6ED5d6F3f6578Ef97,134494686441514
0x672737011FC4770118109684dD54735C2c004ba9,0
0x08cC3F20Fc076CE12867fAEf7d9E4048A2BCd561,110718699817422735552
0xe0050752C8D4604347a62E26F2Fc3EEB6384b5A5,100
0x492A29d000430E451170f05133B11c89062121A9,41692838256154489423
0x3538e59e3ABfcB5225f0bfF83073BAAC587caF86,41822289288675768041
0x236fb33bD599d81786b2Dd5dbaDA2d57a8CE3210,0
0xA1E5710c3b19F26DfEAd980885F773A676409f73,427897720972305387461
0x0479373d1ce99EfD3bdaBe3ac4F5CE2461D9d419,100
0xd9cab5E026d638665b6b0ca5Ae3991F4A44C70d5,258623654030094242808
0x8A2829B2259Dc2F84Be2e5b4491d81B70C1bdD99,662436684100653
0x353119706871Afe0Ca7B1Ad226E0C286660c7954,251932086810388804582
0x71A15d2982135732bEEb4890C29D916f467bd78F,307635063608581176672
0x300C51e7D1143B1A959EB6896ECb17aa936AaE87,140627535043354739139
0x12A072d3349Bc6C7160A7Bf5227c6a8aFd80f14f,213136896187382700000
0xDA088d771212708F3aa983593531fc38AD3627Af,29838706059655085616
0xC17268B97e655Df911E7d796Fbf8bB1c4318D903,33358817285785900053
0xEF996e5dde2E33E3BAB1d3DC8Ad373906aAcA9c4,829482313167352239
0xf3b4aDE14D14504dd2520A0107d04Cc3C0B8d4F3,100
0x76CfabC8a6366fe7a53778867EF05a61De5cc732,100
0xBaA2503b6CaE7b2358366731B8c541593DB05576,22778656502119486500
0xD5BB55C61C347e1a3E7D0645f9E0185BB8363fd6,5503105135647596987
0x96A6f29ca861B7420c586E070Fbc767E357BA821,223079856652405040000
0x6517C7975f40Ca7f68E618029Ff0aa91f8fd021A,48734848625019877
0xCdd2c86c65276F7A2896d210811D2C55a973A3A1,29316654293044814098
0xa50538bEb8a73B0A27058D46AAAC14f3519134Dc,73955266604126109378
0x4ebb96637306D4B582e9d5D65FAA6f7286b9b17c,100
0x88f516C04969f470888473458B5E09342Da08b7a,218938729484428136838
0xF8845bf5fDeC519ba0Fe85400d44eb050cD4e79b,89333312277365267628
0x553713f005a9Bf2d813f38195036C8f26bd6eAb4,153074276116306395838
0xA839B1EFA25DcC4995874B4579073D9931988b1D,207321449504054364000
0x3478eE4fb7e8428C26Fa33fdB326EF292a565e7D,0
0x0630717c9c6baEAbd2b0852e09dF08FEbAcCd227,100
0xC854D93aF2F337495F189a968e3f0d00f0360e7A,100
0x400E566cd5c14548c1F6Ce7caDB104f96aa2dEAA,60734443367038086184
0xdf18a1Fba13D9b19A8e18f6F51BaA29A787f177a,21262261039898232755
0xaA01A53eb7A642DDe06aF032DF4b2B740d6263EB,1258957478530861736022
0xf60F773494889f18fC7eabBcd5705334bB7CC6Dc,23024634219950859120
0xC418CF17C76dfD962484850E14d6409E3992704d,17031613186122435076
0xF8cDC4eA789730cCc1AB5A4eCd53dC009D067968,623118242795724493362
0xe6496A7bE029238C4B579b1f5f7ac7024e895946,100
0x21C8dc59f2E9A11c4C1a0C310641968132c6b1Be,100
0x80D762e5A4dc2Bc237f594A7F696B5E216067036,1564763825444691600000
0xF07b8A6cF6929Eb8C9E7e07bD64ee41e5A61ad09,100000000000000100
0xdb77B36dC774277fD1a8491A3Ff3193e2497ae76,100
0x981a4e9a8Db57d545a6423C31f90d5034b4A92da,11960152246939075638
0xcC803585886D30522FF60d97Af93ebFE848Ae715,100
0xc74bBF0b25e811b18aa740586653feD421e7E710,34260692938609104527
0x4CD47E74DbA6281ea94399943aE00EE1C50Fd36a,2463067697566416923
0xd8BCAc435D6d2a3a3e2D7d5C64c03cCd112a0ABb,467592623263463
0xb712146772eB71d3f7EA711bc407b960D80FBc45,13590588051967169118
0x6F90C476E6fEe4E65608fd1E93d6b9dF15F83B36,123664515338558888774
0x22B09db9E147F1BC4091b1010AbB07CcD15D6429,0
0x77f382fc12E282E922489eF6C2AC1c7B79CE0A8A,100
0x1dB010A0bDf0304F0D55970020f90000900f1D66,0
0xEffE60Ec0BD219760eB40E8b810c54dd2EDdC351,1065089042990081465337
0x1Cf128c68c0EdF212147E1522426f9CBf10615cc,2161677311221344503
0x0bbAC9F84eB13fdF1513D3EFFb90B29604E28dAb,0
0xcAb16Fb692ea4d99a69211E5445AD44970bA8Cfe,100
0xFa887e2904bDAD1775620Bcf3936dE5593f89a64,100
0x4603eF80ab6da48EeF18C5356a3EC4dCC35e1E79,40525661980681876912
0x3CFd964A8AF9D29E01d860D35d887e0b784819dc,0
0x515CD4715357BD3D7B563912a7B8E25d987fAdC8,55976595395497927347
0xFe228d8E56AD80B20310d69461CaCd44d32bdd6d,0
0x7EBCE9a6fcb4552e59d85667391509A4EF1476D2,100
0xc03876Ddf9fBDc47AE66Bc4c7A639f0D78d90904,69097915501980839519
0xAf817D6431ae6A2489E975C6d68751159b9ED319,4290706973778410400
0x7DA0CCA4bBd10dfE9A6A1F7c3042967e2AA305f3,48659756292658989738
0x3842B8a8D37410d8D7EcaCFEa9c687Bc3ee015e9,1339516418518876
0xE2160ad59DE4F04B57175a3A31e9D5b16BF80B89,60884387737354176434
0xd3dC3CdAcefbb7008c55FE3836D14ac4d0C6a000,11149836540398581277
0xd4c6dA1B390D90c27a4186A03E9380261754fB35,101062254266642369777
0x919189cE08d1d6784C65fb5533C40c67378283F3,76105009988916390089
0x9AAe16DA7f3430AbcBA9e97C54D255f1DB800f1C,76646404437348872265
0x9FfAd535DE5c18FBA2E7D31C4a6D24b1Ab41A781,100
0xF1BEF2403f0C320C9E7d0Bce8309AF143CB39C93,100
0x9a1654a15ccd68D04b353C7EA8d5791A9316c2F6,100
0x4E1063407059A42178d27F1d3EC6461f32B3C79e,3565214185754160570
0xeA7bc0be8980ACfAA0775daDC9ecA779Df8d1BEC,5972693438838271911
0x8594DDc0Aad89C94C95ed53b64411980B172192a,624043288389351117
0x016499D4330bB050aAa51394463aAB04f1cb3B38,5594972366126916268
0x000000Def91a4651320C6913b637187535739B03,55631498044468338000
0xc8E4B7B34bEFDc23007F13925a5C10E1B1C4729D,5148184887901064932
0xB162A8693375AcAfB011DE6123a7d7425101e20D,100
0xD085db415DBfd171866e1ed7C23582e2C65B92a5,7298395793448777819
0xeE873CC7993216c6Da142A37A37056887Ea8D2d8,100
0xB65A1C8c3F041FEE5E95564d45Cf1F1cD8181eA7,121121247682894750000
0x3DD7Cb6b8f03A866CE541Ce9FaD73e1F6CDf6261,12215688978390393294
0x6C4a6628EF83594FFAeCD21Ad36A85203c05f0A6,100
0x5836130b9f34deeb78C7642f37E921F913E4C3d6,52769555262175432480
0x90C1f83b80829577569bEDdf06e34E99C1d8c4F7,100
0x2481a61BdeB56EBdAEFf4aFbcaD79E303c6457a1,115520666098937262451
0x1B51cCe51E2531C478daA9b68eb80D47247dCbec,5008792550392948649483
0x1bCBeD36A59BB49bE60bE9647CB5B23ce4593a08,80883825575727583014
0x0Dc2f62f3E8277fdF974B04a8f3076fA5Bae1892,740159721469519948
0xAfCB0803F96dC1e9768d14ce55b1a46b26deb24c,0
0x5555556A41Fa5AD48A5F7034355984D507B9214E,154568135059607195064
0xE690C05bAE991d7db8EB46bB00af29b626a32D50,100
0x81Ec4a91B5A9363E99364e92e829bFed446D877f,100
0xC5979E6f3E022bdDB89C018292b63445244B6313,100
0x4A253CE067875220f44938997Dd58b93d02cb145,11844625546807026268
0x163a4D04A51c006e7F107aB0bb615e1454393D54,15345693651170280069
0xE2Ec2eD68c9fDB86B5f612De90516B7D28729D63,12429484552802792890
0xEDB573d0deaE018Db376802BFb4668C3b6cdADA6,21893661673809954696
0x03F16156aE491cD53474Aa12d8c4D0A3Ef906839,198099190498943083520
0xC3efba1002C0D74fb5c919e092c224795BE02e2a,100
0x6840653190706cBE2F3e457d20F69Ea7CBE19dF2,11109201764161707058
0x4f4a4a3D55B0a484dd981D91Bc792461F19b03da,0
0x447766483C6e9293B80692Ed16BD5A8D577540A0,16912813229378542000
0x10B02739bB9A4798DB45159c28227639fDe8E98b,1275447027744526516
0x1B0F4AdBD4c87979509419487d575C5275b84a09,100
0x83A64404F2F935211017489A19288491Ceb3bab8,128011319947183931147
0x367947A84D47F9722f043042bb6b0E7b3369eCea,100
0x6AA4A35C2b6548E49f2a7C127c3E012E419F14B6,100
0x970080F1222271752dCfE5479858247F849a963C,68503731848722854541
0xa434E47075262810CF02A5d4De0E8ECbdb6C8E86,100
0xAEAcdc16E26A30ad2b6EaFbf60DA32f551A7AAC1,156352112747038398388
0x9544dB43BAed63f6a7a21766D738C4fF4bfb4da8,3520518510254564949
0x5Ef319c0033C81CC777521F22Dfd189E334b68F9,351497609243937360000
0xeD169cb8451F6a36312717CFE9C2C1774fF938B5,0
0xefe79ed6Ca093744989e3b38938b2FD0D88D36FB,7104739536348612417
0xd3D3D8EDfc487A3D44e9f4bA7CBaC87D94fEA8c2,110385178680673067941
0xF4544623C5427d15cc3515cf01b0f82D7B70dEc5,1722961488741745238
0x3C6730546829D451Fa62dC214693002B4747f162,100
0xa31952339b0A07380e806245C3f1d67B2e3a2bE5,30617732038515297088
0x4489B55329941f4E4cfC9935800dAA79F3A24450,510104240850194651891
0x88B1f6589157F062C992c42348e90bEB1e3e0bC4,217501653357012125277
0x80Ad564e3BB8FdA83Ede55A966306F99c2C6b24a,58592858825531040558
0x0a7ce79256d65CD0CCFF717F8E40C7Db881DC4D5,15360619922649996682
0x032eD5428E4Bb86c77cA2B9032fAA2eA3E5B195b,0
0x225bd5d2c9016d733CCE131987c4d3B90ffd7E05,56786817476036504440
0xeb989850c433b103692a7d39D66971A62874D745,0
0xa9F609BAe571F98642268dDF2ecF3742e2e6d224,24258330587403345
0x87Af1689A075e1f18197C0C4f31F77577E07c6e5,4113609744820782750
0xfc427d3112cCEF24DcE7FdA59238aCECa2B8105a,17684738013284714717
0xF0dDE111F1cdBEd6958D53F1A88ECF55e0755B3b,100
0x8AbB92DbD24762137E247E7Cce406cC82133F8C0,102795954217095450411
0x8D869f609beD9516596D8563E26d4870f5f1AaFB,100
0x721203817C74425aEb2C23A21E39633201EA6a9f,66282369393072019765
0xA31fea22D0dDA7d54c9c2D56F0Dac3080CE8d1a5,100
0x26A09BEB36aB2C3935408bB37bCAa0638F709ecD,25703090036927477021
0x2b60C01e931342e340c2866935DE0E29Aec56b16,18177543093802617040
0x30950B2Fb9A9F19202dA641c0aA89d41c337b60B,616737320927181154657
0x330AD0d38e9c12cbC34d7cfFEFCd99E5530b6bfb,1704025519087557
0x04b213719d0ff5A5e8AcBc3Ed855239a20472D4C,0
0x4291C64ca6524465361912847De6503a4029C88a,53739400218363100000
0x22138A0CFf84952C018cbcBF5650149017d6b292,100
0x2F22495F5b73215b498adDC692413B727B44F082,1990182239000662170
0xAaaaA09D375924EB07f358192D863B6BF614E430,469948295069811
0xd2ffcd82DAc8D05c570620a878830724e3F9dD69,38274880311161501643
0x00Bd3bDa43483aF368DE8b7EC6568437C7bB319F,12476465411251948049
0x6CCE71D2C9618FE356426e9352F7300286336d3E,10730643159820244239
0x4E5f83D8D1B1223Bbbbf88a3C951A5B3ca5C5041,162647242155372967542
0x1dAC1f377daB00237D7A7231708e85Ada462dA4F,32181275282832280397
0xcA78B199576811b5078F8D38b4966A7114c1C98F,98709918956911393413
0xe259bC0B82C40791b5C0b882BC1e25A477e1F5fb,49489535059707392479
0x709398aCa6c9F96Fc295da29E5280C4d2a53B13D,28073160149007276000
0xa35fD83C4ABcC33d8e495402Ac487444658bC3df,6375111747960734048
0xCc1FeC6Ec19d53470e26171B01bE4e61b5c9f16E,967788817371
0xc724b0047De0fA1259c043e7203aBB243e2C8fC4,100
0x9a2ad9439c19e196Ca407F32e40341387415a0c6,100
0xA309e549A70F2Aa1b6A403b5364E00517a645EaD,33304356341546009064
0xa9BCE9CF109c8E5E4066ED6484972CEE041572EA,22574562846114798796
0x2047a104b7a3B9B619BCe57B429FA8434DA81B77,13756786935657387219
0x01F1749Bc5D870B13D53aCeAcB539a580919582F,85750235815445893105
0x944BdC032213F7Bacb38E63E7e1F14c5C556B706,123133639470773500398
0x33818B72AcFE89B9Ad822e90e8eaa1bcf9386266,1562669299176019402
0x7F92e835Bfe7c15965730680912c5eFD018a7798,100
0xdc9bD23b1E2bf5ceEA361Ec84569be8452A6064b,96919691589264738470
0x0ED57484E130E435Fe6f8383eF9318ce8704e6Fd,61848337549988715836
0xE56b054a7bD8D3350336cfDa029Aeb68C58103B6,21514892193108628705
0x05480D60edea15025BDE0A4d29A5CE925b5dF31a,45468413927527641557
0x8920A5404Bc7F13A90e26d1d8Ef083E2B8BFa739,2327376947960390324
0x9e138C3C1249f1627168D02359A4BA82e5f2EBd4,490485129374779328692
0x02d7F554E465E34F7d84610c4A258C22529fF610,4912482655622134351
0xf197d1037E1171d5881d22a44d0EA6B2f9AedbE5,100
0x1df0A5bfcED8fb5b9eDA72e6e500f44292792e76,49512874928345798454
0xB6C5E141E264F9458112751aDf709Fc9C9e3C4F0,7099524891614265260
0xd384Cc029B537503895fE252f94FBA87A05D677E,5096358989494876732
0x560fDA57F2F1C17f264673489279c2AFF5BF4957,1063571514939660188
0xd84F7d807e085fd12abe9e874695DB94d989cAA5,6081188007980462974
0xEA9a3c9E555D677935BBd41a73fCFcf256c5b6B6,971022203655272781
0x522BF786D9628308E25D5354b22c1b7446cAFa37,51837676753843901230
0x55fC7Db94097EbEa4A25BcD6b94DdF64002132E0,133086334480626082946
0x6188487E347635833C5f19Fc9330f593a541a587,66916220071950277592
0x9a45E834D538231ebE0f1Fe34Ba9EEB0Aa17e1c3,100
0xcE1f534d906453b0326725C4340870f69861A00b,94232617857636925106
0xAdb45AEc3f405F7a6e94C0879cdFCc81fC1478F5,8602358666823824759
0xF6fb0F6063E851a21091c12A8e030dfE27CAefF0,11752065834169057482
0xcB327Ef905D7da8cb8EAc392707a551ac7705f6F,2984195374858045943
0xf6aeF1044028907C86EB8581b1671e924392D3b4,105885469529259975000
0xE2AA2846481BAA23e4030099233b4041C8D1A0E4,3008041102687607000
0xeD2b3329c22E34CBC45957C25F37b2a1e658f88E,396147892079431180
0xcC96C4b6449A86DbAFAeeeBb1eFDE2165e02400E,124034824915793212765
0x3aa4E55eF7CBf1BBF408b5e775A983FB0D22B447,35839782458505097
0x92ad59e397363C7B545f92Fe2ADfb2c07cCBaC65,10923111568969415000
0x9bE83911A3eBE8d27ddAcb541D0189Cba1320326,30324326538389247000
0xC1d3Ea62c105C8341de29C9B463Ac46A425b14cF,102
0x6E6f1BE9FA1e5a9180BE8725339f9482D60c7C96,9315184293211468144
0x59f02451E0199Bc997554B89C6E1041bF8f4614E,503522735116304833761
0x62Ce064c7c8f1f761dd8814720ebd7BC85DEcBfe,100
0x5c2DaFb410E1FAe00f92945b0d25AD65a2D31Db0,8530125356133373247
0xE95ce83Bf204ac31bA83ae07FadDaC1039668A97,100
0xfE866F21D9a9FD7F5102aC3D489BB601841A7328,11253494829778027200
0x7ecc0F37914240A03C3d0e83468c156F94EC5155,19639456744255033666
0x9D635a1443165d9647B50cc8683b33E2D18c0c2b,41335190605923652
0x76d0e3aF2B10f392c744f36b1887ed570405e1F3,100
0x9f7703f33Aa69eb30Bc66C28dBCb5774fD158aDC,345125992689647651472
0xC5423082cFd2eF3048C03E6ef4d6bb91F555FCd0,100
0x76cE1aFA630da6d54800a309dd7b6F4076b2059d,45749602683519786
0x8002fd754444c6aAA710B104bf9754525567bc1C,699263018876723777134
0x20A07D7067379613eD8e561BAAfE69FD6a98C956,27510468444788333382
0xF7D1557c6515e09695fb36f2dbb41354048bc8e6,10300014526878435000
0x40e5AdAF117925Dca91d537cDB354f63C808cD1a,139499298770423580239
0x2ED71aEd91b73BE0d6fd3aD1Bf45f2A6731968c4,4658582784225059050
0x21d7a1A909620AB6aA7BbC82451A40aE74631A67,7279957713570692163
0x6A68B9CF65d64D060854f2cbB6825B6026BDe920,806536167345146460
0x1c6578fFFAFF63B69c8068f6a113E732B2917fAA,237420698400303354687
0xc2a4f477630CeB6ee5a2bc2c0f2e7DFf5C307Ae7,4884715887021050599
0xe8E8561d8a4965633af42B1A99F60ED81411A9B4,942190944059524087041
0xe5683F9526217b962142662fF4d1f975bE82ED19,100
0x0C1CA53324a9B43E5468664562db592Ca6ef6efA,31916920476219646413
0x6db95a095a70c7372c1474b5154788610a8fC754,60943988426210644427
0xDB8bcC490d1CA2ae47da5882e8E8DCDD171985Be,174889247387152055782
0x9A24FA48dB540bEc59d4D48df5ABc77031ffC28d,580701478482232020040
0x58c49528F3A318c87a4C1320e74293b3ee003907,626085500815060720
0x5B20a13ee423b4f622D0FAD22199AA7f69914416,53454473322382567968
0x11BEE1aEF4B1A8Fb0202d5d15f738F4399FCDa06,100
0x30Bdea4Ce0c1a4560fA32115cC4aB8339d647e1a,17373994585403
0xc0EBF8cf9448be8e3aB08F2e16ccB45Fd19a29b3,100
0x8Cd6766f1AFec098f66300260c132a447920c9ca,100
0x57DA6F9787C48E85BD8581257C78cf6cDa6EAb68,2519185891713404389
0xcD379DfFf70c1Aae50A000CD6169DcF1B02D2757,19071998948542815835
0xc74EA8404f1819609124ae694328699007BcF73b,12127447680841019286
0x0F96218c8d50c38faB0ea8784555A8c61f973b7d,274011729081583492610
0x77314eAA8D99C2Ad55f3ca6dF4300CFC50BdBC7F,923318716896824715361
0x466DE7e2de105deaAe446BA61FD701C7b6A85cb4,37147024859974362182
0xB5A385941f2Ca40bF0fCF87235d8a691F7815974,25418469247470693068
0xCC04038240662216E7256d31872fb444DC77718E,66280812989253521609
0x16D274aa79De744CdB2272A6aE1EE1C64ad2D564,1022880161961695631
0xc7748db7338cC106AeB041B59965D0101eDa8636,100
0x2f18784cDbCC1D1c72646325CE8048Fda07EEE52,227032853966827068048
0x80B6399D55c908994ea4814eC1bf89fa59EAD612,165704478654087598971
0x3A907A18857BabBD2C6Aa877762C622d7315DE18,2319927935728002447
0x9474A2A05F73f0f6B3f2a9b482E079DC59897f49,341301063417469014796
0x3EFF2E61428E23C42f59552f645eB51450D047E9,21033484219176324863
0xe602b591CCE3457782FAfeFE2B7FA1c77222DbcC,30282946250698445
0x11Df9edd787d3E9B99CA5BD0278A1fe4975F497C,0
0xaA943a824b813538EAD5d63C45C0E640C03A137e,143914641098335141600
0x99645a9761da8586E134AF9827cd06Ce78E25bE3,100
0x664fe0585Ee5DF5d0d18f481fcd197C6d00ab25c,45150117788355493
0x514c8600681cF53121C88418D5355a9d7d305Db2,37526816883031572000
0xDD08Ea8ac267266567Cd8f5eFd80fBD1f15328BD,22387876993015703416
0x35b59dE7534Cbaf1Ca185852d174de4E377435C5,537870876621211174465
0xaf2D9Ad4F0f3De326E7F3082f45F878a4E3eE766,42996405607347359736
0x535926b17b9df2CD132E1Ff123CB49DbF6FF1834,41310915274467738064
0x03f65d114DD493B129Eab94B8eD8190a464d3d5E,100
0x1cb2bDA2a4e29e29665a9250133ebc1f327f8cFb,100
0xa922FD176ee36d6c3AA2EdFAe7b83359734cDdE8,0
0x2D5bC78268514E928FfbA1E3Ea3D8e7275113809,0
0x733246BCEE1d39f3Cae699a1f1cFfC97D67D2e57,100
0x4e8366dDC9862E863621Cd7842b677938eaB3097,11829161844990051752
0xccFb9010a9d082dDA54bE56f8f6F4CF4da9Ff86f,100
0xABDF66E84CCf735e4aecbFB61Fa0Ba0C828138C2,1715871553675896325
0x09c7c89ccf5E8200d1A5d3E216d3DbC336B0eeF5,100
0xB05Cf01231cF2fF99499682E64D3780d57c80FdD,101
0x5cdaB5C541f37a7686cF5a61c0a02B4615f14bEE,388592898653872414
0x44d19f3DA0FcB4b4dD4BaaAd77ad35E962f6B921,10572962418755443108
0x98940C00E5165CD6421B50B1C9E5F7c594BD9797,100
0xEa16545cF2E4C30b38B156CDA0972BE63cE71d50,7004718637000
0x7F825692DfaE7107D16Bf4E2071Fe06B1bC72297,4995126916143346477
0x940EC1a9BaB489eEBbb941de5E6432Cea86d0DEF,12616337159946602357169
0x2da1111b17eef8559901b2b6D73a7Fde2220593C,100
0x8883E424d966a3031973688E4fa35f89FC16a9F9,27484211242215034000
0x8424A95cCF4AdcA9e88574493eFE65eAA2a2Dd32,101
0x609512e8D04Bb7FdE75f5a7Ad6F531Fe83B3725d,12209962028178325844
0x18b2555b76A24ce30fe678D601dA01d57C9f1879,100
0x8F44115cAE640fc69B59cBb0e989b5A9cCb7B8a1,12218830113982832
0xd8Af5716F807D7f98114F554D5eB69BE1def32CB,154083201181888169926
0x4fc3318e7CCBF9EE4e10CdC6383d4CAE81460Ff4,31516799197402406131
0xA23A9BcbF155CC20A9b4C7F7B686072c32AD3a27,14953655482597922315
0xCA72c93172BA6EfF168E59e7F17C3C7A8FeA9B62,133888117836512646016
0x11B53F072E96A6Bb96E39180A90dd4663DD804C2,100
0x8Ac286Ff7a2703Ee4BeD827450EA7a48b3353886,5703526944467898366
0x0ECE7c1BfC9543B2cbeA8F5577d02E5f59a9f176,100
0x227C164F81B686Ea3C8F831c9Fc85524AF32aB7f,100
0x0A986F53206164d5De25b8Dd298368F40521bd5C,273514767531700128
0xa811c417506720D045523c76cBf448407301a595,100
0x6aef48eA854Bc0e805232ceCbab2fab592037c19,100
0xE4FFc5e0a942BDdCEd2f3804f791daC49A2390A0,55870103691031747052
0x9ccc28A272e988e05666A29756AF404Ea607D5be,136268844523139968901
0xdeF97F60CB3224A5cBeC29f9a2aAf35578e06cE5,1166476754135803665
0xfc2098B31f7cd6e520836b699cDB98CB256bEEF4,100
0xDAE7a1e25052c656b67dC8768155541f2b76418D,100
0x81840e158e9dd25C943b7a299aDfb144b18D7C1e,100
0xFe2751A604A13C29dB1D9c676fCcb3aE4C135AE3,28331702880885096020
0x60103aab8eBc17566fd30E9C545932C88df30120,100
0xc82335BBdc978cE2e1f1c6c4F9e5BB2270BB2Af1,100
0x8C5d71Cb2dd70Eb5Cd284FaEf49159D200EEf1d6,100
0x664fE81FdCE653448F0de448A05e9a6DF7Fb194d,20155799489635335592
0x9C68Fb7e1cF07aa7506269dAC16bB37815e80195,4397799352615734013
0x94CE1D981e8D5e4472056949A07C7449e9a36f52,100
0x161D8d315499a8f1E99d8083C6e8429b4e240540,1771700419321731549
0x99fc694890cDEcf745D30dd27e3292694D154956,2300153715726027208
0x605E06B9134189a590255cd9cd72A354C2D9aF33,24905961226388520000
0xd651A34A382A5795Bf26cFfd39D78618C98AA9f4,134232224373849450005
0xEC20749241a29c7f3752d30E14dec845442861D0,795938184854072
0xd74C648f034AACA8aC1b9909f7C47B742C48090D,100
0x577BE3eD9A71E1c355f519BBDF5f09Ba2018b1Cc,5546216495795104697
0x7033F50915667Eb635218d6aBc4D946bC3e2aB32,100
0xFE934E659f63C6fF4D3332c82729Eb88c41e7aC5,100
0x87fC1313880d579039aC48dB8B25428ed5F33C4a,101
0x6cbe49F90dFdbACEa281198cF309229F7EA65079,100
0x2E7fe42B8BdFf7F20175B5Aa2c7aE0cCb85E599F,758843246887509340
0x42aaBD3A2f2b64A44B99e0ab025657ba73B871a2,100
0x989b1D5211FaE2b1D9B000aAD488ebFE27E42867,100
0x368955eFB1bF001683cb5F7AB223380CAf0b86e5,100
0x3ec783B1C10d39F1653C20C821E0ed810eAf6A2e,100
0x45611b606b576014c1a5f09a9e8E1e5322779290,100
0x39ea1A9F8caa308EBB3F9da4829f1fFf7b74B72C,80290465500903
0x4900D62465100Ec25e7480Ca31Da2f3F634BA58d,5841764831440596701927
0x321A5D185b78ea329565847c5b8999d9c1cbD946,70528506825766825342
0x1C4592c58e1390c636376C77fFA1Fd006975B39B,764445505463819449
0x7F1884212af6d24d983cD0c34B09c07bd5bd66ed,0
0x31ce3215280B13557849f79686814789499eBd22,378632258124919881340466
0x73deeAEd8F604A6e12331332889579a7BD878e54,189401539619566916481342
0x06a1faAa4bBa266a8A99B8c53CEF2D4B649A1eD1,0
0x8AcF2f327e47FdDD1124a55eb4eFC1DfdAcAA34c,100
0x18F08ba90C58fC84767568b5D26b41fCe2aF539B,100
0x57877Fed03cbE9b2Fd002B0F2EFF67AA9b531282,53704541303169870545
0x02E55FD524D0A67AA251d494E2ca63105eF2a8bd,100
0x333C91876481F9e913367abC67eDe7B46985f7f7,100
0xF9b7C16bf0658F0F1CfaC7D8487D1284e72Ac931,100
0x1A06AF577070875B766263D1aFcdeEf972FfD50B,100
0xaa671238e9c973168572d1B09a23fD11a8736ffD,100
0x42Db18D76F0Cde2a2c6115017F177fFfaE4D5409,100
0xD141D52337B805243a1CaBcFA5fd9fDCf824C97e,813628487236987516839
0x7203Ae3a974042096c72d55308F017E8A0991831,101
0x971ea71D5A18D6c18c9Ec51d31100bC6F0c43eb2,100
0xa15b6f9a880a8CE90A52b6F533051AC5045D56b0,100
0xdcf6F553fc2Df8356C6b74dc232d72246f70cd54,100
0x42B97216d626D9e283B74B87ECa28f22fdB8796A,100
0x47663c9e96E2FEFE04c20dd983550fa3c12EE100,100
0xBF6e850f6906d141c61c67cc0E8A8bb89DCe394e,100
0xfeE114bdFF91770d637c9d4dE82Bf7CC5A2C16e2,100
0x1786598162426e10ABC384E0BA90A830E3B7742d,100
0x5dafCEa090048DFD3493d4044DDCF9fA7e75981c,100
0x88E85139796468dC7BA16EC0031e794903dCdefd,100
0x1a0781e4fdbfa11B0518e37C48e46e79b217a7DB,100
0xB17c8f2303F7B352Fcd7c78E1A2F1E32B647f015,42210400401162187750
0x70e7Cd529EB5A1943d7f20aF635B1dF6f9EE8b10,100
0x506A6d7F717D73e0991AdFc970625E386eC418BF,100
0x7E8512d00e85312c81412cE8ADFf5467fa4fE590,100
0xB32d2DDbbcc4C3e44E601C131cFeEa104d0485f5,481204920835575903988
0x78a0adAa96b7F1123E8D93450592c1ABEED1BC68,100
0x247bc6556B5d14416332575eBC6a2e65D9DB3109,460894377844515726
0xd2D3C793dD0Bc1C17A2dc2052da9d4b903f5fa98,5
0x58a0949a102beFf8fc33ec809f54B00C54C45118,100
0x1009dF820FAcB5D676D485669D06d290e5580bFD,135367622771279298698
0xF32CF201b1476dB96687e372F7A6B495F70F2082,100
0x5e943194A60CBBCc473BE44dB2ad1f68F4bC7493,2470381120530563
0x57424e704d9912129445cadAE8c321A3BEDe349d,100
0xE2a4E3cC23Fa48847dab8DdfaDD270d347A81930,6614719172090296875295
0x9C9a0A21D13a50b28188F8831125C0716386f227,50267663542955732168
0x1D99798721487ea33C63a1530680e8a9D7591777,100
0xAE77D5b8358Bf921a38B7FdCb712b3cbf9Afbd3c,1
0x7976368d690872b40Cf900423e3981f55DC1E6B1,100
0xe6F07Aef98D2bB3F6105a529FC049B1295a578A7,230464695202255305
0x988E886b14a58DffA124230A489AD83F64008854,100
0x003041B46aFC1F1E6fD05EBE082Bab9EAe06a33A,100
0x8cC140E41f064079F921f53A1c36e765DB4B7e59,77753471211108923497784
0xd941FC738ef03A61399Dff8Da88f4E9627D14e61,100
0x1f549f06A9f16B599cB5b42baaF4D34A8C9dfc53,100
0x82bE1091157d14358cC35Cb2b90EC86C5f277B29,4687003535112493
0x5f899EfE0e895e5eFA272b4fB282583bC2F5e4dA,0
0xdD35d0Fb187c741F041b7E7850cc58A93bf5627a,4990036073406596
0x1B3E4393D453CC964802D3406518B955962B7FD5,0
0xf7AbACF24666eBE000bCA3E28660e5b1C576ffCA,100
0x2c1D8f1Ccc5D1d556968acF63006Dae8B3068Bfc,21786804680031013
0xef31FDc715f118660ABf6a41F2ac640ccFcB5788,100
0x755de2e40d3f7B66c989612Ab29470929C50679D,100
0x3431Bbbfdf64EbbF516b54293980d642B3D07867,301333849379672482
0x877D8b24cfc8dc7419114a73708cc817AFE9903A,168794323827958701
0xFd2BDB9e3Cd50EE8241E00440c1F0293A9DaE410,21938797724344695
0x1D344605b47cb5c69329128272149923C419c32f,622338918525474045
0x6513263F358852E0aedF9644C068832e0741eeE0,103
0xb315d284FF516034EdD98B25a08365eBc4bBA065,100
0xCA0bC5A90dd344219FDDC94004733fda242335E6,9730846871568151160778
0x0a2427Fa7F2a56caB87708f830f5801c1c09Ddc7,261138590678384345
0xb0B215d519d9c48ebF0211C38Ee3517e5136606D,92725366357879
0x89bD9f3Da170aB661E13b58B2CC1156c343A3C54,100
0x02FBf6b7795ADDBc04013361f3A57ec60285036C,100
0x7977054eF2C660E089616e2Ddc9D4Ab7facA0deE,100
0xC7599DD9343EB648fc21F03b4cEA90A8b7EDDe7F,100
0x58ADfF275C84373CD2832D1a6C982A90b402A333,1227561852560567509
0xf00A8009431471a1Dbd6D831de5ce9607845e63e,100
0xc389f75529e5e8e9D9FD184a8E6bC2C07A17eb91,170956629121364988
0x5027E71BAbEBC27Ed7444485d56a2257A9BE9793,5000007132181611426891
0x7e7bdf2f7bBFD084e854982Df4db7f66c1a3E168,122389573630381879
0x93FAa8754b3AAc7f0E7565F333618D3c8588FE50,15524379011201751179
0x601ea6fb224b3641ecd28dDF97e1f75eEFc721Be,50000000000000000000000
0xA618f8841E70B0543A921768ea5B229eCD9A4ba8,1776967133573908380
0x9B68f85cef078008bA3D0d4099C455826f1D795a,0
0x8dfFbbec4c40913596083DEb813318d919843FfD,100
0x5bEE7318987541B7e4236e215509EdbF21859FC0,1035943038555056
0x5bb368Deb11638B2cc10489F27e0601E9898Cb8C,0
0x068b712D1BD984C30A4ECc01039153531641f0Bf,735396481306459268794808
0xa757a6ae7dBe0EDcE93232d9AE3aBaB47DADff9D,100
0x2D6AB3deD8A86Bbe1D3D8A497CdeeF6296869339,100
0x88aF1F006Fe172d84B7C62899342Fc9B74C3913c,100
0xCDc7Bb74C0cE32AF62e403FFe75E5Baf00837Bb9,100
0x8E562aDF40B9F81E84a3a33c6CbaeEd16d7ea285,0
0x76151EB2cc64DF8f51550B5341ddCeDF4BE8676A,0
0xBc9a30C2751412d9295f8ADabe6524Bd9c8D1c13,0
0x337CA0D3374918aA2BB8c1Eda6B5B71B224a3De4,0
0xf5D54BD7d1C78bbb6d1220dC9b6A5291290dEC4f,0
0xF356CDEd375bA89fFcBDCC4527bA4851064a3fC5,274673565315362
0x961449D480a8BD022071dB8e883579E4aaA8Dc5B,0
0x177e51Df107BD7b624e6278b34Fe3620E061E459,167547105000000000000
0xdBB7333893EBDA3A9d11140e6Df2E94AEa200195,0
0x0000000000924fb1969e719edeD2feD54AFB183A,0
0xCD76eDF65ad71d889557D1b1e52d8F835C3ECB70,200383790122549386
0xFBf2A4DB9aEf5757f3a758859a9132Af55754fa3,101
0xC9eebecb1d0AfF4fb2B9978516E075A33639892C,100
0xc4B6efC7FF43ED44576aE53B3D8f1049fC827DA9,95727059881128360084
0x75f70A5bcC20a71a12F4587d0d2E690C4FcB0235,26427145409042144544
0xB7FDB98D92E36492DEE51601cA65a467f3557770,79470221796493270789
0x6ccd30F3713222bCC74387657D115c328F3a2BC2,0
0xFdC16E0Fe7D9481095593F9803A8107900942BEe,100
0xde53DC90bdE86486ce10758a44710b38d4D7cE57,0
0x0000Fee3F6eEB1Ebddb23251A3918A55CAF03365,1597154609946655296
0x32Ba581d74FAD48b11782380a21E70208f817c06,100
0xA860180e099eeeCE0a1cfFD01FC27948ADD5D655,102
0x3f3783144559c4a5FBF8F058C575018480888999,518306500679583377484
0x54850e225641662Bfa338d0c797479Fd20CDF787,60148212892303
0x8C170F5Ca6967056e6513341cCba67b71C999FDc,100
0xA70a562C7b1F9061c42FaC414A3F2E2857Bf64C2,267773720029523247737
0x7513f383b4c7511B17CC6A411992c7F31C7FcBfE,100
