0xBe9E8Ec25866B21bA34e97b9393BCabBcB4A5C86,1837575357678,44841474755450903133600
0xdcC3B002b5C2A10A0C30D15f6D8e9fcc436A383A,1044910931379,44841474755450903133600
0x0dB1F475E841948777EaAA6519EfEb6e4D01648C,894947508285,44841474755450903133600
0x656fAFABBf1B8C42b4f63AB15F9bEE8027A25978,700031404702,44841474755450903133600
0xCba1A275e2D858EcffaF7a87F606f74B719a8A93,666407573423,44841474755450903133600
0x03F7f1aB10e8bA1f6c3B7ea588087Ee12d44Dcc8,665037782723,44841474755450903133600
0x7B8B540ec34c465169164fd87412E44152f23400,640932105189,44841474755450903133600
0xC443D816a011D720DC8f3dD69390B16554ff2A3B,622748407801,44841474755450903133600
0xC7c022BD85529bEd1b92DE4Ba847F3f4e8fd5CbF,619613592691,44841474755450903133600
0x39DE56518e136d472Ef9645e7D6E1F7c6C8Ed37b,587420027280,44841474755450903133600
0x683028Fc63477B8A702CFE7475865952d3E8ac09,407934034841,44841474755450903133600
0x5d433b73eD2898E00E129eE87621af184Bc00259,397522706839,44563761058598821459089
0x413C71D6b53F3168D7465FAf8D4C2bac1ba7fD05,354829519189,39777697318005813289477
0x1501cf2e9afD2624a485e675427609a1932772EC,309177520414,34659939941493218153408
0xcB13801444b2d1710f46a3D4136b4f0fd4f96D6d,305406120547,34237152111671239669400
0x88f516C04969f470888473458B5E09342Da08b7a,279131049819,31291619809802992210983
0x8a5642Bf863e732253ffB16490a404875E939Aac,264141959655,29611287539312533617121
0x3238B53A910B69f5dBDb31786613cE944536BA19,249276269611,27944788877236574053511
0xc42193d87DD67c3639ED1cEF53c409c37775F7C4,247840921168,27783881024806423404572
0xf86a8847598d74DbcBc1120Bb807A3c19f684D29,247178576624,27709629759433456804696
0xA96E4Bb2AD4233822D8B64C511a7359d4Bc55617,243669007903,27316194166420352769974
0x3B7de0CBc5a48433AFB6789Ef7F598F0385382b7,236861868541,26553088746775454853026
0x2f24610415cdDF5D230C19297F37Df9C57B46AFe,232461242026,26059762289824103890250
0xE9Da0D4D2aCC12Bbb8543F300eaf0882Ea3b4EF8,215049579271,24107850700127210831944
0xCEaE4043D3d2E1E75E8a5FE16bAb7176Ea9d035C,209422901428,23477079368992362231603
0x0Dc3B66a3A6b9415C8041e4B77b7dfd041a9c30C,206317561896,23128959358414157926639
0xBE676A680343DE114f7e71DF9397bDEAbe77551e,196285544563,22004333228454244435472
0x79f70E9d1bCC8681C7f7C1fF6C198a798b5c7DAC,185462022567,20790976507582490508060
0x801a8B12c6A6bd62DAd7f2a8B3D8496C8D0857aF,184561089572,20689978597203377321221
0x9e138C3C1249f1627168D02359A4BA82e5f2EBd4,172576506927,19346462696877421039110
0x76CfabC8a6366fe7a53778867EF05a61De5cc732,163274546884,18303678680766427295617
0x805197344c4f5d990cFBc23E032631AeF0a6987A,161920186106,18151849844175277683345
0x598C5E19a132a5c433a80C908f05D87bFDaAC4ae,159283977113,17856321096651022316818
0x748C8D2a3656C3F37154c462994Fc9505d62CA75,157730187265,17682135526040102576940
0x7e690a8a36975CD1FFe2E43821b404F6F7253465,155864771931,17473015589520122539966
0xFf242018Ac9C5e71f3BDEc1ec449323c2f44cfB0,152800692189,17129520953521168749048
0xB2dd7f7a0c94364067aDE38aB28Ad18d124bB329,151106607380,16939607800530252836688
0x1d3DB45F912c74De554409c1aD0D27DBCb26b726,149188102237,16724536300685159774323
0xdC50eb7aa60C805C5304ae4dF3245C71E8BFF083,147991073284,16590344941741426460271
0xf1A9d40a0FCd6ba91a42224252366D75165d664A,139056097807,15588701248510255481330
0x0079CE80043EDc3325598e4A3b6293ab779bf174,132100112566,14808909657051279065087
0xE968a888792b3c6ca4242a87445e2518F88F2e02,131605695770,14753483711360016767430
0xa9d76480e43131fE9BFA002D9E9d86097656fd09,129795262181,14550527431166107077747
0x39a1821FA5439eEA32a18CFe45dAC3a791e98f7e,125089269949,14022968351489666953236
0x12d6F056cc022c84CF91e8d66541b62757073dD6,124965341853,14009075555018979213119
0x097Ae25655d7A0cb90806304Fd7908B1F5d3A9bc,120798404608,13541946526820940125529
0xd6Fd705EE0B31a9300D3E2154bccE777270CBb6f,116176565462,13023821318348155723069
0x8D8690c80d9903C5b27324186Cc10b034B2AFbAb,114619611400,12849281027681731372380
0xfeE114bdFF91770d637c9d4dE82Bf7CC5A2C16e2,114554337786,12841963614895786255762
0x84c5627fd3F1D1347E130eCC7Bd6108b70a0aCa6,113527260374,12726824450290556639554
0x300C51e7D1143B1A959EB6896ECb17aa936AaE87,111551725116,12505359664290281172483
0xc2cabb33AD896375Cc6BD686DBc70030Ebc5cf4D,107457055481,12046332101615871512997
0x9BA6df247EfcA09D9546a1a1eD467B25F3793e1c,102173037854,11453974244044676296769
0x8e534a77915156626DF46A8F32fD050a39697b99,100000000441,11210368738300451701284
0xa69303D076dFb54d50589C4D018205a409Aa4293,99927049039,11202190617172557324970
0x2Ec8C099CE47358695097d8ae9bD8554619d4D6f,99034949563,11102182976841544877897
0x501C46c0713De985Dfb8b3F06fe68d195c44C725,98463726368,11038146750645743606513
0xD8bAeF0453632eD287AAd07Aa11965E8dD96d782,97769942539,10960371025511134691019
0x1c57fBfe1Aa0dB3BF086577456B6e209bF199572,97613271009,10942807569367652518934
0x44550e16F2E0A04a7D3Eb441fdbCe749e1e103AD,97083763611,10883447837817048783847
0x789a9fe9d50Ecf6f16022B93BA90b65a4A04BF5d,96038109752,10766226185013827988480
0xf97f1b9c7ef8bACC632a73Fc6FE53A888A5c6b9E,94758486196,10622775666556692200852
0x89Fb05C244D2647bbF63BcAe03769e2bF8795e79,93591362223,10491936766127289547173
0xE02A25580b96BE0B9986181Fd0b4CF2b9FD75Ec2,91791943315,10290215272283381969262
0x87AFaA198117496bCe792B6A5DE3b33ba7cAc73f,91074407726,10209776887282679232411
0x134EDe76D556AcFBe03246eFc5B8DF9b7971c29f,90610627821,10157785450027321937192
0x8246DD76d12a2b839fa36BEe3a83978648c476c4,86963843145,9748967442558773934647
0x99537efaC690b3e74daC7623f5a623B043B35004,86930625007,9745243566817398723766
0x2dcc372E20e0c9920b4e2d7c51C80EB92271c209,81773028410,9167057972809461260760
0x786AA398183B169b1eeb95f376956f72146601FA,77907705700,8733741046004121080329
0x2edFc5F8cA2De5C79E4C6728330346Ff9F1e0b81,75244400069,8435174665457779234679
0x0caC9C3D7196f5BbD76FaDcd771fB69b772c0F9d,74867510320,8392923935044349916520
0x03bcb04C6F4B97a505d9B41f03aa0C79653F3448,73832799256,8276929009905495557067
0x7B716C41CBd136d29D26104e3b161a0b315C5eD7,73721471244,8264448729306314219043
0xB376ba77FaAf74CA93E3a75F7f61d2e76B1F73A9,72755785878,8156191839403320804324
0x5786b05e3b7EE260c766D4110a76D93598b6aF16,71801642357,8049228832878324457678
0x52021632E37500FA03cad93EA385F8d9e6138E33,70043445969,7852128535509257054676
0x49321256E60Aa605Fdd5Abb85E96308aD0b19C5F,69950862168,7841749550070994079473
0x2C67951A0609fa56F4D500DE6a9457114a392639,69475404716,7788449016743121555686
0xe4EcD2772817767876F7bA7CA55F0e42CD55EC32,68228063642,7648617483540101513514
0xBdf91b666dc37e9F6D28aBc77091323ca10d7830,65927195566,7390681689176159288500
0x1918f3fB79632Ff6575e343997dA7134E10a5F71,65831791093,7379986496007192795273
0x11d2932D443629136E147a47f7ff99B156b8827E,65311702738,7321682673903851576538
0x353ce464720473E74512b8d606d6608ce59dECD6,63579620089,7127509822955131507815
0x8F85b2D9C1d762Ab319e1510Af4062165D6a56a6,62952307717,7057185793223081442879
0x6ffC40E41897421F381abf343301FdD01cccEC34,61624981689,6908387651781044146366
0x73Dc9050476aCc1D77d6ab74275097185B5ff758,61052350032,6844193531802200345257
0x1Cda83b57a79eb21485bB5002611EbB423F8c741,60625003816,6796286445410696673187
0x2f18784cDbCC1D1c72646325CE8048Fda07EEE52,59729286354,6695873215509972789136
0xd6Ad489C4911EbdF2B3643B07188eB99451ed355,59539158206,6674559149137866206342
0xaFCde30B30842BF238C35F4A048123200ac617E2,58893953826,6602229359343175327400
0x3aa4E55eF7CBf1BBF408b5e775A983FB0D22B447,58833666016,6595470873567734276119
0x21DcB4D15B0E8Ce37823742c607e38273440D3B7,58686315183,6578952301922323871451
0xcBeB645A2b63605D6F71992D80DC73e8B30f71c3,58347478620,6540967473957353247618
0xc45D05CDc809d20c7B14959E8cd4a1199E3e966F,57964149955,6497994917320757757190
0x8459c5b750E1594912293982f170225E08fD138a,55911198138,6267851449630351351584
0x0fa565447a09834bcb43532A634665EcFEc3191f,55417433528,6212498616394226200184
0xD6C059b94177CFD93561546739e7BafF932fBD6B,54734011294,6135884464261164050442
0xaC65e5471aD6fa25A6b176397510eccd87aF4fCD,54114079413,6066387814781262316985
0xB89dd673DcA9181A238027d5a619098f8d2EC472,53346258669,5980312278509293490736
0xC2945Ab7579b4c05Def2cEA0f404268fc75952a2,53295601521,5974633425451230640219
0xf60F773494889f18fC7eabBcd5705334bB7CC6Dc,52648915173,5902137501579888796117
0xFA93F9224B1d14AE26959dAD4D9013939833cAAA,52299185179,5862931479836951306567
0x2F5B20f1873deccae1Ae9a2fFFf096fB5BDC0665,51195226668,5739173660581772136174
0xf51DC6EcF32Ac10d05873cFAe8cA26E658C570A7,50496322660,5660823944503733496056
0xFfD7Fd0B03B42f12C2079D2717f504fAE5597e56,50056604286,5611529893585661199149
0xAc3F8A924aDB52d6616ca194917dA4E5fFFfB698,50000000000,5605184344431362891700
0x22665731e411a851772e5Dd41d5cEA9Ad717A151,49878626829,5591577964472899077579
0x8f7eF2460Ab2271d75cFA4793FAc120d167EE927,49866860473,5590258912584054956912
0x664047B5949FD54f20C6b95d100398882E8dde93,49305691616,5527349814747278112334
0x8D869f609beD9516596D8563E26d4870f5f1AaFB,49106733063,5505045827417951760959
0xFb083fdFf8a086e55Bdf4Ccc5BC7A0bc765F4c5e,48161927137,5399129599719128225753
0xCc45bF968D82F3D68b713673bE7B3916D8A09001,47622651923,5338674859982074767118
0xc1f2e41d6b924EEe7732E07eA25850CdBffB6381,45253195233,5073050029110151626127
0xEF602AD9D89196B5012b3551E863e2a15b5C39a2,45154845157,5062024622984774931783
0xc8bbac76980B1769da74Ae4a9E759C3e291Cb313,44004190212,4933031961313644313295
0x8494F84E72C02CDCAdA97723E124021599a75d48,43533341310,4880248063431982372656
0xa7c7D4A49c3e4E5F783c56a95fB3D9600965E991,43451092145,4871027628791971332703
0x3D19fc015Be5e6e41bc42Ba0A3B31D995332574C,43002486663,4820737300301321621384
0x5430B30033C4c21dEe8f78c1Cb76d9bA89da8214,42174082358,4727870123476410745454
0x25150ae86241D8128eDDa5039C0ffF7762D62f90,42056408324,4714678430413953067303
0x2e2de5D2ECf623465e00c65Aeb0858307900d284,41857596430,4692390884099242115113
0x113bD7Bc1BA2b259291a1220CF45C2D2FD03354b,41629290390,4666796935276299704840
0x6A19F82983bceBFecB03c1a9DdC7e11be880D243,40897141970,4584720398044616542048
0x166f832E6D68933A10D0b62D18BaCbBBf9Fb0cb6,40218160542,4508604076636911529565
0x5bfEf071DdE2A2Aaa7B8F1F209AbAC594C39b96a,40061036347,4490989875078003917022
0x34f50C819634e01495b4f5b0df89B89273975F37,39570136811,4435958227200487512475
0x56901449d21A076f1956Bdc2Cb3E46B630B8ca98,39310336206,4406833621524091583270
0x59321390d5Db0Df2aA7d5cbc9E0cc057b796Da34,39121358372,4385648509592464604851
0xa973d0968d6BbE4859baD50379d87c91Be615B9C,39000485842,4372098253335908399970
0xE607b8f9d29498FEFdAA99e2D6FAC77FA445D05B,38210897092,4283582443335125814241
0x90CA05C876f48a9cA51fE0E81e3181C91a3ae260,38082410102,4269178578038903632650
0xeE1d5142b873f5b9F249f403795aB37649E56F6e,37518852872,4206001734783161536722
0x9eE6f42531aDaC0bD443756F0120c6aEed354115,37357189823,4187878710956604730796
0x9A24FA48dB540bEc59d4D48df5ABc77031ffC28d,37350006366,4187073418942298813101
0x19C5504aF59D482336DC2f6EEE889b56f728d989,36731390135,4117724258678052102095
0x8Cd6766f1AFec098f66300260c132a447920c9ca,36711056120,4115444740627303452105
0x4B3b34a262Fd37007fD9ba8a1BAD650E24C5a248,36439680986,4085022587576008186934
0x5EaDE2eC8962F6A7b44cb047FC2f99d96A782C8C,36350474013,4075022157006533961138
0x343Ab7AaE68b8E57Eb7127B82F0a2239280bB66f,35634287583,3994735017703930197749
0xbc44F13c43F3f33FF29bc12252A368eE6c9970f8,35011498482,3924918063327776540718
0xb0B215d519d9c48ebF0211C38Ee3517e5136606D,34580096663,3876556328887416291276
0x1e121993b4A8bC79D18A4C409dB84c100FFf25F5,34504032176,3868029219453424232774
0xEEa0471cFCaeD2F83117a2660B3d21738D478990,34380947592,3854230983787871292413
0x8AbB92DbD24762137E247E7Cce406cC82133F8C0,34254933639,3840104355057161100910
0xd1AAf6E5785231398c082532DA1a0df15E44cB5C,34017745900,3813514735030483656810
0x36FCCC07514716534102ca6cEab2942b0A90Ef51,33949250573,3805836156339141520204
0xce089F0cb150B8C2faF36F7e7919DC0BD172D670,33383251928,3742385621460674226360
0xEBc93E5Bd55487Cf76343e1efb9a1f846A10F8C2,33368205802,3740698895262683392671
0x6188487E347635833C5f19Fc9330f593a541a587,33138895037,3714992313062931806378
0x49063A7fF1e42f6B16aA70b692dFF344903A30c7,32921651508,3690638512509335390920
0x81db2dFD33b24419F0F715e331f678411Eb1ec30,32146378107,3603727505910550228518
0x899926De88c3BFD3342Da3fA2011109CDAd568D8,32009831405,3588420117183867535153
0x624A7a7A03Db1750802e97a4cc04a87Da01dC5Bd,31354996640,3515010725724519723597
0x068dE4124693F7392B702b3483Ac1E392E7D444b,30741085606,3446189035391510320900
0x900a2Ef0d2215874844CB63294f21C5ec687D166,30740466805,3446119665517959951464
0x96A6f29ca861B7420c586E070Fbc767E357BA821,30692997383,3440798168297287837161
0x9Eba4ec7c8854Ddd7eD59525e021Ed64ec6D0e35,30665917420,3437762404604180225898
0x63095Ce68aE2f6DC0a3E068d97F2d392c51EBD06,30486614476,3417661883511795158450
0xFB53b6b361Ca68A76cdCeE491ebA1dae6Aa10a9e,30271437350,3393539734353096463024
0x47E84636928922CE8904c3d89Bb92E0e3Cd1bC63,30227669935,3388633245766011855050
0xf6aeF1044028907C86EB8581b1671e924392D3b4,29767191731,3337011941365758427337
0x735bF6b7F888abd3bD9D3bfE2FAf336dbdCaC996,29665051303,3325561622806576050889
0x44a4eFFa1AB03bB1867B1903425Fd0D2C52e4024,29601064652,3318388483317820182673
0x85B08280C165BB8d10fa0CdAE6C0fF821eb16f45,29597613700,3318001618875344500661
0xD2bC3F00F8B5Dd1159708ADA58B42a2B3Adb1Eea,29294799682,3284055051015985362211
0x6995D694f40416648dE7E79282B76390C061aE4E,29204987794,3273986807244756902457
0x3EAF0eA5d1060058F5AfFc26CB47EDB0c0344639,28970036929,3247647949040584769566
0x2971F5ebB9174574C64AFa65689cBA40556676A6,28938293939,3244089442828715943407
0x0DcF4e60dBB7D5d3a68aF53AEd52c36D90bC776d,28827173828,3231632468698142437879
0x819884634b84B3F9B71abde27AD1C599D8327176,28779909342,3226333945558646531292
0xFdB2D30b06FFa18836c8b0587fc2AFe556bDF48E,28560776710,3201768369593837749416
0x3D94249c540EEE0174042d9F535BCAa219D7cbF4,28406162484,3184435544813806297743
0xBf971a2660B8FF8c3c376D5D2000B4C422D2BAbF,28362393367,3179528865426246605326
0x5d7666fbd993e92c8BeBAC5747A82EA2b8F8e5B3,28156961406,3156499185193385919151
0xE2AA2846481BAA23e4030099233b4041C8D1A0E4,28114424909,3151730687052358886464
0x2d66E0e7b870745587190cd457d17c6b06fC7a4B,28055429526,3145117087108652243044
0x2d1EF4aCf4cae6a38950971AaAA15f88D9b3f165,27712296820,3106650645673980851438
0x5B20a13ee423b4f622D0FAD22199AA7f69914416,27518324212,3084905601161778416696
0x8E09518fa8D9780968Cedc9CE3D3C3856d2A9F59,27411538571,3072934537098913059358
0xa8F1792887Cf4B331A08c3e7C0033c945a07733e,27300822831,3060522894448310394923
0x5f966A9dEB1B90bC7397a1861a1c0ff6AA2203bB,27166111700,3045421279998273545983
0x25d4EF82374e02E8f94535efa18F224e1e715E6a,27109449919,3039069285442497576909
0xE599677329594b30f985b9f4E6a4Ad8272F87318,26945513104,3020691364064218764537
0x0a518E4490f2E89a705E0866A07A204119EA432f,26778249428,3001940489302073966798
0x940Fd4A6c69e448D41AD9E68C258f238c61968cb,26579095801,2979614633458131503349
0x7a3Cc1C45101aad1404C5bBf4fB1B5fECdE3b46F,26469526973,2967331563871265648180
0xB307D426A34A72A94B32BCa5c5f0c8B36440Fa80,26457668937,2966002234316407578166
0x30de9E8Df95741b98A01C914dcDA684A346110d5,26254271131,2943200590358749827570
0x0CCb34a34C9dB18E8d6DdC1beC51247bF5D960f5,26246919425,2942376437011228585227
0x90C1f83b80829577569bEDdf06e34E99C1d8c4F7,26197432864,2936828811071689632226
0xddBAC1074966Ca45A35455f8710E5bCA39e3f8e6,25903729243,2903903552305049582881
0xf4E14d778c2dbD6fd1A04F08721941Eb3E1c9d6C,25891339216,2902514584597699945163
0x8c22715021187Ee54A651208501C0EB975839c86,25844376211,2897249858589830908811
0x247CCc224Aa6437738B18D20a5277dC564000e66,25745640597,2886181232233218546891
0x7cA6d184a19AE164d4bc4Ad9fbb6123236ea03B3,25565265958,2865960570180113372054
0xdC6a5B3DA5C6c4cA0204Bac74654bE877eebeC04,25422665474,2849974530171610670991
0x9702219A295801852357994DbfAEA84fcE3590Ca,25388273401,2846119051988567859470
0x3115ba406aD02D875ca84c0DC861B05e06CA684d,25041648092,2807261076880758187637
0x3a472FD2bab732329Ea490440e8015e126a4FDB7,24734733023,2772854766084180757484
0xaC1aD43de284ad73FedFD41F88332A7E7bbd8DB4,24515124769,2748235871139606632934
0xccFFEF59543A93514acF030038a24f2C3a4e64F4,24289528003,2722945641920855721388
0x847c944F5B9B38F0c5331580cEA67a7f1eC17388,24024379184,2693221481736790419442
0xfc6c63bf1cb732AF9c2b04d501A13284b699555D,23513760274,2635979219330738277650
0x6403584E4e70F97C8c241ACA1483BBd84C183d1e,23465215557,2630537177576073256900
0x3842B8a8D37410d8D7EcaCFEa9c687Bc3ee015e9,23413372988,2624725434453395202971
0x4dB8ac0C360C40dFCB674C7129eD1b73e0d2E9C0,23137134418,2593758072295553060004
0x74C8c6Ce9766C5f77e3E1aD5c75FE7Da07199fC8,23063393104,2585491399120141114355
0x09c7c89ccf5E8200d1A5d3E216d3DbC336B0eeF5,22668378489,2541208804403749470223
0x749d2C4FdFA0b60595dbacD52e9092B30e9EAA32,22613612209,2535069302498574581005
0x303a706C89ED12C493a81bFa2a7F380088bcA9e6,22539599989,2526772259761762384900
0xbeD4956D5B24390FB26a9047026CC302786b2D43,22248922173,2494186204891428378355
0xd314d0F4278098FF5772EBBb3D9B5A42dd8349D8,22213925468,2490262945231974722357
0x226254C73d2F19c5a1A6be848F3AA10d62B69450,22146003296,2482648619329291236907
0x7D59b1cba30Edc4b021EA473deC66bc150cB8068,22049526445,2471833208632786491358
0x790A5dEE06105f5C410B85177173811102c101F8,21984319583,2464523278992148564387
0x4f7D226Bba26dAAc503C02bb388524976060d45e,21969381929,2462848712905281913875
0x46ed49f1020F9Ca278567812d9521Bf0dF0b4cE5,21768505668,2440329743438779746898
0x96B0060f2A45E7b9D4a56348f1042b06B7fd87cc,21505987032,2410900436466206235259
0x0DC81041b566122EEc1A0784D378Ca10DfC01715,21220385145,2378883411951157131582
0x88888371fDEEE796064c48563B84835D764D63b7,21212081067,2377952494191146393520
0x6d0BBe84eBa47434a0004fc65797B87eF1C913b7,21066465879,2361628494749365800309
0x55589E6cB1d8f48DEE149993754ED379dED2AFf0,20915985481,2344759087329097788876
0xa50538bEb8a73B0A27058D46AAAC14f3519134Dc,20776395940,2329110585131906591835
0xB6478F66dEfff486e92722C1aE5873D663d8aF50,20156947604,2259668142829281419646
0x90F15E09B8Fb5BC080B968170C638920Db3A3446,20120999962,2255638279626128953110
0xC7dD54f4d93F4C2D17f4109441050f980CEFF722,20109561474,2254355982948897632884
0xc970f25892ce8Ad7576E7918558115BFae1B73FF,20003224837,2242435253889860016740
0xCDc7Bb74C0cE32AF62e403FFe75E5Baf00837Bb9,19662291090,2204215323866405554040
0x6903Bc5e96697EF9A9F0c7f80cCEe8f67e184B5E,19192647522,2151566548370075830049
0x9663A4cf47174C02adD34A60D9Bac5252F59Bf0c,19104083400,2141638183767821645174
0x25CD302E37a69D70a6Ef645dAea5A7de38c66E2a,18801431161,2107709751930823661954
0xc1D4BFD94909B589Bee19062e375D17Bbd5E6799,18772681203,2104486775641130477613
0xB835367ae1CaFCEa58a10A51b17Fea25d16c3daB,18569591313,2081719650202324725569
0x1B51cCe51E2531C478daA9b68eb80D47247dCbec,18187982559,2038939901929949540936
0x1301Efb83a768A909C02c4Cb1Dc8B4020737a537,17984588880,2016138720624207579706
0xB06a5fAED6F7552Fd962D735057BFD5125Ff3801,17970204849,2014526217716787271682
0xAf777FC522E4c451743Bfb7FFE13bD156DBD543a,17913098620,2008124398901581026000
0x2885d3b69C5b2bdafb4C6a61a08c1D3B7e7d98b9,17818786846,1997551701319174048889
0xe35DaCb1b14d6dEf2CeA65518Cc1EbfE23B3cD03,17241870829,1932877288788372088702
0xda39b7e764A1C8ae2acab21c56db4822953823F9,17221108620,1930549768611519849852
0x9E0856F5bc0cF904B182E5c6024b6Eaa2928a241,17186093364,1926624429316570722930
0xEccEd53F70AFa9A884670e72168699F55C06E0c1,16883828924,1892739471177244462472
0xf70Ad87eAdDF347EaF2e2cE437E1FdBA220519B4,16803779812,1883765670589883807583
0x76cE1aFA630da6d54800a309dd7b6F4076b2059d,16731530153,1875666217439537717227
0x23aE5504CE12AF5678Ab3AE270472A428F1D06d4,16684493235,1870393205511859681767
0xb63F833e6Ee84D5ba957DCbE58bbFe1ba9baD86d,16610559572,1862104969304378395554
0x80D762e5A4dc2Bc237f594A7F696B5E216067036,16600584281,1860986702405491454067
0x0565978e02bb9bdAe46D599a55Ab1cBC0df45E9C,16303380194,1827669028494423119219
0x843CA717461a5D27ec57d26e07618599C7eE4252,16299934020,1827282699683363391067
0xB24Dca776c1257248024f8fb4315D5f5009217fE,16269386973,1823858263091103210457
0x6Fb102275689cACD0E7dd5e3efdaEE8bbbB57b0D,16148225959,1810275666714538626829
0x7212310f6959711b1DC4e08095A4122CD06f2B9f,16006767827,1794417688576960522892
0x206b5b05a4E7ed05352aa27EA8BdDd5d28c2f323,15965667511,1789810191621072885789
0x6B216b60b34dbfDFAb5Abb9667739B07006AC8db,15819918302,1773471167931071791864
0xc983B312a21442dEb5c11E4323A98db524f1A7c2,15740675924,1764587805199449546797
0xf03DF965490882583018c64fD41fA82D7DeE032F,15645103746,1753873811681673396336
0x00cbC670EfC807b020C6118812A8B45677A9c3c9,15434114687,1730221160274611293404
0x4c12E04dA541E4B06ac861164eD3532Af83dae16,15376803094,1723796319397850851674
0x6FecDe764b90854b56ed336869E1A6D9A32f3a7f,15352397525,1721060365132336063818
0xdc236bf3b230BA15ef06bd7E4ce101eE506D1E35,15130829491,1696221771624271345341
0xa770070F4B18Eb61A7Cc282da3Ea5d405b3abF4c,15066708952,1689033622797085332598
0x41f397CD5d9e64aDa689d340dad24AB2A884eECd,14917550670,1672312429454911765481
0xB2Fb1E31bAFFaCeE52D4B9AB79009EcCCCB856e5,14819573576,1661328835986878165110
0x917B303310BCa3cad7dcfbd13fC9079C465f1B75,14761102440,1654774006064711823863
0x35856dbE75CfEDc4A14AA88efe1f90d87706E760,14637102376,1640873141715886083020
0x4588561294A446e8b22f506763854728eB6F7B8a,14524059808,1628200653067727727800
0x7aDaa3c9d9394EC49A8A4a1a06Dd5873dba4213c,14489625885,1624340483345388627228
0x4f51EB4B6f9A2458312b0C541F72AA26b45f19a5,14395965583,1613840818176086357893
0xBa2b24A780Da836bC22dd5979DdA6B6a347Ac301,14335742149,1607089549187592448881
0xcf5bE46D00aac469833e8142AF267e4e4BBE7FC6,14051194953,1575190759422171598375
0xECc92A9C5c2591443ED56300E60BB157edbE31cd,13970789870,1566177053173285511953
0xBe27BaBbf4E126b249Dd95781C5E6FC44474691B,13963991095,1565414885429459285168
0x130201C65A65B42A8CD372330996511DF94A15d9,13883579418,1556400439968861855137
0x31ce3215280B13557849f79686814789499eBd22,13849929087,1552628113798739187776
0x09f30971D50f7e1e86fd9DfD7012ead8aC572cA5,13493066180,1512622466210245879306
0x4D3db8180068107dBcE28697537520CE85A3C52a,13447438730,1507507460841919383530
0xA618f8841E70B0543A921768ea5B229eCD9A4ba8,13351021179,1496698697894047133578
0xC0DEB9f1b4d2183bA356a304A1CD3F6d17bBAB30,13212184426,1481134586007101452473
0xD1aa743Aa5C6bA079A8c65b970d8dDEfcF3697B7,13179449571,1477464888071836838039
0x48Ee69490345c7080240dB090E65a4Ae1049E16A,13132771003,1472232048500355342157
0xF5f61157f3c13e4bbC5C42E75Ae80946b72de83F,13117229091,1470489742863856743515
0x2BaaD90A0E32Ad9fcd46531905AFf1e0B8D09cB7,13092494692,1467716925542982368358
0xEC948f0a29cE77412773412D076fBBABa1e67491,12997583924,1457077078524751224851
0x3E38Ef489af0E780fB1A18dB36B47EFCb6A859B5,12951006728,1451855603128217002892
0x163a4D04A51c006e7F107aB0bb615e1454393D54,12933447675,1449887168548644191774
0xE4221867473a4db1762Af9F0e1a059e939646F88,12926164539,1449070702150932902602
0x291e38567598E1aeDdBC653fCd0ee81E9cC59577,12924985002,1448938471704411351872
0xC418CF17C76dfD962484850E14d6409E3992704d,12788502685,1433638300773608982774
0x4f862899C42645bEc4b73aB20E4d06688F592f6f,12704374981,1424207274985733867860
0x6A02BD6cF2cb4E122A2fd62aFeA732F15059cdce,12653392360,1418491935204388315164
0xAF1D27eac3777EFa9e240688c5AdE06907b7f206,12477257831,1398746605115096477649
0x2e97778b97DB81b62eb64103813E019F353537cD,12447143194,1395370643278083808351
0x82AF7c15312FaFcf466eF9733874F1F4D8FC5Fa2,12428353516,1393264251098833680314
0x578d94356092F21e28d8782fc224f16032560c55,12267247571,1375203680684657276188
0x37B657e4cC4B7A4a4eb4ab8A91d3d73A68Fc280C,12173522973,1364696807696702815676
0xC33CD67b3f5B0eA43659db8e69eA564e63ae2998,12127108660,1359493592085000073990
0x33d3E5bFf38Df9d7d20775E8deC14127e91A65D5,12098354022,1356270091150052250874
0xdfFEF5d853E5E1DaD3B909E37Ba2DAE94087c3cC,11967521858,1341603323202034719742
0xFdBcC094b6B2B08ff5585e5f4E47A6cAF120a6f7,11962764093,1341069960204185050077
0x9753Dc0C13b3685833756a3Cb0006D5ef3e78458,11924184317,1336745025075247673522
0x2D6AB3deD8A86Bbe1D3D8A497CdeeF6296869339,11914530930,1335662844801584928704
0xdb7aF01bEac525a1844Cc719371676Fc1A9E9Fc6,11840481366,1327361615664689563703
0xA2d130D837E17E5F58E8FA891Df8F52724F06977,11809723804,1323913579564784023725
0x06B79402942d26BeE352eF0255e02c8aE1F4AB6E,11809244435,1323859840532503909365
0xDb5ee516B26F70739eC1A18b155ace18A1168d00,11722916960,1314182212305218111980
0x13854F1fFF6aa9E1348BcD03c982F3F27f401497,11720292467,1313887996963704717962
0x7a83663221b97B70a3381841cbc0B8D2E795102d,11691922937,1310707668055407200312
0xed40637D872311Fb7C655663E8Dc48C62938d2eB,11679038001,1309263219224483198967
0x35b59dE7534Cbaf1Ca185852d174de4E377435C5,11619875555,1302630890902533880811
0x64eA0FA30eFED0d53900FCd4fb10C6C47262f0d9,11605207457,1300986543037090181108
0xB34B3df79e0b0a4B5Dae3bC97875630De0254688,11420958254,1280331528074499059088
0x8bdBeD08C8aD936F37916c04F84c8cA4BF48850F,11392951672,1277191886975150394924
0x7d54D807E9132fc34aCde66dE49b36D4F37e8e0c,11376693463,1275369281804044533243
0xFa7497aC448978d91D27dCA5c7b392A7aDa2C8C5,11370263681,1274648479535954401696
0xe51b1B1BA4bCb5305A309D32d232De6106f7CBc6,11357859909,1273257970963428479797
0xe92112f67fE210B8e664C4C208fe45D6eBF7E2Cf,11323710935,1269429745074564606673
0x904DBC5Fdf2676F657C24903F307b276c992A404,11107106718,1245147613753240333285
0xDe880ebdC54Cb0D28d97Ba59097f3f1141719e38,10990733487,1232101745502998442137
0xB006fE5eE0885E35e3f0Deb1acc5fb8F72040A5f,10964097788,1229115785442242719974
0x18f768455E7f5fB09fC491fd86bcc282BcDD5973,10856859004,1217093922378389589414
0xf0c0DE07AD331D7Fe46aB15c7a6f2859152A780d,10833685725,1214496112365190788042
0x06231F4222280e81e02Efa6e68c2a9F1f442EE53,10724140104,1202215644368586557245
0x1be1329BfCD8bC85b424Fa9af7392e5deFbDb2ED,10720004588,1201752037777799649002
0x1FD85309609Cb687A2f6B939E0F63be7d584b935,10702989982,1199844637714242290329
0xFbe12d942b8c152248Fd118F598C08124FF3D7DE,10685452673,1197878640717237185522
0x1f885079830c0AEE5e82015d3178ce6469beB929,10637506896,1192503742344797239182
0x77f382fc12E282E922489eF6C2AC1c7B79CE0A8A,10635282836,1192254417018935718843
0xdF26AE17B64c44f1128e6a43C7787e42D8E3C746,10627619924,1191395376331432614366
0x5cd01B44268CE72a827F3baa551A0FBC2A866A8a,10609845145,1189402758071902067244
0xA198E245BF6929C1a1899E36BF957417143D4f7f,10607460197,1189135396608064409443
0x6C0b32E5146a5b8c4793Ed8751b38397f71e5cAB,10589102429,1187077423132218348405
0xE199fb97006cbeFF5e5961AC7b464Cb9CdC7588e,10585188463,1186638653113261615531
0x6D0998e0513A739d1Af438e35Fe33b4DAD258920,10564814173,1184354620086523526078
0x2834123c30d7c16d1A7337455505216bb37366d4,10548266686,1182499585785081896081
0x40a31D72a1360C9FB42B5126915B60d26A4870E5,10529292054,1180372459580526968879
0x8e3c9E1FAA7c5404864c807F5e12a08E6104e71F,10514035801,1178662177371121288611
0x31b7713b1CDFa8deE88ffC0af0c9a1C9eCA59aCf,10441126232,1170488745876760524240
0xf3154c58930A67685db1559147d5EF439B8230F6,10435125452,1169816036314552987564
0xbfAAe7Ad31e101FCFB0CB20fcb687db6a7F8eb79,10434426106,1169737637049542173646
0xB70C48717d4Ab13E8AeCE621B34B514d10dc9579,10406403789,1166596231998680316932
0xDF06a205a030edb2AA752E65e205908da97B4989,10344388329,1159644070288586128769
0xF7cb62bf544513BE4D013F742f70d842c48633cF,10339612301,1159108659941102812104
0x8fd694A7C48e197DB2826116F8FBCc76e3acecF3,10338385459,1158971126429672994862
0x9AAe16DA7f3430AbcBA9e97C54D255f1DB800f1C,10150649031,1137925180687571679652
0x5E2698b6D611f04FF54f98257E89EA59eeD6cFFB,10086034898,1130681698153159561827
0xeC31c19e74c12d16F18c6E0338f6e86e07f3F85b,9967510910,1117394722113616147383
0x43E04B0e6b09148e1ec24D9B277dfd77FD77477F,9833711331,1102395296003570000397
0xE0221bd78C40773C63b8E83d6dD3e57c7567Eb33,9747481094,1092728568514589879349
0x7A111C46e58436fe29253995BA96C45ebD873489,9721884672,1089859115237232709057
0x70ef83BD2224051F5f6Eda4295F8B391A6c48AcB,9719682488,1089612242291625564328
0x3BF5616a2336Bc63A6182C631A98028070c96eFb,9669425559,1083978255259025593324
0x0483800e97Dc0a2cf5098eb99D5e87b5499E4E1e,9637324391,1080379595972794372431
0x95dAa0B7EF78270d14971fC79A54Bd093a52C7BA,9522609603,1067519645297347116937
0xc933333d76261B55065FEed8715B5C75e2167af6,9477582021,1062471887343467128218
0x0c818c0123D4F3C861fc213D5d8C04203819c22c,9471456597,1061785204729311045485
0xAC8b275b9ce0Fee06aBFB98ef20471A9E9dA56c4,9352575058,1048458145904416915477
0x5A4C0FCb69032ea5aFe6D0Ff9F48532b3A7aEA01,9290374743,1041485261267282930122
0x0f57a0Ad3aAD1B34444C1724EeB415D2971b5fe6,9266760393,1038838005568804475036
0x282e82e039E72dc411d2553CA1Ad7768dFd8e23B,9248144888,1036751138825010799874
0x86219301a71c65a8F2C3E0FFCE65bCdaD7a01003,9149110315,1025648998062269900839
0xf8Baf28B6cd8a4506823882766eec12f7E407a65,9135558428,1024129781565271842655
0xD028BaBBdC15949aAA35587f95F9E96c7d49417D,8989580598,1007765128618270583878
0x7bA7F7BA93ED40D18b7783419081B6101E47ff0f,8980045171,1006696172095513221531
0x48Df2806d61aB83eeFC2C7F4ccf1C9A77a91348d,8964477245,1004950950193703902139
0xd4c6dA1B390D90c27a4186A03E9380261754fB35,8950588665,1003393989170056251379
0xc2a4f477630CeB6ee5a2bc2c0f2e7DFf5C307Ae7,8931992298,1001309267866622250766
0x89D022F95dC5073B7479699044fDf6E3Bc74D3b3,8885127548,996055556606508456484
0x6Eb2C2eB6aB1225Fb605Ec660A8974c1CcA82a4F,8848657304,991967107792380619566
0x4E95cc696B4e2A1Ca956544A534dD3fCd75e1507,8826946638,989533262088973053972
0xCb5028a1Cedc7cFf2A782179b8974353d7BF4dC8,8822816589,989070268369042365855
0x93b396Ddfe4CFFfF6F9b1dCfDb2C0cEC09133D2b,8814022490,988084417448278775775
0x51a8A0c54cfe69fe2c21C6D13c086178e0e8d10F,8810547018,987694804223400584622
0xfF983307058dA622633CFCD2caCE59A90532228c,8748445447,980732989152724729877
0x2b8c72dAC2eb17A659713E1cba9917809d476AF1,8742641207,980082312449138284002
0xD3eADbb102039e493767a9fC20f0F8f0FBA81571,8729403568,978598324311537603158
0x3af780Cd096FFdB7d4b700abe39bf4A3336C7DA5,8715960687,977091327789032526677
0x86EB5D473e6FbceF05FBc3560Aad291275f36D16,8671364553,972091936746653262411
0xc9f88D8012Be24DcF091777756490BA469562aD9,8485180543,951220022785944216152
0x32843CB7D41D5DB861c58199E0fCEce1bd4F0d0A,8463057114,948739904828425440106
0x37f4eC19DC03eE55FB77576275385eff1B05997b,8343331617,935318235200152158014
0xa8cd17886bF5a511B54b84D0Bf1c48c297D3F14c,8318991572,932589626416617060570
0x96aCC15Df08ddFC4150F868Dad73722e6d0063F2,8226109121,922177161212264796837
0xB33CB651648A99F2FFFf076fd3f645fAC24d460F,8198234198,919052279572228202449
0x4CBb54273cDB281A4f845B07c193c3B5EC542327,8193207768,918488798237340599742
0x17Ee630D8aa0e9f44fBA41aF50C6B2966349ff17,8132217847,911651603230194487488
0xF28570694A6c9Cd0494955966Ae75Af61abf5a07,8098601528,907883089930670276116
0x5249b2Cedd34F3a66aA4aA1D61cc010F5dCcFD09,7984921644,895139155809198808527
0x30d22f0A438911a186Deb5C82f7EC23162054D42,7915842946,887395179077932766548
0xB022fe0cBF383c1C674D9e37eC3F3e611dd877AA,7914352447,887228088644728954509
0x4e6FDcE9B676C44B2c5E8800327e923696DDc629,7774485312,871548467136679595873
0xdBEB2c119D9B42A68459aAe8563e4DB26590f4F6,7686727763,861710522341470231751
0x097789450B7bDb518dA2f931a24482c10b7bad85,7672137537,860074904214331923229
0x672CDA61365b2a8258A05D30f79b82BCfA3e3f00,7635093513,855922132546741129763
0x2663dE7b0fed0f7796E5641a75ed6CaA1631443E,7622131184,854469007675177756888
0x3A42e5dAA3F645d9CdA40762606556c21F96b856,7613050505,853451030079825624009
0xF3863a31c14721aFBE0DE7638075F8ae7D5A9bc8,7539649353,845222490318753087586
0x696CE39761C2D33Df62F4FA5B77df138022711B7,7507202943,841585128131453063241
0x386f550465a62117A4C1A201a419caEdC6804185,7476823478,838179478099249052564
0x6618FCEBDA6F3F92352881745998a80251450d6f,7469695500,837380405485388029019
0xD52A7aA0D5D8C761925996D57A27a86713926b46,7458517146,836127270788641794957
0xa06b4F71b94Ec6b59e0633c015772d3F1efdF7cA,7441562764,834226622057523616972
0x76559883771754a942e2D9eADD899dCD2AF85A30,7439247416,833967063010293407628
0x29F227B10C58457D8837031c813216DE82F9abaf,7402198478,829813740465185243448
0x7BF668d7a476C3535b1A3a3974c624aeed087deC,7370091926,826214477612703814185
0x53169Fe9DD7338aEbE407d4fA0c8004b23B1cAAb,7318493410,820430093731121990404
0xC0ca7b42b25E19B245a441Bd1039af5732ed2D08,7260272451,813903309573030385259
0x21E7f980C2BFb1eF908f68E92F791147856Ef26C,7187807544,805779726328288891663
0xaBe3A5EeF45252530B3C0dfA837495f701c8bA11,7187215523,805713358591473399665
0x9584D08E221cacAD247eD8dB243b45b553e47c10,7182738623,805211481595641704294
0x8FdD0CF22012a5FEcDbF77eF30d9e9834DC1bf0A,7170658659,803857273093759815010
0xAcbE4b6956611FcAAeFBe5dde0F8353021041720,7088376193,794633105288871696881
0x95E0cA68f377dDB22CF9Ae4AA61610FA404a42b1,7088247148,794618638868597153976
0xcDaB202B16Ce052D433a8eA783B652e05beF5169,7042196836,789456229111025559501
0xe12D731750E222eC53b001E00d978901B134CFC9,7027710418,787832248243415785598
0x744393B5DC030550cb86b252e8c51b9a2C2a4Ad5,7024950713,787522875138190806512
0x04bfcAb393e9149185B3A81D6066929ECd643e2f,7012364545,786111919301591146555
0x16EC5EE1cC431cA95de00b6C88d21D0B4d3Fc2a6,7000000000,784725808220390804838
0x343aF67Ff2E730Bec550D60DfAE630E56284BB0c,6984621155,783001782995802073976
0x672737011FC4770118109684dD54735C2c004ba9,6967685353,781103217151186286686
0xfE33e3E48b1BA04708037B9Da2F0D4caD7A42dfb,6961567323,780417363431691058464
0xBcfcD2f2B61FABA34e24496e83031cA90b6B46ae,6912402473,774905802481364732626
0x596888345c9e3c6F7d0F4E5d8590941E2CAb52e8,6837010630,766454098919736187918
0xe5d33006a26f9D59441DD08f6721e9D7036197d9,6826290564,765252339997446769065
0x21a0B6Fd81ec697E326228DF279F9Add0D1B021A,6823863622,764980270851381910251
0x5646889144dbb12fCdfF5d644B5B44e7E5a89ACC,6788092643,760970212221866249272
0x493fdE51CE7F67f54d465E0458A0235E5c908b69,6780964851,760171160459290987012
0xe81454873F53dBFc14D4Cb924046fD223AF72055,6695379494,750576726395911603911
0x878B72F77601BC01e45ac949C20F4a75C09f97bD,6619853833,742110021343110996880
0xDD08Ea8ac267266567Cd8f5eFd80fBD1f15328BD,6585801041,738292577811059445704
0x750515f8094c706E36E93b317C4744581c37583a,6574886575,737069025932038877711
0x190736D001F134562bfF605001567bc1C0C0a469,6537708021,732901172955450957220
0xF1BEF2403f0C320C9E7d0Bce8309AF143CB39C93,6506095238,729357263428340838550
0x865FCDA847083C81E9c3FdF0e4612E13bf5086dc,6479719231,726400415798240597777
0x3982f7E1051ce72A4f8088d28580F41e242333C5,6475359431,725911666144143560659
0xBcf5b55aDA4E15bA3C14d8E9C2eD0513b74197F4,6411572908,718760961742037339638
0x6969e2041B22FCEbdb3b4f7a39c0aDA38b152F52,6402321554,717723850849925490302
0x381Aa6D950B83D5d6a09F31587eE31CbA0a1D0f2,6395562415,716966126447832781147
0x86109D48fB65353279B3D9f113FFC26eA465d0CF,6352173167,712102031775707784677
0x40a980B9d12F0A2D4f9eB6B4Ae50b8Baa2974534,6299622743,706210935497747181500
0xC33144CD664C9411c4165E492f0912CCDa20DDB0,6274240040,703365440908248161737
0xc925275688CEFbA9Cf9f01e1f7E6696ecd0741CD,6219477158,697226319931401320074
0x22A000343625075f74c5adC8aEB061E0c916022A,6187057169,693591919635612580150
0xCA8D0b7c725c3Ba6D31dBB0822e8f232FCf6768e,6145550676,688938888740495581093
0xdfBB856Fe7Ef8E7939cf96406D88516a72d218C0,6038669044,676957063732622097536
0x2444d897a953B6235271DEC1c33b28840A2e7243,6014659986,674265559812099206163
0xCe0Bdca2Bb503639aE43E280fbA9a49F966f7B8A,6002627632,672916688566750084422
0x4dEDC4AdD63C007762fDF9a1647b38B12992aB29,5994301641,671983314278648555871
0x664fe0585Ee5DF5d0d18f481fcd197C6d00ab25c,5975372388,669861275227300947685
0xF1253ae06A4E2c7051494631c67770F9010e8417,5896733129,661045524359211284602
0x4a989f46665146BE636C14B2DC00c6A0af9d59D5,5787438511,648793194724327159912
0x5039d6ce1d3dc68B02c504b817BB11CF4f2392bE,5783317813,648331249285972567348
0x349BAE0d46fb4Ea9526455c1929A92c98D21E9cf,5759686414,645682082331736348056
0x33e1d239f0236c4Dc08B1A7d9c543b672CB8206a,5738782583,643338685806539568036
0xF18F108410c2eaaDb36fae33C4f8e45BC9Bcaf4A,5691690336,638059471293969671719
0xaEaE3201957353A9D0Dd24321E866e92e1C13d86,5642747123,632572756668494280562
0x6997a634d1C22CDfDFaEeA99B3884d9Ab70bD90E,5629308650,631066254299041009150
0xA25e1539a4260f7dd4cD89bC112Ba3B94Ad9AEbB,5615820909,629554228805142108851
0xf63ECE9B3eea4E49Cce38129C1577b7dC439C0fa,5607477010,628618846964215778763
0x4a4AbC2439620b311e6E044Aa22841126ceb9CF3,5595762825,627305643636820324669
0x9dD4c7936A29e1B68bCDcdc3D5b71da5e729e71d,5559081065,623193483099256552867
0x596b633965CB13D0A6922e85A1A0569C5A6f577B,5507418293,617401895883170013453
0xB58e8F36eC46e8E826A4094798739825A3F37C6d,5505928916,617234931230302890454
0xA600cAE2ab3a7F81Ec745DD9aFa62d2B7b3Ad8b0,5497836963,616327793464873402449
0x6Ff63Bbf683B19AE80F4cF136c863d144dca9C05,5482927609,614656399912345700088
0x2a94086c36F9b26f21D9b7aB4419F6dC31C677c1,5474140239,613671303337291183581
0x9E3781496917F5feDaB2d4ECD5c7b1047c8de1Bc,5468568472,613046687714106797550
0x27E3a65cb41ab532357681dAC4F8F9904C046819,5327302920,597210298504549705450
0xf95486BcF822f88C1bAe4973FA34c96d77c53eA8,5310963273,595378563833391007743
0xffCC63dF68c544E5104a1b4287a96C9e27dc75e1,5310963273,595378563833391007743
0xB0a8cB65906421Dbc0AA67C036d8949960061B09,5292234615,593279012221114823741
0xe1C6e49740AB5aD5AAdd858B51A74dC2ce87ee04,5261968825,589886105575517877767
0xc74C528248619b50A4E899D9ee5961e7297200AB,5256338386,589254912604816362198
0x158CBe24E0c054c5D06C5984763177CCD27839A8,5196841848,582585131337907048785
0x95d8c247cD68C09536866FE41b60B95319BdFBf7,5196834818,582584343248988221735
0xfdBdceeE5Fc8D37d041F7900AC3916845e33D2e3,5193163743,582172802206643554425
0xAEAcdc16E26A30ad2b6EaFbf60DA32f551A7AAC1,5174883557,580123525959033686867
0x5Dc1832Ca7efE10e16D29296EA46dFcB057Be25F,5128556370,574930077493154803720
0xea7ADAd053187172aC72b7008A938b64ba190444,5125744705,574614879480359091561
0x674c3b366e5AeFcF67bCb4D96D9CA1BC95db8937,5124325450,574455775762223972882
0x3FFEf9C64d888af3f4529c92bAF410958Fea6061,5053139791,566475600934727381928
0xb1230e5CF71a300A85A248D4553DdFEA60A6aFEf,5039340541,564928654133429492240
0x2d4b1d3538Ab3b3271889f4Ed6de49Ba13C451CB,5038063430,564785485281763470594
0xa379F3e5eE37bB90340523b220A61C601dA6e257,5002840142,560836824832623528767
0x89719cD6b78b1646D0B043561a21BF83d4077a0E,5000294517,560551450884687667004
0x33e5bF87C9d07553b5C92935d42eA70A536B163E,4977350902,557979387052634455321
0x09e0c3A6912001Bb33fBAC8Ff9bd5cc0CfF1429D,4977251891,557968287554491925448
0x341ec3cB21c25DD379C208203654eF07Ed9061BB,4954981073,555471646746666321519
0x5E2B7F8Cbb1Ed53958647d03C8C968ec23e0E0be,4950234723,554939563412402485534
0xF31478268F79FD2c9F5c00d8c7A6C0dbA998A089,4934139494,553135228900185732323
0x0B22861932D2845db1543319b8512604F777c761,4916831850,551194978196429904096
0x9ca84D43fd4d5cBE001767822dF3e1796c7bCCdF,4884385338,547557604574553817111
0x2E7296EBc57Fcf7c0b112D2a46062017bE2b1792,4883483372,547456490860505629538
0x5FD8851687B2091305A12E939845A3Dd55593F5C,4875364192,546546300847993224879
0xd524B4D4F2046f2a3F908787c311251D1C75cd63,4826340955,541050615237078258213
0x4336EAe166D2625809F40762B3539657c9a094CD,4759825139,533593947027072715038
0xd65E14523e2C54388c80735D3c9c8636209a184c,4741547543,531544961128011889025
0x2fe38e3638ea40F7D9f32865eA1f09369753ee0d,4717239934,528819988539664711095
0xB8c04c44F59cfF3dDdaC1573C0b603158D9CfC1f,4704274106,527366471417300914914
0xC97C43c879a508e3a4B951dCaEcd58a807C98eEd,4697816218,526642518362987091609
0xCFCd369524a821ed94aE2804DD591c9eb8909469,4686731090,525399834644554736712
0xAAaA9b4Fd6AFDbf3AEf24e5CF2A51C65c582D5b3,4674847907,524067686018282478388
0x377bAF941EA59F0C590c217665b97D7bA144864b,4670955802,523631366698024817795
0xEa16545cF2E4C30b38B156CDA0972BE63cE71d50,4670543124,523585103972726992875
0x4382916A88b6EEd40530ef47deD0D402563dDACa,4615952019,517465239830902818937
0xe13C5bb07389ee2dA2E20dDF317B7Af8bD55940e,4578261782,513240025303496664984
0x4bab464DA1bf310b60b4B1Bf0bb15932bE61D6dd,4492506407,503626531595479851254
0x1918C175bBB4bb33E64E514350b22c8F3f7A5562,4465071027,500550924346289344757
0x85249c1064AdBf8473b5B0634f1DB7C56323C378,4441686436,497929425478806733781
0x3c6F1bA7e5ee41a6DD6DB61fb962ee88a581A3a3,4440721173,497821215937689556768
0x73C68A1901288b39F276dFeA7A5d5ee6A24B60dA,4440671296,497815624542098612706
0x929F5b2F13EA216C6b58da12DA365b90C7731bD2,4417203582,495184807279850758367
0x51d18E5F6FA6534bB2fbAaf90FD6f3336327fd16,4413932827,494818143585441346320
0x3066aF41D06bf1cBf590DddA7A3a458675CD42D0,4410942739,494482943696519904620
0x63EB8A647c05830DD9bcA6449A41E112e5B940Ab,4404300113,493738280831297650093
0x15D61B5e4c87C86860b724a52d9b58150e5687c0,4401577650,493433082691579777262
0x1a70A4d7B6d139Cf7a2f1eC3f6ca311742584C46,4359031446,488663496360064116671
0x0B9D0Cf9a959E04a85Fb0e5ddd0C84eaD907c952,4356673716,488399186134376193526
0xB3F039c970bcCF6Bc8b7e2f0C56c517287274531,4305605044,482674199718670187565
0x2208F17A1396739B9a60D7DF7413f63a82a2Ff00,4204820234,471375850935300398224
0x51175c854CbB8EF620B31cD571a12283b2E7899c,4199909293,470825316343107876190
0xf197d1037E1171d5881d22a44d0EA6B2f9AedbE5,4186325333,469302504344560239064
0xca44271A10a1B24BDa177800BecCBE9a1bc2165e,4165511395,466969185156088938415
0x5b3085b188E2fc3605BE4c5d5F95Fb0521a5bb66,4160863942,466448188540147326999
0xaB021d3C90E88A2C1fb70537b58417302e8d8aE0,4156412178,465949129382589264163
0x62BA33Ccc4a404456e388456C332D871DaE7ae9e,4116047860,461424140516044282945
0x0b7d33d24EE10935cd78C084c0Bc5aD5c8fCe9F5,4048452240,453846422296521652503
0x6495Fcf31006782Ca9aEd3278374a65Dc0494013,4046715158,453651688999893782088
0xFDA53F4735bBf8ED219c3AFEE7D3E6ec51ed164d,4039719286,452867425955692867537
0x6AB8d88e2F5e373e2E2A6CDa861DbC477bECC57E,4039263982,452816384698637727992
0x57f0BD4Cb2acC25D612a5b8f86aCa30aA3405ecc,4036439138,452499709271352510614
0xE1C87c390C86bAb7301951901241a640DA1F5c2F,4033397878,452158772812565604080
0x2aDBc63f1a72d33b8050521eCa1b57D335bD9dbC,4025565474,451280731446964372391
0x14f472dc0294752691FBd925D6Ba2bF51D9bE1Fa,4022736294,450963569938092805926
0xB89B156897cb5b2f1a5CA028600ce931073c19BB,4003911614,448853253905594202158
0xB162A8693375AcAfB011DE6123a7d7425101e20D,4001760864,448612146901018487083
0x5B47842e7b628564415F93950803b14aC60bebB1,3986035909,446849321469360733442
0x522BF786D9628308E25D5354b22c1b7446cAFa37,3944135325,442152111520174108380
0xc3209641E0f158f888Cea0e228289354105aD373,3925724206,440088157200528852190
0x81294D47a9E222beE3be067E47dA26916d097d80,3886903696,435736234902632028841
0x1A520E3c3fFdc3c59958F7A11C5e18921808b02f,3883797808,435388053406768884104
0x0d3C1c76DD4bb262dacCA98d270Df1D70e259e07,3863959824,433164142259931286781
0xea2C034b98F412bD80822C6543592C5C1e49D147,3857619332,432453349730043440762
0xe5Ae5AAc9A19Ec43aBdd161e95640A1cc12aE348,3818005565,428012500397796405620
0xf6268a4490995eEc09De097a7279E592992aB03D,3808277054,426921898446759839568
0x098F3969a802A9E40B53Ca8a1e9eac5C45841e8e,3804948665,426548773768460288378
0x9Fed225115A1374c7F0FaeF307D471c80fff1893,3785330832,424349542360394909234
0x28779a01FD733B8fd3EA549E072D6E47C251cE9E,3784870168,424297900227578046647
0x1a694e80FfF25e7DD33f9736EB1a9c5F6b9F3465,3778852383,423623284342174968864
0x50A3bFdaA2526554aac8A13db57F0E8741FdD0eF,3777588934,423481647051079219644
0xe9a87a1A22c6A1ddFC8c58A561A3BcFf21a6aA36,3761371783,421663644633149631221
0x664fE81FdCE653448F0de448A05e9a6DF7Fb194d,3676618518,412162491150800779752
0x6162904cd890afb2a22F49C3f0749495Baac7eA5,3674559952,411931718312497205892
0xe57f3834700E9Fe0166c97Be35E97a053d1AC5f8,3667530241,411143661791635667083
0x3431Bbbfdf64EbbF516b54293980d642B3D07867,3653698129,409593031038979243326
0x7a559dd20fD34c4C547Ee751c3ADCb5F0CDE24dc,3647233752,408868350543841199719
0x260DeDD45560cdf213c1f6083002ad96FEF3a9Ea,3629105745,406836134123198356568
0xC854D93aF2F337495F189a968e3f0d00f0360e7A,3584039845,401784080580244169430
0x57448f96d5F2932a149b484a8bf81Af05F26091f,3534598987,396241578115507087360
0x9E88Ba54612456d814aeC6bBB3304Ca7CB5Ff2aB,3533383258,396105290412349663433
0xBDd9a6d7456ac000aC9d7fD77D3c89ca8d99f154,3493058073,391584688499383694864
0xa765100f3c8CC0656eC29b5C6e0d5519C446C1cA,3481642457,390304955857678891322
0x40b8e8f1797208Bd70D98E77E40EF9718d9A2Cd3,3469577006,388952374316604816685
0x1f9198ed19E349d90664DEeF54271b61851c23B8,3418770723,383256802675197830742
0xc5e191A1067F8f4bc6f3189e6709e58cF0CE90F7,3402694321,381454578739094129717
0xF72CD97a579fB4B06588812ad3bF3F9C739F02A3,3385433631,379519591751852470094
0x01396027fd01665d02Fd6049dd39D8F72DbcFa93,3380153763,378927699082767187471
0xA4e20317ef897060D471678Bc43A7fe003ABb5A5,3374404463,378283181355738402778
0x2239fF85F256B0Ad09502e6B757AD4c0a747a899,3330364904,373346184422889176228
0x058E66a2DE4ab8663979d6DEF6f1471598081f55,3321956808,372403605861575656936
0x8810Bd54f4D64D59bafBB6Da9277011347DE80c0,3305432831,370551207117812778566
0xbae5E1fD212EfdfAE8A9ff44d5667c95f10F7902,3287792319,368573640684009706760
0xd9aDC9ccA22b991fB54E8b9e06A614476Fe1C91b,3287581279,368549982321928730864
0xF3f6A67bcbb4905d2C9ef7b169f19406E07ae4B2,3275154140,367156854222551282411
0x221FBa910737624C0351F76ddabDF83677aefb16,3262035424,365686197791706457786
0x6b9334B8E3ae284E4bc9475198431a4E2a2a9Fd8,3254151203,364802347549361718099
0x2C5b31b783e0dF0964178D49a2E115353d330D2d,3248734997,364195170887813413813
0x590f7796c7573fAFeD2FCF50f3dbd9Ef79FE51b1,3243036146,363556308679684473476
0x255Be6D417D25d553414fb9608EF6303af9EB771,3242226893,363465588434758791202
0xB2Fdb7b3773dfe1CC43CD15964ACD2dcd210F8b2,3217860737,360734052511855344812
0x09F34d5462f8837f6dccF895b5EFFE2CcB7662eF,3208094476,359639218646638733080
0xFE65154036bBD13013f8a786b6aeF8023087866E,3195044320,358176248044566992739
0x8594DDc0Aad89C94C95ed53b64411980B172192a,3166025336,354923112948404908562
0x1ECdd6dE99277d4228A9De50Ea73ba7e10D662e6,3149988478,353125322040495531413
0x37B18B161e8C9811087486078F7b75062DfE1734,3131347460,351035595195338266705
0x1289361Cfaa06D4Ea369Cb2B3F0a80aC6EE77859,3087358086,346104224186015545913
0xD34216F24DaC965F9CC9a9762194d1CBcD58e5a1,3060283609,343069075493734205660
0xF94F7b6b956225BcE60A5f0C7B82D347071E48dC,3051103470,342039948065684129913
0xC951781CdA4573FB80145bFBC8a2b275Dd48dDF1,3049875288,341902264335313881911
0x12E16Dc6C7Ad5c9E10CA14109cDf4A46da290580,3033324013,340046805385106317794
0x1AC520a95315c93ffD52adFe87Cd712CD94dfb97,3022309372,338812023519251681566
0x0B70CAa549b78F794fBBEF77C22B9a75107D7cbc,3022062090,338784302295350488040
0x95bB938fd2F4a5E825da31D5D74dB2d389d0eC29,3013493255,337823704299510177691
0x87fC1313880d579039aC48dB8B25428ed5F33C4a,3005094939,336882222112254429174
0x0F275D9fC268E25a60Ff65a17a6a1282Aad567D4,2998188786,336108016898737475371
0x3Db1a02aD1a87cb078959B115b47B53300bcC0b8,2971138179,333075544121462166650
0xCd4EA306cCd06199e6b33b83b069aAD041A3D75f,2935149242,329041051596559634252
0x25cEADbDE3548b08558E733B41Da5d8aBb26A0A1,2933397374,328844660734817428595
0xB11Fdd8Eb4352d641ab46E387999d791667eC939,2924752211,327875506088764283104
0x43758aBAB288cdB791A9A5e3bEfCc3D1C82872ef,2924744931,327874689973923733898
0xc74bBF0b25e811b18aa740586653feD421e7E710,2893267541,324345958501292527138
0x7f509ed786C8339058C781cf7B3bdc85933cFfa8,2860816063,320708028172507351231
0x8Ea3985F053500d4526Ff36ecB5E6E589C4C5342,2856077671,320176836959383774941
0xB2D7c3AeC073443011A42A25F8577920890B37cc,2853715555,319912035046925158277
0x1876A2F935a86E6371E6e56e3Fb3AbcBB50125dA,2818141171,315924015441733366974
0xe7F70f06289abdeeBEEE79163414e684ceb97537,2798689670,313743430464115546980
0x0851DAE86b9504adB9aCa6bb7031e178d0236fAF,2794786464,313305866680829735735
0x29f679b81B98449665E1Fde9FAA691700b7DC44D,2788756922,312629932792379908362
0x5d59a33f5303E217b179CbB0d45A8414aF144Cd1,2744619116,307681922008604934849
0xf65BBA2dd0D6CE60d9E429B01a644394416BD35d,2738838780,307033925031549874720
0xA5E478E82b6253468fa2258B38421589fb7E822B,2738588963,307005919624802418525
0x339d408E251CED5d441e09352291C7a45fef676A,2665073641,298764580985797807527
0xDaEa12a973B47EbEe7C8ff05937847F5464C5569,2663645180,298604445241121192146
0x97852DBc176f63eeFF5aefe4F33E4685b68cB0B4,2659630715,298154408913735839121
0x6a72617b75364baEa483348d779A5b090Be4210c,2628361484,294649012832463682123
0xF084954aFB3BDE45fc5785fD6037F971fFC953D2,2618137923,293502913951232901146
0x2629726EcdfAf4fE606DB2c5781926Ea67E44f57,2609323058,292514735085307381833
0xAF12417B0A85Ef5ea0b1e2685d04cC5FF290559d,2603613930,291874720787588287074
0xeA7bc0be8980ACfAA0775daDC9ecA779Df8d1BEC,2598105376,291257191574763191838
0x8FaD9c07E4B3357073Bf62EF7d091BCFF4Ef4011,2581083260,289348949612517299575
0xCFc98602b3617A0217E5A50F102A67Edb1c2BE0E,2576376356,288821288320286472380
0x5882aa5d97391Af0889dd4d16C3194e96A7Abe00,2566417194,287704829541765357562
0xe116d5F4CcD817e93a4827B4B1166fB3fA61BEC5,2566152380,287675142916025632623
0xF27ac8F6BCDc2AB83d7E5Dbc2f24e20b66C9b25E,2565587621,287611831349922098382
0x0f1f63B6e262Cb406Ace6E9267AC4f8E156bA7fE,2526126880,283188136796464882315
0xFCb2015B8B9A22F1F34F96718A5F4707aBf277D5,2523756439,282922401620812917829
0x6700bbB2c845B0b411B553e1F46BDc7fBC742796,2502226610,280508828411831230923
0x7d38b3B62282384f2d0142b6E2CCffBDA0794583,2474148725,277361193983296346970
0x8CA4Ae4152219eF8F4257759064Dc857CA823dbD,2467088204,276569683547841769555
0x21cE32C503F791dE82cc3D877544560ba529E519,2446527854,274264792509121182114
0x6697AEedc3EadBCFb25962c2045aEDf438b4c1F2,2433892825,272848359174276456941
0xCa5ac96Fe4c595FbB83217Ea7A8a1e61538F92b4,2395183051,268508850790250932620
0x5d1754FCbDabf2E0458BACBdb04Fb1Af27DCF1F5,2340076422,262331194507347186003
0x6d1dC634D20268649e1EB6b207960fbC76e57Dd7,2323890212,260516660689593618596
0x55DB0661E5586A2B0176f258da829a89c74c05f9,2321183242,260213199372296711268
0x5e9D6d1E6268633BCCFCf89fa96d0D20eeD9b6bB,2308706674,258814530099780044859
0xfe58ee86fEdCC697fE0c1bf7DB783B1B1848F0AA,2294574171,257230224408515459472
0xafd7f0E8871E517daf1242574B65e147C254fbD3,2284047166,256050108336120445886
0x9F457400E51A7bd2AC8CbA45a6aaeBCF053108AB,2279072038,255492378144577603534
0x2977d6f59c7fD42b4bCb74A8Da2E8466ada16E2d,2262536257,253638656128894691807
0x97Eda3C9f1e4c7eF743b552Ab687Aa49FCa804c0,2262164499,253596980686464349515
0x29e1C9d61f0eF7A536127E5aCe95909B7B82c20e,2254859683,252778083880821314904
0x4b0bAF31ce22FE18331cCfd27ad9074Da8E64ccd,2250613279,252302046336402700562
0x2Fbb004C015daDbfb2a0D0f7cca3d6CD4CD472Ca,2228140799,249782798474871762283
0x1F0605300c32e86f5030C629753348E3738B2e63,2216171355,248440979672464804083
0x09d1fb4f59fDce6aB1a7d31f1309864C5a818b17,2215851105,248405078466738721204
0x8B7026DC260DC47637A4b0f9E1C660F65d5Eba2F,2212722561,248054357149745427728
0xe236f88F1788f0606DA4e25aD8B2Bb29EEE3fcAb,2200337435,246665938862565231173
0xa62fd1198151813a6adE7B14077ed85B8170432b,2159535861,242091931986306076354
0x19241812c6434Bb55D7828B81268070dBbf9f70B,2126784463,238420379519749263359
0xF0b015432Ca6E711d915A6e80A18Fe4f339AB865,2116415396,237257968879454065785
0x46CfA5fA29BDD389E87DEca5d4B9300A12E36fEf,2113750664,236959242597683960295
0x28e38d3Bf57969DDb28eab925aD4DE50Be0280Fb,2086369104,233889668768921799717
0xa922FD176ee36d6c3AA2EdFAe7b83359734cDdE8,2085689836,233813520321736335656
0xF810F51674cf875A3E03A7B95c27B8Df3312d131,2074902009,232604165141519656531
0xcBA7540c6C819ef2028dF26bbd59E1542CcD2426,2074184822,232523765834631062614
0x9D458D056cEeDCa9c7B7D71A093cad9E54F1d14D,2062709697,231237362014623203752
0xE766829b7cFCb023d8e3f52044DEA2aF999edcf7,2060881612,231032426946177407592
0xaFbFD9c77A66b787AC763dc4eF733750aB339Cf0,2059668301,230896410309734880365
0xbB754128C080b3CC39aA4cf09FE4B9BA6B54f13E,2039405867,228624916752997405202
0x8745Fe1AE9738aAeC591aA6322D86B1263910f47,2035911278,228233160441936964162
0xf69F2BfDBB1a39b5C2224352E314E1DD57c104B1,2014519839,225835101262183794382
0x3eCa320A7b3C30c9A71752db3E27729691082098,2006140093,224895700840393567673
0x6659F10d9497f60475739d2b3E899f3816dD1851,2000000000,224207373777254515668
0x125fD6Ed0083fb19A11079d0711F09B56E198785,1981606504,0
0xf3D599e5806A9F58cA0c061AfAFc3E8382D16018,1954385414,0
0xE7c394f7bb1a005757604D25420c8892E624C64C,1938200801,0
0x58bfE9F8A37f1CEc8A5E495007d11Ec5b7B4AE1f,1932209657,0
0xb90315DafD674d5d2e4F45E765faaECb77c7F04D,1907616779,0
0x7d12b58179fa20b3b20818AcEE70C4714d472216,1903470447,0
0x61b1766c8F50d73DD503d1A95EAd25b6fA56294F,1892579077,0
0x0121560efbE1fA1cd4b41695471CfeD28dDAa672,1888193278,0
0xe329A079aa0b7E1e124D4728a70F3e6d3400cF08,1886638087,0
0x7882b21fe533A7b56Ff507ea614f3215e257B702,1881559625,0
0x11B1785D9Ac81480c03210e89F1508c8c115888E,1880521283,0
0xbCE83280AD8EaBE373AC62DE13c616C53c27EAeA,1870714725,0
0xd224352160a712457eA576f0F4CFC42DE570931b,1851175838,0
0xD22604555dAf67D4013C6eb1aF7C69C53a54395e,1843909107,0
0x28d8D5350223529d9DB8cBc76682BABcAe086272,1808349015,0
0x5696d7d90Cbe77A700Ce0B4f5D473053B06e42cF,1792402278,0
0xC54b4404D3B3185e3C066f8A746C559d5025ab37,1786685482,0
0x0bac1ef782248101d74D984fd77F6076FB3a4762,1779866640,0
0x4FC36C764818E99E40bD86ff578aCA6284AcBc9B,1769842051,0
0xb1c5Ec4aac5dbA3B65511228819229C04cb5f4F3,1741701074,0
0x170E52D9943F4D79FE052F6714a204f261387F2F,1733938791,0
0x1769DC4aE9ed3b99b04a011F034982acdAEA3e13,1725471851,0
0xa0aD00eF8F44a3Ba85A81EccB89a50AF710BCd92,1710368731,0
0x5658906351368362351fAC485B8D741EF6c4F5cA,1700521311,0
0x7157BB19523108565b69EeBD62Aa08CD58cB42Ba,1693460413,0
0x96097809BF77d7D21E24dcd86EFa75f8D1626922,1691271537,0
0x1827070eAF5B65DcC24a4ECEC8360a7C79E6247a,1677348256,0
0x10268F03F977Cf5C2AEaD643e75FC52267C92c96,1674834757,0
0x145E881bB4f39422D38Fb2Aa2e85b7b3129fFf4d,1672042085,0
0x408160Ca80aB7B14f2341a16bb09204D3041c54C,1664401211,0
0xc59df7977b85b2175cd0554FFD8c30F4d8D9BA2B,1661495602,0
0x90554D3C00B5B34fa2849b76c17Bc874c90F9563,1638477816,0
0x909EE3e2990CcF8Ce2Aaa3CcdbC5b61800289FA3,1632147932,0
0x0442Dd88a482833fE2Ca98a6b66526Aa640321F3,1626626586,0
0x581dE43B0273915f61D015E394D2C6aF1F9ce8E6,1593865394,0
0xB8aaB9C4320ce16B9ac8070276a8e3dcD1c0DC85,1574945837,0
0xca04540CfE1DC716a48E63f5E3c61451B8AdBAB8,1563506583,0
0x7A05Ace8D3B5d4dC2EBB945f6F39349a499a29b0,1556560201,0
0x9AFde32e2B7065514Cb899A0de8E79D6C83874C0,1556029903,0
0xBad52370b73D006199f99cC1612AeA0E63812640,1554481026,0
0x06Dd5751f9b6e0e6aAcF1f72Aa439C2C9f5Fa18D,1547487338,0
0xb2Ee477CEd8D69AfDb5707b31170C782f5F26F5B,1546015725,0
0x7bfAd1dd12a8010B66DB7aF2606793A3A7938d6B,1541204069,0
0x93B4166Be325606ac1fB90FF7E8b2778288A9b0c,1538575730,0
0x8f751dCE143d52AD9D686F55AfB42785Add557C9,1510212235,0
0x4722B8A09080264026C813A1ecdB9719210796dE,1506099499,0
0xE5DDD6a19a21EA94A64F43D0668E0093ecaF2966,1503706633,0
0xAFF4c77DF3bBe7f980b85C4777cf9Fa3DdfB4Ad9,1480342201,0
0x7f9a35495c5538fD1AfF0C3F16F986d3744F186b,1479840876,0
0x764f383870A16B6be1eAFE8a3c007990cda813D0,1468378408,0
0x04b213719d0ff5A5e8AcBc3Ed855239a20472D4C,1460972600,0
0xD6ee257dC510fF6682fa54689D87ace46c8C79Cf,1460972600,0
0x90C5D4fb190dF3432CDE9C0a56121797C6b425CF,1450545490,0
0x71c2cF4877c991f5B7047636C8ebc04408a8312d,1429879339,0
0x46a03916158Cc281d4b08E99597E39d98d1b14a0,1424252204,0
0x16430E22DbF92c36f5D94781da21A522721d64Dc,1421217322,0
0x2Cc6f0771571c14629a03088eb998Af75bF3082d,1414490879,0
0xD378Ca5fffAa6701c2aE9a71120D702cc303c7E5,1412609931,0
0x6a509FF1F4d011f3Dc023370d9c0f55f0c1870dB,1412556518,0
0xa9357f727629f4Acfb147ec961Ce05BEC0EF69c7,1409252989,0
0x066Dc3fF62C9C356e2D602D1156Cee762AcdA921,1390761149,0
0x26f3AA57692BB523E5DC5cAca0FF331Da30A77Ef,1367676846,0
0x629B1C376eDbd03D07D7e71b1317Af56c37C689c,1360075834,0
0x68ACb2051b73C2342be78Cd1a7E5Ca44483D10c5,1358527487,0
0xbe207E5492A25335d0b13378346A6b6c703a1787,1331268636,0
0x1B0F4AdBD4c87979509419487d575C5275b84a09,1310356198,0
0x94335ecD1b082F68609AB27DeF4A6C8f8c47C903,1303211782,0
0xa779FcB74578A6efe793d539C1ee987D92554E5c,1301295834,0
0xE527074c6A6835Cc17E03eb9EbE577C783E2A68e,1300128005,0
0xd3837bE2B8e1bE1C676c96535163f3Bb78C86a93,1300038348,0
0xF3E009B9D15979015C1c993d4e1B61E12f41285c,1299758393,0
0x42Db18D76F0Cde2a2c6115017F177fFfaE4D5409,1299758393,0
0xb5B1630b925Fb5065Eb92203B3bd5cF1e778CC03,1280242035,0
0xA4C65736369A02cF6a791F9940688cfACd2123C7,1276164046,0
0xf40D1f282235141324E53FEF11D640498F07533D,1262245795,0
0x6516DEDe38F2E0791FeFD07c2E550dF3C87E10eE,1251405864,0
0x94CE1D981e8D5e4472056949A07C7449e9a36f52,1249749276,0
0xA3B31B5292600D48172cFE3b588a8406a41F42b7,1245484142,0
0x81Caa95e9740F5b0Eb0e5AE95dA516DAA4E8b0ef,1243334590,0
0xfeBd639a8F497cF56B17C77D5A80a3fD67b73834,1241438075,0
0x5E1ec9bDbf175206B4Ea74EFCd5D0Ef8b28e5349,1240582591,0
0xd8Af5716F807D7f98114F554D5eB69BE1def32CB,1238575403,0
0x22B09db9E147F1BC4091b1010AbB07CcD15D6429,1233544102,0
0x5f4A10823ffE482F7E0870F062CcD6758D780B5f,1232978555,0
0x72A79FFe8E80DB4d12368203bba62A08e8948d87,1228171319,0
0x351e6f90B22019feB318f998b7BB9b60732AF4DA,1222389233,0
0x2445dB49Ce5e58D97a2cb1AcdB8AF326AA592F8a,1218926428,0
0x954C8952CFB768617141A2CBeB2b23FAAf7b89Cf,1211025322,0
0xAa85c1882ea6C44b3407a030595620179a4Ae477,1204091655,0
0x4FBF1E076cddE9Dc91a28337f779a0b83CB5Ea33,1198238641,0
0xFc64410a03b205b995a9101f99a55026D8F1f1da,1195721212,0
0xB6394ED6Af08cA9a5bAD36bae99cd4ef6DE6d804,1186168248,0
0x70Df52DD257dd13e9F73f2Fcba8CeAf073e22eb1,1182355895,0
0xA0801EB72eac6FF68457cA96E952AA96cd491557,1179179721,0
0x5b7534207A55B5fa30F59755136d4BF9131f7c85,1174880375,0
0x2ED71aEd91b73BE0d6fd3aD1Bf45f2A6731968c4,1174749738,0
0x1D6788C01b19dD898099261DCF959397166778AA,1167496802,0
0xC3efba1002C0D74fb5c919e092c224795BE02e2a,1133595978,0
0x574bF8b0a1c0ea8fd152d5c2cc608DdCD513Bf4D,1123879685,0
0x18D072a783FaE1AC81Af576276DC1561cfba1013,1122343966,0
0xCeB3500cf5F5fE3Cf6bc35A50B8b1f8c9BFBb5C3,1120312157,0
0x2f09c6FAA5dB81c3ad18Fe24aCC8d5b455C8E0d8,1114931824,0
0x5B5E2ad49A990161b1e185F96EeFEB31a3307200,1095574643,0
0x273b976a998604766eafDA32099fE64502B8feeD,1091718047,0
0x1451Ef495756a2af104add37cC8bA55aC46Da290,1070922457,0
0xA55E8f346a2E48045F0418AAe297aae166F614ce,1068570797,0
0x19c2A0E1398Ba78C00AF784fDEc4cD0bBE70A392,1068015474,0
0xa8095Ca22f86F45D9a47c1782363fCeDE1b1A003,1061767820,0
0xFE601b7A9110295ef89181e1effc7380d2613475,1054244084,0
0x2B2259af39eCa02cA3EBC187DA27BDbFAFaA3E08,1051107612,0
0xa7801893062698777cE88Bef086F886E24a22350,1045479771,0
0x4e9d4afBc135E58Bb27055Af5725e04480935c3c,1024258820,0
0xd0dC07B98769f23A7BDbef15A35Faa256CB65dCF,1023630309,0
0x70aBb00D2D8C91D1AF258813077f5578E36cc465,1011020669,0
0x88a68Cc95203288a723F7809dfcE11Db4a7E2af3,1008750456,0
0x6cC1D2178F0f5d300999D510e8c1C8350e55863c,1005478073,0
0xD5C6dfd4A1e4Cf1c02EEd242A21908a5F881B32b,1003881240,0
0x0337F1E4eF2a0835F68900e32746Eb49d3d921d7,974780013,0
0x76Da9F88e63a85Ba8BFA19F3821D5A271753D3dc,939271790,0
0x475b6ff6603F17177B7E419d1aD2791fb82a3a56,916040611,0
0x4C23DFcd99036cd1FAab8F7043Ec4648AFCAed17,902899746,0
0x61613253b7833792DBf255d4deb85be35855089F,862795779,0
0xe9593D63CC5d33C078c7BC37D0F2241EDaf9275F,857156626,0
0x55728fF791375D3773181F8C91fa04582D6de131,854470768,0
0x158330D30F0c3652a3aD8579782b8DeAD3f3E8e5,852843656,0
0x19d56622270608C68c4F64992BcFf2D49A7FE96D,836357408,0
0x9DB980EfAF3EeB12Ff742d0Ed608d340dda603DA,824476844,0
0xcD005bc251406949112f82Bf7cFD27c26c39Bec4,814007677,0
0x84d40D19b63f117bCAf8a2f7189Ec5d920C7EBbB,812092772,0
0x8Cf365d5d4DC7a22C65113e3A891d51771cBFf11,808752773,0
0xE87a10d5B212D169CCBC9a50Cf5E23DD3da27cb6,806851246,0
0xc0e8de0d4262b3Fef33169088A483061A11850eB,799448530,0
0x7949eD1B419126E201aBE404A65A226e2d5dc6d4,784797142,0
0x38bCA3a2678632b0A52c381010CA0b39eF202723,780081346,0
0x2808B7330a1AAfBe941C01B8207dAa78315Eb150,763617080,0
0x734A6263fE23c1d68Ec9042e03082575C34c968C,731608503,0
0x2009DA0040996dD6676F89997c98B976f84dE405,727012982,0
0x272fB300717A9F7e0215AfE22595af5cBfA58591,721636598,0
0x4ebb96637306D4B582e9d5D65FAA6f7286b9b17c,686749948,0
0x291FF585721514BD26a369099779d3d7013EE5bB,664348383,0
0x0e9E11FE0f6E6ABbe12ba1D099dCf27B1C4B473b,649879196,0
0x8AD256da7A890F17Cd3eD3288D14b8674f11C047,613871079,0
0x5f6994932a8b94D3b61f42C2d6656d7599e401e9,609975833,0
0x076eAB1704D4Fe39430Fe931991258291290988a,607063522,0
0xF6Bc7cC74dE5DCb76f20440a51EA0FFF1b037645,585221471,0
0xE1b29b42ddB9baf123e1ce7AEBF95A0E248Da097,577935942,0
0x42aaBD3A2f2b64A44B99e0ab025657ba73B871a2,576145257,0
0x3478eE4fb7e8428C26Fa33fdB326EF292a565e7D,573729652,0
0x7E4Df3C88a7E91c68F96CD3E2e3C35544CBE0B1A,572879498,0
0xb0ca67F625630b7CfE20b6797d59b47e25441d8f,567286889,0
0x60ddE0F39079029BFb2589fdaA8E1cd64ABAe4A4,566103343,0
0xf2ff0e26ED564109acD25c544459F0e72d1A5343,554077423,0
0x5b2b682F50A9582aA6154fDfF6629579953f994a,550827171,0
0xa9BCE9CF109c8E5E4066ED6484972CEE041572EA,544081685,0
0xAf798D139045d88c5584027BD3c24a7Efa3d51A8,543550543,0
0x35bB7ab3956738E0b6E9E1cbc1732D357bEE9793,540688384,0
0xee531b1C94755Db9D8D169036F682C4a8AD90A4E,525065550,0
0xDBe609abfD89A224aB270FbA62B9F9341032974A,519684184,0
0x3958DD378df8449006c1a05585F04659479879bc,518737347,0
0x5aB341606055f9cE4c5208D866fE43fEcd7A4665,518628649,0
0x3244046f8354BCCc156d52D25759d2b1768f4517,514428616,0
0xe0B03Fc5365677ba0A438811d84600051cBb1abD,483382739,0
0xC01d1B913aF9D6789682257AB20a8f03fd1A038D,478314356,0
0x5125B9AF7DcC39f7828dF0f750131EB89324588e,469013061,0
0x71B5860287618F28B006257cb1A4448F73D67c3B,462042742,0
0x605E06B9134189a590255cd9cd72A354C2D9aF33,458769899,0
0xef63773801f5A409D2c124b1EdAe89379d696342,450963977,0
0x8695d01B00ac3438120b81Ba8b8fD59237a75a30,447780979,0
0xd04239a87d75d5881CEf2cE339F2f89DFaeA77e8,430885546,0
0x7ab700A3B5e1c3eF823C82C7Ec8B19d01723fc19,426013053,0
0x3b209192F648B68f4f684e2dB249A0761114DD62,416317722,0
0xa97E5Bff61454486b545538aCD574e664502B7ba,407428617,0
0xf2116A776a3CaBeb323DF014fEf5F6107eC5Ae22,398064553,0
0xF50242B4Ec950818F197fC6e26E26DFf1b50df04,397690332,0
0xbEC728D0dC7726204e031E0d98bDAd2080695ac5,390173864,0
0xCe2518103E0c766DF3002D3060258e6FDb1C480a,382603682,0
0x97F50Cd3a053B0d3bC0278DdD08CD6b3a9485483,375393478,0
0x8a3564F5c8cFb4bDb30a05cd76b0b1bd84a0629a,371766618,0
0xF53e63c6016c9564d55f30E29F917EdC2006EE6C,370689733,0
0x760A735104348245B68d6c286aB85df1432b27c3,369637127,0
0xb16E29d3d50Ed2559A85caeaAe09787557241B9E,362832931,0
0xbadAA54446f0c74BDC10fdA9fFcDa2Cf71aAE086,360920486,0
0x30c0D71677f68Af817c64BbDc92DE3Ddef7cc450,360497977,0
0x4446294aF77c030Fe8009979325E92F474D11337,330042642,0
0x1bA88E00bA6B3631CFA64fc702EB0728D69B0c81,324913033,0
0xa219712cC2Aaa5AA98CcF2A7ba055231F1752323,318672192,0
0x206971261B391763458134212FeEab2360874676,306247114,0
0xaB95b3EE6FF074aCF578d05a8F89cb1DeA42a043,305083985,0
0xE15A1C127a4e3EE6FDf8AC351d40A0b842Dc7924,302501930,0
0xb38FbD055D42e09A77E18aEd3967aA4d60952bA9,297470289,0
0xd72d039B28D9cb16B9284771b9d2BAd26b5cE21C,287799093,0
0xf75cb24F3195ED6416e377d31b661aed23fCC8cB,284225736,0
0xD5e94db07aD9c2c14C02dA82956e3C00D6a8e09f,267087451,0
0xC17268B97e655Df911E7d796Fbf8bB1c4318D903,265860803,0
0x078638EC32c69fEa8a702BefF0777686A9315438,262353945,0
0x80CBE16dF42EcCE32120ca94DD05486f21eBe3f6,258654410,0
0x367947A84D47F9722f043042bb6b0E7b3369eCea,258186511,0
0x997459d8d3AF62Da06eA298c02C0663FA282d3a8,253904188,0
0x16D53d14E2DB40aBB2dAF92492030c7100e1B373,233406285,0
0xdDaC453752D47b531FEB41e841b95305Fd01A41C,231277548,0
0x91eBd60b4457A393F70779Ba20EbBA0550e473dE,219971976,0
0x718d16fE64133b6E7649cEe5D5C1a7c456e1Af58,213711637,0
0xfc427d3112cCEF24DcE7FdA59238aCECa2B8105a,206301576,0
0xbA47cac45Ac62c5ffCE4f83Cf8e13013851A6b33,205313921,0
0xA43959995215264Af98D2307D6a5d4D46059328D,181950260,0
0xA2613291800E96E7032943d128F31DF5bcBC079D,175142161,0
0x8d9788c4dc0F5D97445751D8261346A1ceaa7Ac4,171991494,0
0x85296D0d73d8770776e44DEb8cE1f86586356f6B,165655584,0
0xb8504da8729f91ff7b374826eB3ec6adC82DBa69,149181226,0
0xDB19D3186Ea32001F6F16867D5D31a39BbA139Be,143154113,0
0xC4A145c3057480034D19A93616645E864B1c52F1,139845785,0
0x5238F267a2aEbc4765BcE4C0eFfde4BC4F21134b,138342951,0
0xf5018a6Ae6E26581FE779b5b51fe5f994C20A0e4,124744250,0
0xb7D4cc582BF137166E1499960754d32558e18440,117314448,0
0x463870A4246CA08Dc2893696a60363092720c6f0,104779601,0
0x6942BD2E057e2290bDD946E5F7A24aF66213Df71,88998374,0
0xc63d3DFBF50EF3f103aE571a962E50e3Ae8Be33C,78725146,0
0xF2CA1889D979A3B1cCfAA6c1B5C49944c4058E9a,77273315,0
0xD57BCa61d6Eafa90e01e259d2ddA9c2d12c91280,65094686,0
0x196E5096B874c46Cd279C75a048A7cfeC26C0F6E,52096188,0
0x0511d4911BC97600c220a785f67A914430892cBe,51715548,0
0xcFBC7a31d13f0B8C5e1Fb70105281F2956FDF7cb,50577736,0
0x08b5d371709A431ac8FB7C8eCB3F09f9AFdB087D,50116760,0
0xb4824F548599daB98130c7946693C92B4BbC58B3,43959718,0
0x512E3Eb472D53Df71Db0252cb8dccD25cd05E9e9,38658500,0
0x7788E35CB54DD069edBa00dbc2c4F494B159ecC7,29680282,0
0x0D190Ff301D4B1E8F754B414327c0D1d22D7C94f,23867665,0
0x8703F13c6EB81C407a27a8Da089774dFAd8cf68e,20076992,0
0xb4CcF6791e4759f9E0b455DC333Abe9b5dF93687,12489858,0
0xD18d0a6D2f8298CADEa203160279bEC5F1dE3a98,7932278,0
0xD3FE68d8B606205EDDcE2D9a6e5839e82Ecb24EB,4004450,0
0x4bB3C6b7D26e51627f7D759A4A255C234D59412E,2815395,0
0xADcf895B1774916848E28aB755299bF2E4CB9cEC,1003778,0
0xe604C054B0539A343CCaFCDdc55691F559D7c66A,1003343,0
0x520dFF49CD2C6d42A28F66b66f7F587A993054F5,948976,0
0xF5eC52eA33d244C5eE5B7BfC5E2E0bb35A067d62,758028,0
0xFc472e8A18E12Cb195DD2A3112109b996367feA8,695463,0
0x7C85488B33949f1EEBfe8c77bEA74fB27B43005B,325043,0
0xcdaa7494c029833781C5957229243b3E4Ea5072D,2,0
0xfe2b0F2Ed59D70DAAcd5D9ed3ACbA6AD97d73421,2,0
0x0c313A5d3f29aeB8a28D66f69b873edC117f2450,2,0
0x0e9f75AC1fF509c3E6d9DA6e55CEd123fBF95532,2,0
0x84940720Bb6AA5241a41c686A2D3F80f9EfF745f,2,0
0x60CdA0928851B6Fc181ed009A235D3BE0379A988,2,0
0xc47407649bf1C2Dd948eE4E39EF5AE3af983D2AC,2,0
0xc9be9069F1fD43b82145Fa8709050D52d803E81a,2,0
0xf5dF12a90E6911e9f591cA1d721172aB2A135912,2,0
0xC1A537b51db8D328e9DE79dDaf45DDaf5A7E0D7B,2,0
0xdA587ACEACd9c0FC78a029caE400fbae92bDf577,1,0
0x07C3053096E11884F66c1b8cBa41BD0834F5Cec6,1,0
0xe81F8F98ae7d42e2dc28DEa4302aaf62c6A5de02,1,0
0x6E605C05dB60E12380009F857ADb0C1A88AbeAdD,1,0
0x3Af0f49Ae5accCEec4289aD7DF477409b248B529,1,0
0x4F5FE8DA30C1c11fE537730940CeD62AC37Ea371,1,0
0x630360cc099D66B54592b8071Bd3B01E4a517382,1,0
0x9800C577732674912A22AE4D349142Bc491b7cdf,1,0
0x965153A45891b1e9aB66C6E22f801165E52f8d15,1,0
0x0EEcbe79B72afD9F728914B0a8F84e163908b7F2,1,0
0x071FCdd8F8Dbab01B864E2ABD3D53C55EDB86FB8,1,0
0xF05900c980c0B954bD14e5d4886BB1B77700Cf6c,1,0
0x7522d67674151DDb4F71119c3f7e623aed95AFdc,1,0
0x073941CC6b7e7c44EDD5626Eb3120DcDe8C2d098,1,0
0x3B6472223E9464c04bA29EDF90D35195a3C640d4,1,0
0xD6dA5b97151c2fea9CcF11287985A21304A521A1,1,0
0x69207c0C67e9915Bcf49ec008E1cCeB10A4d43Eb,1,0
0x3f95a0D7b6d5ed0b81eD85C7B1fBF0Ad776c2416,1,0
0x25f91129e99A3aab80Bed023B06f5987E39b0b96,1,0
0xcB327Ef905D7da8cb8EAc392707a551ac7705f6F,1,0
0xB62cE87B2e18a3c85666Da2a7970032f433D843F,1,0
0xfBF38166B57e82D81cC6090Cec1584e327a066D7,1,0
0x544845005e42fE00a3C0E9735EEEC25Aa068b428,1,0
0x326F03224Bf03C94286a43951Cb8552D6dF20B29,1,0
0x3A5955A0c428Ed1cC64061b078aB39e5c6C272f5,1,0
0x9De8E4AFC587a8ce091C04640987C6a3aabD934A,1,0
0x4a35e2B7D1A23fd41317E77b65150f87AAdfF70d,1,0
0x0fc1dB91dc0A3ff2A47c7D6985C6A146855f262a,1,0
0x8590F867513155Ee6F4ad1B5A38CCF5c8e38a9FD,1,0
0xfB0bdb768463Ef871e52cf3DDE1fc1594027c7eb,1,0
0x6de96fe55924AF3042f218845a39FDc77d6c25fe,1,0
0x27424206102D9087EeD23764bC939411B0dAd02B,1,0
0xc5d6E9cA11b1029Cee37C68f3Dc3A1BE93ab6fA4,1,0
0x36D1c39e212eE67705EE83b575F8E783c0693434,1,0
0x959D346CbbFaecA49d478A64Dc3AA318C1e03B6b,1,0
0x76d0e3aF2B10f392c744f36b1887ed570405e1F3,1,0
0xb0487bdc8BE66895Eb1508062c73d14Bb18A88Ca,1,0
0xB6EC4F8feDD5299aaB1c425D330033c3f6d7a006,1,0
0xD8b1d41A77f12Bb972Ead1b4c3503693F1Cd0560,1,0
0xB7e9722F6B77EBd6582EF54d410ef7227DD6a7d4,1,0
0xa309734d0fc1a3a65454D60C1142B644db9C809c,1,0
0x3eBa160b057AbD2632DE1dd4102a66710303516C,1,0
0xE852267E5Dd4eDE3B7631cd2f079c12225e4E4d9,1,0
0xFB74d9B6f8439E391aa30AaEC7F98C44243dF229,1,0
0xb5649D6F9F007adf2D11cD2462B1419611ee1dd4,1,0
0xDb8aA7376b32973A72A0a1AD5EAcBd3826EC9265,1,0
0x3ddDB9398eBF245a4022Ebd1dFdc7fE8B3Cb5053,1,0
0x5bDe0e06fD44BE433a445a55c8fBd21A91DB2A0e,1,0
0xF9387e10Fa31b979D908115570439AdBC88DfFf4,1,0
0x16C5d7862f5E42B578c5B86bDF1F3887Fdc0F412,1,0
0xeC99EDFfbC42be78Fc56C0636E69e65e5cCaD09d,1,0
0x07C78AbC0fC9bC8D4D5E1f6B6463ca8131258f45,1,0
0xe8976fF7Dc32a1690f5dA328059158983DeA38B0,1,0
0xA9d9420d3376E7ecc868ac4BB23527d7ebC4f395,1,0
0xb6321C5E3D0A97B8d4218BC15Ec95bD8D1F7d639,1,0
0x065C84641EE62d032ea5F20C49d59817C87A2747,1,0
0x851a728eC012FF021005D9403c2F6d3200b9D70e,1,0
0xF986678318FcCF839F4b1Fa3A522C84234FC4495,1,0
0xA3a21aB1339E84Ec739fAe58325d87a3a609365f,1,0
0x33B1e952e1608BAC68719d8AaDf8181085441a9F,1,0
0xD3603537B446d4B85b23493b87300409b2182E15,1,0
0xE15c5bac1A48e6DC70E087Ac95e7bDE377c88839,1,0
0xac72E976bEb44B9a57Db99CFbBDFd82E7e3C7483,1,0
0xCDe0321b67CBe60105B0378952Dc2c7cA6FF232D,1,0
0xbF0E349f369c8547Fc959FED2c313A06F30AfB77,1,0
0xAee292935b5ad8d762969D2CbA931A3928dC753A,1,0
0x4AC9421D71a21ADE9Eb457a67541e27Ed6Fb95c3,1,0
0x71Ed77D0a7AeD172652923e25B792B83aee74994,1,0
0xa6394b8029d83eD9568935c819C4980FA8C42906,1,0
0x62C4eB51397cA3906475249A1DC8d8aD351F0B09,1,0
0x3B03cD3aD31E5DfE58a02d1e18e6683f0B84fFdA,1,0
0x039774754cb19A00BEB97049AC12E4dF9DCD85e4,1,0
0x5f6A3B39d1b58E6947e7A5d225cD7d03dc03e70E,1,0
0x5EFf0abd2d320dafCb34981fC3486E8a1dC9a348,1,0
0x090E1Fdc0CB866317751F0621884a203a8d797aa,1,0
0x05Aa4ED529C5071b4c2534e669e8A2E0fb70eB6C,1,0
0x3038428B55E18346b43c36ACc98eE6bA61B4a6c8,1,0
0x982652447F2bA11E33558AD53BDa7fb38f33b520,1,0
0x88bf5A2E82510847E5dcBF33F44A9F611F1C1dF5,1,0
0x3E4FAD84C660B1E2fA1Ea3A17aA4ebF86c774eE1,1,0
0xB3160404ca9581784b3dec9e85bcd354397B8C72,1,0
0xAA490E13aE4811fBa48996c48F1693e63Bd0f0F4,1,0
0x66D6C354fd6794e07F3AAE2ee4c90cA7630BC63d,1,0
0x281405246DA3BBfB95B44828eeDc0b553CCf59ea,1,0
0x7dec7d0Bb9f27988c005B0fe6e9FD88b22250F08,1,0
0xE4219A27005e1E902a6e62D144FE2A8aE1509081,1,0
0x53B907D7Ff32408A4Cc3cCcFE8fED1F8665C5888,1,0
0x90081dB402e7386C58C1f184f73Fb924e113F122,1,0
0x3d4134958B5741F367c48365600a868d031805D7,1,0
0x82D235f53f18560B4Df593870E3Bf7984331d58D,1,0
0xE795b6E504Dbdc09593631348fE7C0428B697155,1,0
0x5426f039c05B65dba6Ce6E775F1bc24cD057e51A,1,0
0x331aD10258B6C3c0A0515d483698f6ED1758aF72,1,0
0x9E9b562db75518E58604BE2eA6d43973646bE43E,1,0
0x4c1BB7635d7ceCa02FF8121A737bf4aE6DCf45F1,1,0
0x53d98d7cf2E3d03Ef031fDEC197792d0c713303d,1,0
0xB42D408B52D0A9e2C1408031C3451bdCa81B069A,1,0
0xA309e549A70F2Aa1b6A403b5364E00517a645EaD,1,0
0xcFc7B27c99Ba0786894C5E4a02F4507d343948D7,1,0
0x2E604e03d0b90E8aA058Bb8bb6313e749606832c,1,0
0x5bEe7135d309838166e62aCd74Db73ffb1D417c5,1,0
0xDdA053222d47f7dE64861A7DB7FCf760F5E4Dfd0,1,0
0x7118AcF304b6673D609250850f7392a7c5276221,1,0
0xfA91E2F6245c5C2c3151747EA551c5E3C6a6a198,1,0
0x5C30926ac0d29D0519e0A01f1F028Cb87555DD69,1,0
0x5DC631F244FD8BCf5Bb61C6dB0E9994E2b4Aa69C,1,0
0x21d7a1A909620AB6aA7BbC82451A40aE74631A67,1,0
0xcD55923C253c0177172911f2f7BA9E5F7073F4bF,1,0
0x6b4D8F3e385eF39b08859b8c50b31093c5387884,1,0
0x0F0f22842625dBbe3281b81f30b659621197eC1b,1,0
0xf1B4aA2e2658aCfbEc8C5132137c7fb878c509AE,1,0
0x20216577f78eE7D6d5b2b962C744a950efc77437,1,0
0x7cEDd095720977891BEDe59f2d6A5d6b2c4bFFFA,1,0
0x6d860b9431257BEE012848D1843AAd1a7d1205fC,1,0
0xc18792AC0D58244c5C72e6B194004B7Bc4420A17,1,0
0xBc05a906dBE32E01ecD189348ACa5FFb393bC82B,1,0
0x2f2d3C20427598D2f53Bd2c1DfFFe2C4Ba744D32,1,0
0x88D7D41e29612b643c445983C988D447d8Ca37bc,1,0
0x98e5D5926207c5F3A93D3961C6Fd36886aE85bc8,1,0
0x5181Cdf1bB20dA04bA788F82989F29E65B67314A,1,0
0x4e81276E61dB7fddd1001EbD6EcBFA28E06A2136,1,0
0xC124BC8dd4D89a3AE6b1EE6b82cA40ec5A426C46,1,0
0xad44bC7014aFB024e46942F804B261f799c5A685,1,0
0x7f04Eb7bA1A3a05f6CB1100DD0173D68af94a728,1,0
0x750C3410aD82B235150E3E43AC70b1004e1E14c7,1,0
0x8E4dD80ac6fdeE8343866f622BaCB1B1F88a250b,1,0
0xeb6f15A7DD70924F1c082e37014669aC0E0FA864,1,0
0x283125B8DBa28469eEb4bAE5E1AcFE44Df9d101a,1,0
0x7059ca50A39B0119F8D0EeCBA04809685974a3EA,1,0
0x533a04903DADe8B86cC01FCb29204d273fc9f9B9,1,0
0x22a8490d883Ca52e22d916F7f6E4A33374aD356D,1,0
0x9b04EA8897DfA0a817403ACACcDb24df019c7085,1,0
0xEBE2aCa35088682DB08149E296281118FF6026D7,1,0