0xe2546b144efc3f8bd85d84b6ca64cc4f033c9be1,84847467999496380,84847467999496380
0xa96e4bb2ad4233822d8b64c511a7359d4bc55617,2349975753677,2349975753677
0x097ae25655d7a0cb90806304fd7908b1f5d3a9bc,418109621782,418109621782
0xb0b215d519d9c48ebf0211c38ee3517e5136606d,296842016712,296842016712
0x25150ae86241d8128edda5039c0fff7762d62f90,247995612598,247995612598
0x59321390d5db0df2aa7d5cbc9e0cc057b796da34,230688392604,230688392604
0x36fccc07514716534102ca6ceab2942b0a90ef51,200189829053,200189829053
0x068de4124693f7392b702b3483ac1e392e7d444b,181272121432,181272121432
0xc372d9ca3289fc57fa538dfe46e236d67754edee,99738906698,99738906698
0xcb13801444b2d1710f46a3d4136b4f0fd4f96d6d,87308622446,87308622446
0x556031489a43d43b7b154947547a18ec7e0866e9,82359001344,82359001344
0x2baad90a0e32ad9fcd46531905aff1e0b8d09cb7,77203008315,77203008315
0x33d3e5bff38df9d7d20775e8dec14127e91a65d5,71340821455,71340821455
0x940fd4a6c69e448d41ad9e68c258f238c61968cb,64647918579,64647918579
0x72cba65d0ecad3821d2ed3f04b8211fb6e5526f2,64563437049,64563437049
0xf8db92849a289f483b5923a03761c18bb269192e,55014069166,55014069166
0x730faef9cd43809e524e33826bd09f1a601287e2,53645381261,53645381261
0x789a9fe9d50ecf6f16022b93ba90b65a4a04bf5d,51050726208,51050726208
0x639090cdd215010fe54c36a49bbd1604f034e1d4,49519966131,49519966131
0xca72c93172ba6eff168e59e7f17c3c7a8fea9b62,45358743098,45358743098
0xc4ea203e2eb096c4d949b9a64a5d49c0a8a1d8b3,45064779111,45064779111
0xd8eb42b7bf0f4c0033243d83bb3ea13a6cde3ea1,43560498845,43560498845
0x343af67ff2e730bec550d60dfae630e56284bb0c,41186479567,41186479567
0xe4270ebe6e75dc28d40fa58635b53eab945b24a7,37204784399,37204784399
0x5bc8e51804f53cc0a1041d2359379b249db9e0f0,35871408492,35871408492
0x7a1537108c931b778969c595aba18a8db1979381,35228854973,35228854973
0x9d458d056ceedca9c7b7d71a093cad9e54f1d14d,33667232043,33667232043
0x2527db863d06f4afe9c873d17ca18a8f662cf592,32795540648,32795540648
0x2fe38e3638ea40f7d9f32865ea1f09369753ee0d,32423976202,32423976202
0xeb6f15a7dd70924f1c082e37014669ac0e0fa864,31263210153,31263210153
0x0e7fe94f7b5724667045383a7b837d10ca171c4f,30026843395,30026843395
0xb5525a3052438df842c36a413ef4771661f68d7c,29187675650,29187675650
0x0ef791a46380a148ebd509a07766e53a21a1bef1,27460715488,27460715488
0xeffe60ec0bd219760eb40e8b810c54dd2eddc351,27368116331,27368116331
0xe5b9375236e7dca6d1213d37918880bdc3c41754,25122857658,25122857658
0x45b4f1d285e750e60408496459153e41af174be4,24036358363,24036358363
0xf248e3a38bbbfa1a20fc6fcccb0a35af3e51d642,23789049231,23789049231
0x12a072d3349bc6c7160a7bf5227c6a8afd80f14f,23680835697,23680835697
0x1b772387d2401e94466c4d21cc5c126592695da4,23673189193,23673189193
0x5b47842e7b628564415f93950803b14ac60bebb1,23504608612,23504608612
0x10c60f4fa67f4fa329c0573cd8e6e0e4eec52fa8,23427805514,23427805514
0x8382f1fcbd13bf35fa60ede0e4ef1cb48e77b461,22945605916,22945605916
0x1a520e3c3ffdc3c59958f7a11c5e18921808b02f,22901737332,22901737332
0xeaeb358c0e6cc131d903c8b0da8bd45d922d2fa7,22855869387,22855869387
0x370bba8d4454e948f8c0897e23741f4bfeb43b41,22499127850,22499127850
0xf6268a4490995eec09de097a7279e592992ab03d,22456411252,22456411252
0xadad91fff86d2353814b8739f7b40660f0e776ed,22328877638,22328877638
0x6162904cd890afb2a22f49c3f0749495baac7ea5,21667916561,21667916561
0x929f5b2f13ea216c6b58da12da365b90c7731bd2,21344651759,21344651759
0x57448f96d5f2932a149b484a8bf81af05f26091f,20842603450,20842603450
0xf733185197c0203d2bb7a5b87fdd9f3c066028f4,20617964270,20617964270
0xb2fdb7b3773dfe1cc43cd15964acd2dcd210f8b2,18974881039,18974881039
0xb68df9ddf70bd83d3b9a98df99b0b7244c6a90d3,18415648810,18415648810
0xa522048f3084d25cddb5b7bba83374272322eb61,17082482652,17082482652
0x772b8a2df2a19df3583f5c8af40890a8cbacff35,16880257800,16880257800
0x48054eb5b961fe8460b1cd43f71f9b3593b76049,16179192790,16179192790
0x55af340bb94558347fe0b6051a815cdc973ab5e5,15620563462,15620563462
0x0f1f63b6e262cb406ace6e9267ac4f8e156ba7fe,14895907857,14895907857
0xd91b9c10e49b8849909cde06ff258c7ac0d21f81,14289035866,14289035866
0x6d1dc634d20268649e1eb6b207960fbc76e57dd7,13703371251,13703371251
0x1fc6aa821a1335b66c6c2bfec8fe3486f6ce1763,13647842472,13647842472
0x97eda3c9f1e4c7ef743b552ab687aa49fca804c0,13339390909,13339390909
0xf6b075b0b174009dd239dacc93b29640f6bfba16,12356801958,12356801958
0xfab58e16432f7898e4d8607f76dc4e837410d55f,12063080053,12063080053
0xe9190c00dded1544e519567a6199ec069df78482,12003225068,12003225068
0x14797484b310253d1f22cd8c056cb8c688037337,11895198696,11895198696
0x125fd6ed0083fb19a11079d0711f09b56e198785,11685013972,11685013972
0xd0b00c0f72da66c5a67e9c5dbec51b165361f5cd,11664471790,11664471790
0x264bcea8b20a16889a80df316f4a7c449e90eced,11439193016,11439193016
0xf9f1637b402f705c455358bb74dc1d90571cc16d,11217664347,11217664347
0xb0e196ef75882b9542caee70a0a6165a63d660e2,11094027275,11094027275
0x2b96f01bd7776840ee047cdf1ea30b567ed69697,10899883626,10899883626
0x28d8d5350223529d9db8cbc76682babcae086272,10663359992,10663359992
0xb5ad9830121806c698e8f533a106b8f37d3c1332,10525669285,10525669285
0x6962a97d8ba5189dd8fb8e56f2c5b10ea6d1f513,10147574270,10147574270
0x6e3e113739987efd86cf56cb983e8ad76925cd40,9980768765,9980768765
0xd8eee7455be7c68d386d32453f16e4b28acfca54,9820482378,9820482378
0xa628143f0292b7f4d4ba644414c57ee4003b79ff,9482314877,9482314877
0x2f17a488af3e55079eb8587cfb60be73bc0fc785,8626703233,8626703233
0x6a509ff1f4d011f3dc023370d9c0f55f0c1870db,8329475414,8329475414
0x016499d4330bb050aaa51394463aab04f1cb3b38,8117944385,8117944385
0x68299d3d39c939a7ccfed0c5e3ccde7651b08604,7777978135,7777978135
0xa49fd046444fb7d0735870091b90aaf388e6b882,7700004831,7700004831
0x31f69ead6b27adac08dd060e67d3d8ecf5118326,7664986199,7664986199
0x272fb300717a9f7e0215afe22595af5cbfa58591,7579643648,7579643648
0xf40d1f282235141324e53fef11d640498f07533d,7443132494,7443132494
0xd8af5716f807d7f98114f554d5eb69be1def32cb,7303554394,7303554394
0x5afb910589569ae5ee0ac29cde4d2b340a86fd43,6920140914,6920140914
0x70adbd23f1f890c98a0dcb3552deb5491690b1df,6674863702,6674863702
0xdb93bb3aefc01c3a9964f58bfaa1c327c1b10afe,6669764034,6669764034
0xa0e300039e88fe3c3d49755a77cc7db881b3cea6,6627025236,6627025236
0xe2bc19c6526ce073586f53962bb55e9440e7bc68,6578861453,6578861453
0xfe6b17f148d2b069fe4c299780b9d3231cdfff1a,6514717318,6514717318
0x53064edfe9e4184f27a9a4ca487f75fec4d2152f,6214189980,6214189980
0x082e6e6a98df7301d5543ecd3b8cfdd6c9ac0b07,6054507777,6054507777
0xd0dc07b98769f23a7bdbef15a35faa256cb65dcf,6036079538,6036079538
0xf38512c58c8ff43e2bd473ee6380976cfd256a02,5981095482,5981095482
0x0ca4b20137296ba4f050ab58ddd0ab819fb6e923,5678667430,5678667430
0x3a6e6d45d2aae61066511e1d34e079984867620e,5543262245,5543262245
0x655a6229863a5b168f3ca398f390d25b9acab8a1,5508068514,5508068514
0x956b72fee80e34cb3571854f97ed1e49949d2b17,5508068513,5508068513
0x93c4892491297448888b2f8449c20eb9ca1ee4dc,5500058498,5500058498
0x6f8936b2466aa240637df3b1d2f6566a1d94faa9,5477235382,5477235382
0x5658906351368362351fac485b8d741ef6c4f5ca,5438407112,5438407112
0xbcbe25cc35e15d4128170b66d94642d4fd9d96ee,5346437901,5346437901
0xa2e347305d28c106f9aceb9fbd9e1f5c462ad6a9,5201888048,5201888048
0x61613253b7833792dbf255d4deb85be35855089f,5087680486,5087680486
0x40e77368203d39a9e75a409814603d29aa89373e,5056607893,5056607893
0xb9b9eadbdab25754a36dc176c34e6519e9b7ff3f,5017383867,5017383867
0x1f2d45e9db57eb2d4857ba5c80c7d5a66b851532,4661804606,4661804606
0x7949ed1b419126e201abe404a65a226e2d5dc6d4,4627742973,4627742973
0x16a764a785c8194db9a150e85429f8655bc5e2d7,4562943375,4562943375
0x5ab341606055f9ce4c5208d866fe43fecd7a4665,4447099280,4447099280
0x1bb6a58c45118a4d55d78404a9ae76437c75e487,4419414451,4419414451
0x57bb1dae13b546a8ff54c6c17e1eec930a4ee73b,3930992340,3930992340
0x0d3c1c76dd4bb262dacca98d270df1d70e259e07,3921012708,3921012708
0x291ff585721514bd26a369099779d3d7013ee5bb,3917488220,3917488220
0xffedcdac8ba51be3101607fab1b44462c3015fb0,3846037039,3846037039
0x08c8c9d650cf928e5ace742f29a7ad6861c49896,3678305628,3678305628
0xcd209ba8d53608acb3dc6b792f1de39e2d248f96,3427249852,3427249852
0x9f4e83963f365efd197e339f6e6ceda790b1922d,3399283707,3399283707
0xb0ca67f625630b7cfe20b6797d59b47e25441d8f,3345142043,3345142043
0x1af9967fdd75bdc18cd41572d91c1be53e8599a9,3160237052,3160237052
0xee531b1c94755db9d8d169036f682c4a8ad90a4e,3096173877,3096173877
0x2b0b8aadb9b16465a0cf526b63adea97a4f45e54,3091698419,3091698419
0x297e407bca8be9cb5a51984b10e8235fc6be94d6,3051650205,3051650205
0x3b2ccdee638a4f8f5f2972f7c84d85cee97362a8,3010655881,3010655881
0xe87a10d5b212d169ccbc9a50cf5e23dd3da27cb6,2942461533,2942461533
0xbf58d1ccd02739037df882e64cd1a7387f583899,2869493067,2869493067
0xebdd48285e35ed0af7aadd00156cd4ddb2424770,2821825149,2821825149
0x5125b9af7dcc39f7828df0f750131eb89324588e,2765647044,2765647044
0x71b5860287618f28b006257cb1a4448f73d67c3b,2724544903,2724544903
0xddf07ae0c854ed58cf04158f4aaf08308984895a,2658773979,2658773979
0x65ba9dee96814c328efa065d1a4753d141380a42,2636381137,2636381137
0xec96de793936c7ce5e747a4eaa8764f798bb6d91,2481783526,2481783526
0xe9b189a8fe7f6b1adae06923c33526e31364a142,2472425433,2472425433
0x8f7ef2460ab2271d75cfa4793fac120d167ee927,2460060586,2460060586
0x51248797c07b1d3becddd9411b57a03cbc7821f2,2376791401,2376791401
0x93b4166be325606ac1fb90ff7e8b2778288a9b0c,2302938511,2302938511
0x512e3eb472d53df71db0252cb8dccd25cd05e9e9,2245831753,2245831753
0x8a3564f5c8cfb4bdb30a05cd76b0b1bd84a0629a,2192210272,2192210272
0xf53e63c6016c9564d55f30e29f917edc2006ee6c,2185860165,2185860165
0x0c1cf126b17c3c34cef8c009809656f2202285fe,2119578664,2119578664
0xe8d81a5cedde5e406a0790a11275202bc9804339,1962865013,1962865013
0x4bd54191dde60211e8812514f3bba711cd53d7c9,1951989941,1951989941
0xeac52c518688110a5d45c4d886188f56029bb6e0,1848339824,1848339824
0x3dbea5a73c75970fefe0d02a091979ef81e2562c,1831262111,1831262111
0xa52e999d31bc104a375b0e201a7a321e746fbbd2,1828373229,1828373229
0xa5b06e9d831df7f5920f40ba1b033ce06bfd26ad,1812170837,1812170837
0x37e4b267d88f70edbe1aeea2990240419e6b3b2c,1802306545,1802306545
0x748c8d2a3656c3f37154c462994fc9505d62ca75,1633043964,1633043964
0x37799055049a0f89e64e9eb6445d80235121672c,1609761373,1609761373
0x078638ec32c69fea8a702beff0777686a9315438,1547032427,1547032427
0xcf002f4941c728d96cc9262e98fbe7998a65e545,1480764135,1480764135
0x9753dc0c13b3685833756a3cb0006d5ef3e78458,1476970620,1476970620
0x70361cb0b03de5edaa616dfac71c427b61850230,1416255218,1416255218
0x934c44b813dc4c9ca08d5fd0d5190447dcadeb51,1378975788,1378975788
0xb38fbd055d42e09a77e18aed3967aa4d60952ba9,1349027141,1349027141
0xfb423c4460f2f7cddf3bf6db49dc4827af445c12,1325676405,1325676405
0xaf1d27eac3777efa9e240688c5ade06907b7f206,1323508430,1323508430
0x6454469291637e3044af09f7207ff50b9ca3c023,1313627224,1313627224
0x8c22715021187ee54a651208501c0eb975839c86,1276974475,1276974475
0x3b63119828aec7627f93bff16a69da615e798429,1220918370,1220918370
0xba47cac45ac62c5ffce4f83cf8e13013851a6b33,1210682360,1210682360
0xbe2e7a9d2914ebffe7439425270a94503e7e387e,1198604782,1198604782
0x9e19c037576681373a51a565d01dbcd933a5625e,1146791443,1146791443
0x23698ef742b0d27fcd092917678e18f5b9b7fbcb,1110904408,1110904408
0xf8786d88b13280bb1b7420078049b74e5cc5e546,1097755443,1097755443
0x7750482d5d8ea1fbc3d4aa6fec6631535b11c981,1075078125,1075078125
0x8d9788c4dc0f5d97445751d8261346a1ceaa7ac4,1014188748,1014188748
0x19a01087deb97f1e8a3d1a2b656188614ace2f51,987610814,987610814
0x85296d0d73d8770776e44deb8ce1f86586356f6b,976827543,976827543
0xb2e13b37c5227acd82d02c4cc76d86b85bddad49,943726966,943726966
0x44d19f3da0fcb4b4dd4baaad77ad35e962f6b921,885129986,885129986
0xe893976e58ae94d0f98a482be8e214c54f92159d,858131216,858131216
0xfa38e7971f4e7fd3d476cbe083eab274941ca8be,853899742,853899742
0xaa97596be166ab6738b47ece6db2d8d85666c3f6,842955194,842955194
0xc4a145c3057480034d19a93616645e864b1c52f1,824633931,824633931
0x0e49628c33f3a031424782250ad74190dd68b720,820872132,820872132
0x2aecc9b680ea3011a073e2e4640365bb396da2d2,803341239,803341239
0xd9c5f60b11b36e2677d392593f920c35dac73686,758004454,758004454
0xbdf91b666dc37e9f6d28abc77091323ca10d7830,712761620,712761620
0xa1dc437005516418cbeb2aaa015573345f637317,676377878,676377878
0x5786b05e3b7ee260c766d4110a76d93598b6af16,649823750,649823750
0x37f80255a17b1cba0b1954fb1c105dfdc8ad7f25,642207470,642207470
0x255be6d417d25d553414fb9608ef6303af9eb771,639691094,639691094
0x1432c782b837a63b0ee0b6c1168ce0c0ef520840,613194100,613194100
0xce29cec7552ab3c9cf5264ed96081c2804c3ef07,599640410,599640410
0x2885d3b69c5b2bdafb4c6a61a08c1d3b7e7d98b9,588941573,588941573
0x29054b4556c59263aa556cb7c3581bfb919e18fb,530436908,530436908
0xd2bc3f00f8b5dd1159708ada58b42a2b3adb1eea,530345093,530345093
0xceae4043d3d2e1e75e8a5fe16bab7176ea9d035c,505639084,505639084
0x4712bb91d9c959a5b7fc6d336a1bf2e96772a103,505023581,505023581
0x5249b2cedd34f3a66aa4aa1d61cc010f5dccfd09,482976595,482976595
0x222fef05edae561512a2a885c0f799c1da866c38,471646097,471646097
0xaaaaa09d375924eb07f358192d863b6bf614e430,464082281,464082281
0xfdad238533654a68fa6f339237415392a97375ad,458312283,458312283
0xf2ca1889d979a3b1ccfaa6c1b5c49944c4058e9a,455660482,455660482
0xa7801893062698777ce88bef086f886e24a22350,420751947,420751947
0xd874387ebb001a6b0bea98072f8de05f8965e51e,419349046,419349046
0xad44bc7014afb024e46942f804b261f799c5a685,405065446,405065446
0xd57bca61d6eafa90e01e259d2dda9c2d12c91280,383846301,383846301
0x204493e5f08d9e00eb1470e120f01b530fb2983a,371378372,371378372
0xc67505621eae3aa54a12db52a6d101a3abf2365c,351541506,351541506
0xa22c04fe5d5c2927bbd36a9106a686219d01a01c,350501398,350501398
0x96b0060f2a45e7b9d4a56348f1042b06b7fd87cc,349666813,349666813
0xe6496a7be029238c4b579b1f5f7ac7024e895946,333046650,333046650
0x196e5096b874c46cd279c75a048a7cfec26c0f6e,307197564,307197564
0x0511d4911bc97600c220a785f67a914430892cbe,304953030,304953030
0xcfbc7a31d13f0b8c5e1fb70105281f2956fdf7cb,298243648,298243648
0xebc93e5bd55487cf76343e1efb9a1f846a10f8c2,290885424,290885424
0xa961da5d129aa0f191b7643a7b5edc0188d393f8,277488643,277488643
0x3bf5616a2336bc63a6182c631a98028070c96efb,259613112,259613112
0xdb5ee516b26f70739ec1a18b155ace18a1168d00,257914417,257914417
0x30c5f56f618d28c7ae66be74391ce7a1d04416e9,234458565,234458565
0x0eb114f0f347f9930130cadf97a3dc885c2d0177,214562707,214562707
0xd4c6da1b390d90c27a4186a03e9380261754fb35,205899809,205899809
0x3c64ff607f3e0cc1a56f9c09cea1a110c6cf887a,195851285,195851285
0x7788e35cb54dd069edba00dbc2c4f494b159ecc7,175016844,175016844
0xec31c19e74c12d16f18c6e0338f6e86e07f3f85b,166723390,166723390
0x2239ff85f256b0ad09502e6b757ad4c0a747a899,165664809,165664809
0xe7f8ba24aad7597722b9208f551c86b726ad6319,157832973,157832973
0xa8758da380b291dd3ae45e66f5956b6c361e1ee7,156652477,156652477
0x6da3471c674fbafd2fc8c0fda8895219ceb3bb77,153741527,153741527
0xbe6440ec8ea787be23999f9906fac97f12b771ac,140785398,140785398
0x0d190ff301d4b1e8f754b414327c0d1d22d7c94f,140741367,140741367
0xb307d426a34a72a94b32bca5c5f0c8b36440fa80,134611022,134611022
0xcbd4a0027dc42189f740512dd3136468ecfdcf8a,126787474,126787474
0x8703f13c6eb81c407a27a8da089774dfad8cf68e,118388757,118388757
0xcd005bc251406949112f82bf7cfd27c26c39bec4,110400591,110400591
0x668006edf7aa652834d64dc0039f3bb8bf56d7d3,109063697,109063697
0xd0a6387b5327929822f40451420bc5d3a29f55cd,94984074,94984074
0x32eb7acbc60eec7101b063da8df148454410a353,89145114,89145114
0xaa7b0a1efd187173dfa168520a9169a956f7c032,82249193,82249193
0xb2cee0977bbb0446b358e0cb3de69e10edc5eda3,82231260,82231260
0x276796eab6e6b78b47f040c08e603b20687959fe,80622913,80622913
0xe8240357ae853adb09d311aff07b26563aab6720,79351185,79351185
0xb4ccf6791e4759f9e0b455dc333abe9b5df93687,73649423,73649423
0x51a83ff70f329252415477cd370463dec737fc3e,71415189,71415189
0x0bd74bd83776d3888d196571a2b5adea2d0f169d,63550653,63550653
0xef3149d5d920642d2ec23bee2c769b837a5a05e4,63459779,63459779
0x1769dc4ae9ed3b99b04a011f034982acdaea3e13,60731276,60731276
0x242330cbac3ef69ce1dc41a08d4e308e854130d7,58294094,58294094
0xe67e6c7c4a230818d6c4a3075894f12c8165b4be,51261114,51261114
0x0121560efbe1fa1cd4b41695471cfed28ddaa672,49627460,49627460
0xe329a079aa0b7e1e124d4728a70f3e6d3400cf08,49502422,49502422
0x74089a6aa04a54b8df85c5536d76ded7e5d1953f,48471319,48471319
0xa7f75474431343c72e4b697ba681256c4ca9672b,30801951,30801951
0xc72dedff0716b72d82646a0fdcf037588bf950b6,24344160,24344160
0xd3fe68d8b606205eddce2d9a6e5839e82ecb24eb,23613191,23613191
0x7e690a8a36975cd1ffe2e43821b404f6f7253465,20024039,20024039
0x58c49528f3a318c87a4c1320e74293b3ee003907,18984119,18984119
0xda1f3d1f735bd44c1868872f9a76aec466f84ed8,18662618,18662618
0xeb064cf2c3125a515204c1c64675257a478b2003,17565506,17565506
0x4bb3c6b7d26e51627f7d759a4a255c234d59412e,16601650,16601650
0x5ee8c2080ba639469c19e10705023b089df6db28,14410848,14410848
0x66a5c542f9bff328646bc5450baa9fb95efca1d7,12071200,12071200
0x14602524171f1ff792ce532bed1fb3ac6e2fa9df,11624475,11624475
0xbb4dc2b2bf64d65b51d4a367b4b8ea4f6f15ef1d,6603181,6603181
0xaaa9a569c2e631b4e33e62d044020f21c114f450,6041332,6041332
0xe604c054b0539a343ccafcddc55691f559d7c66a,5916455,5916455
0x3fa890239ac686a73c85109d7a9ae4f0a2650952,5743528,5743528
0x520dff49cd2c6d42a28f66b66f7f587a993054f5,5595868,5595868
0x8c842e95ffb3bd3b0a5c82d52f38f1b122781991,4826169,4826169
0x822c7c735448b8407789819907f1f007b16bb343,4587152,4587152
0xf5ec52ea33d244c5ee5b7bfc5e2e0bb35a067d62,4469892,4469892
0x6add5d04098f52f43e00d3c96b0ddfdb118bbda1,4406765,4406765
0xabe3a5eef45252530b3c0dfa837495f701c8ba11,4212518,4212518
0x578d94356092f21e28d8782fc224f16032560c55,3814275,3814275
0x644be8a25be30a21e2dffeae4fc43937fbcf3efd,3477691,3477691
0x413a85e5b5296927db97b5350aa6e51547130d8b,2583671,2583671
0x7c85488b33949f1eebfe8c77bea74fb27b43005b,1916693,1916693
0xdb8d65b1e82a296a4468a431f02a105f9ff5e662,1267495,1267495
0x98dc5e5b6432bdfae995a09f577a1d8308028b0e,1126512,1126512
0x608ed833d64869a8e35cef85bf921dfb1f4e28ea,572773,572773
0x3f3e869645048f2ddbcd79222bb372133a893b34,479163,479163
0xeb057c509cf30cc45b0f52c8e507ac3cf8e78777,173320,173320
0x9d23eebcf1533269266c7c1addd6e98c860a3399,112134,112134
0x6e114feb55606e016170d97e356880305c6423e8,104979,104979
0x26216293db868f4521dafd627edb97aa01bc8fde,9995,9995
0x29d3bfd3952a24f221bf1bb3410de76baa101f13,684,684
0xf5df12a90e6911e9f591ca1d721172ab2a135912,15,15
0xc9be9069f1fd43b82145fa8709050d52d803e81a,14,14
0xc1a537b51db8d328e9de79ddaf45ddaf5a7e0d7b,14,14
0x0e9f75ac1ff509c3e6d9da6e55ced123fbf95532,13,13
0x60cda0928851b6fc181ed009a235d3be0379a988,13,13
0xfe2b0f2ed59d70daacd5d9ed3acba6ad97d73421,12,12
0x0c313a5d3f29aeb8a28d66f69b873edc117f2450,12,12
0x84940720bb6aa5241a41c686a2d3f80f9eff745f,12,12
0xc47407649bf1c2dd948ee4e39ef5ae3af983d2ac,12,12
0xcdaa7494c029833781c5957229243b3e4ea5072d,11,11
0xcfc7b27c99ba0786894c5e4a02f4507d343948d7,11,11
0xbc05a906dbe32e01ecd189348aca5ffb393bc82b,11,11
0x98e5d5926207c5f3a93d3961c6fd36886ae85bc8,11,11
0xd3603537b446d4b85b23493b87300409b2182e15,10,10
0xe15c5bac1a48e6dc70e087ac95e7bde377c88839,10,10
0x05aa4ed529c5071b4c2534e669e8a2e0fb70eb6c,10,10
0xe4219a27005e1e902a6e62d144fe2a8ae1509081,10,10
0x5c30926ac0d29d0519e0a01f1f028cb87555dd69,10,10
0xc18792ac0d58244c5c72e6b194004b7bc4420a17,10,10
0x750c3410ad82b235150e3e43ac70b1004e1e14c7,10,10
0x283125b8dba28469eeb4bae5e1acfe44df9d101a,10,10
0xf9387e10fa31b979d908115570439adbc88dfff4,9,9
0xf986678318fccf839f4b1fa3a522c84234fc4495,9,9
0xa3a21ab1339e84ec739fae58325d87a3a609365f,9,9
0xaee292935b5ad8d762969d2cba931a3928dc753a,9,9
0x62c4eb51397ca3906475249a1dc8d8ad351f0b09,9,9
0x3b03cd3ad31e5dfe58a02d1e18e6683f0b84ffda,9,9
0x982652447f2ba11e33558ad53bda7fb38f33b520,9,9
0x53b907d7ff32408a4cc3cccfe8fed1f8665c5888,9,9
0x5426f039c05b65dba6ce6e775f1bc24cd057e51a,9,9
0x331ad10258b6c3c0a0515d483698f6ed1758af72,9,9
0x4c1bb7635d7ceca02ff8121a737bf4ae6dcf45f1,9,9
0x5bee7135d309838166e62acd74db73ffb1d417c5,9,9
0x6b4d8f3e385ef39b08859b8c50b31093c5387884,9,9
0x5181cdf1bb20da04ba788f82989f29e65b67314a,9,9
0x533a04903dade8b86cc01fcb29204d273fc9f9b9,9,9
0xb7e9722f6b77ebd6582ef54d410ef7227dd6a7d4,8,8
0xb5649d6f9f007adf2d11cd2462b1419611ee1dd4,8,8
0xdb8aa7376b32973a72a0a1ad5eacbd3826ec9265,8,8
0x16c5d7862f5e42b578c5b86bdf1f3887fdc0f412,8,8
0xa9d9420d3376e7ecc868ac4bb23527d7ebc4f395,8,8
0x851a728ec012ff021005d9403c2f6d3200b9d70e,8,8
0x33b1e952e1608bac68719d8aadf8181085441a9f,8,8
0xac72e976beb44b9a57db99cfbbdfd82e7e3c7483,8,8
0xa6394b8029d83ed9568935c819c4980fa8c42906,8,8
0x039774754cb19a00beb97049ac12e4df9dcd85e4,8,8
0x281405246da3bbfb95b44828eedc0b553ccf59ea,8,8
0x3d4134958b5741f367c48365600a868d031805d7,8,8
0xb42d408b52d0a9e2c1408031c3451bdca81b069a,8,8
0x2e604e03d0b90e8aa058bb8bb6313e749606832c,8,8
0x0f0f22842625dbbe3281b81f30b659621197ec1b,8,8
0x6d860b9431257bee012848d1843aad1a7d1205fc,8,8
0x7f04eb7ba1a3a05f6cb1100dd0173d68af94a728,8,8
0x7059ca50a39b0119f8d0eecba04809685974a3ea,8,8
0x9800c577732674912a22ae4d349142bc491b7cdf,7,7
0xf05900c980c0b954bd14e5d4886bb1b77700cf6c,7,7
0x073941cc6b7e7c44edd5626eb3120dcde8c2d098,7,7
0xd6da5b97151c2fea9ccf11287985a21304a521a1,7,7
0x3f95a0d7b6d5ed0b81ed85c7b1fbf0ad776c2416,7,7
0x544845005e42fe00a3c0e9735eeec25aa068b428,7,7
0x4a35e2b7d1a23fd41317e77b65150f87aadff70d,7,7
0xfb0bdb768463ef871e52cf3dde1fc1594027c7eb,7,7
0x6de96fe55924af3042f218845a39fdc77d6c25fe,7,7
0xc5d6e9ca11b1029cee37c68f3dc3a1be93ab6fa4,7,7
0xb6ec4f8fedd5299aab1c425d330033c3f6d7a006,7,7
0xec99edffbc42be78fc56c0636e69e65e5ccad09d,7,7
0xb6321c5e3d0a97b8d4218bc15ec95bd8d1f7d639,7,7
0x065c84641ee62d032ea5f20c49d59817c87a2747,7,7
0x4ac9421d71a21ade9eb457a67541e27ed6fb95c3,7,7
0x71ed77d0a7aed172652923e25b792b83aee74994,7,7
0x66d6c354fd6794e07f3aae2ee4c90ca7630bc63d,7,7
0xe795b6e504dbdc09593631348fe7c0428b697155,7,7
0x9e9b562db75518e58604be2ea6d43973646be43e,7,7
0x53d98d7cf2e3d03ef031fdec197792d0c713303d,7,7
0xfa91e2f6245c5c2c3151747ea551c5e3c6a6a198,7,7
0xcd55923c253c0177172911f2f7ba9e5f7073f4bf,7,7
0x88d7d41e29612b643c445983c988d447d8ca37bc,7,7
0x9b04ea8897dfa0a817403acaccdb24df019c7085,7,7
0xebe2aca35088682db08149e296281118ff6026d7,7,7
0x07c3053096e11884f66c1b8cba41bd0834f5cec6,6,6
0xe81f8f98ae7d42e2dc28dea4302aaf62c6a5de02,6,6
0x3af0f49ae5accceec4289ad7df477409b248b529,6,6
0x4f5fe8da30c1c11fe537730940ced62ac37ea371,6,6
0x630360cc099d66b54592b8071bd3b01e4a517382,6,6
0x0eecbe79b72afd9f728914b0a8f84e163908b7f2,6,6
0x071fcdd8f8dbab01b864e2abd3d53c55edb86fb8,6,6
0x69207c0c67e9915bcf49ec008e1cceb10a4d43eb,6,6
0x25f91129e99a3aab80bed023b06f5987e39b0b96,6,6
0x326f03224bf03c94286a43951cb8552d6df20b29,6,6
0x3a5955a0c428ed1cc64061b078ab39e5c6c272f5,6,6
0x9de8e4afc587a8ce091c04640987c6a3aabd934a,6,6
0x0fc1db91dc0a3ff2a47c7d6985c6a146855f262a,6,6
0x27424206102d9087eed23764bc939411b0dad02b,6,6
0x36d1c39e212ee67705ee83b575f8e783c0693434,6,6
0xd8b1d41a77f12bb972ead1b4c3503693f1cd0560,6,6
0xa309734d0fc1a3a65454d60c1142b644db9c809c,6,6
0x3eba160b057abd2632de1dd4102a66710303516c,6,6
0x3dddb9398ebf245a4022ebd1dfdc7fe8b3cb5053,6,6
0x07c78abc0fc9bc8d4d5e1f6b6463ca8131258f45,6,6
0xcde0321b67cbe60105b0378952dc2c7ca6ff232d,6,6
0xbf0e349f369c8547fc959fed2c313a06f30afb77,6,6
0x5eff0abd2d320dafcb34981fc3486e8a1dc9a348,6,6
0x090e1fdc0cb866317751f0621884a203a8d797aa,6,6
0x3038428b55e18346b43c36acc98ee6ba61b4a6c8,6,6
0x88bf5a2e82510847e5dcbf33f44a9f611f1c1df5,6,6
0xb3160404ca9581784b3dec9e85bcd354397b8c72,6,6
0x82d235f53f18560b4df593870e3bf7984331d58d,6,6
0x5dc631f244fd8bcf5bb61c6db0e9994e2b4aa69c,6,6
0xf1b4aa2e2658acfbec8c5132137c7fb878c509ae,6,6
0x20216577f78ee7d6d5b2b962c744a950efc77437,6,6
0x7cedd095720977891bede59f2d6a5d6b2c4bfffa,6,6
0x2f2d3c20427598d2f53bd2c1dfffe2c4ba744d32,6,6
0x22a8490d883ca52e22d916f7f6e4a33374ad356d,6,6
0x7d50bfead43d4fdd47a8a61f32305b2de21068bd,5,5
0xb82b04f420d4bc501512013133ac7f2aca64a064,5,5
0x206971261b391763458134212feeab2360874676,5,5
0xa2d130d837e17e5f58e8fa891df8f52724f06977,5,5
0x0fb7f1fb311079824efcc0444f80a0d2da577ebd,5,5
0xd79b2ecc304bff3b9b7488eaf80a8d9767071c87,5,5
0xafc3109a62738ad8a3c2328851b78039714ea983,5,5
0x3c9180c926166a5ac8f8869b19bc4eca2c6eb027,5,5
0xe9725f63dc6afc4c4d8958dde82d41dd3d490554,5,5
0xbd96a914e932aff88a8529fb86d49314c6fafcea,5,5
0x7d4588c83df708008e5c3f3ece3682e266ff1cc1,5,5
0x16430e22dbf92c36f5d94781da21a522721d64dc,5,5
0x6516dede38f2e0791fefd07c2e550df3c87e10ee,5,5
0xa9bce9cf109c8e5e4066ed6484972cee041572ea,5,5
0x15d5487c610961dc26fd6738cd95bb2dba20569c,5,5
0xd32bf20b5fabab113d3cf542ce7d36761ce4cf1b,5,5
0x4fc3318e7ccbf9ee4e10cdc6383d4cae81460ff4,5,5
0x9a9878deda8d23bf38f55afd1cf59767f0cd2a09,5,5
0x6e605c05db60e12380009f857adb0c1a88abeadd,5,5
0xd3960b53577403461f41795ae1d83e11726873f7,5,5
0xdf30c196542fd4fc258df782b7084486fa51ff63,5,5
0x2d368e72c59e6357aab26d84acc5834e6fb53247,5,5
0x516de0a0a728c376b9a1c8c1e02b3d624f8ba67f,5,5
0x90e8a67db1219f73c971d46c9a1f3930acedafcb,5,5
0x8da8ed51f5199ba6767c8b85d45255e00221876b,5,5
0x05f619ff58bffac9c208a127083788518238d339,5,5
0xab5f9071d325b9b5844d52cd4e55ea6bbaceb021,5,5
0xfd41a29641bbcb3f725023d2f598d522b8fad152,5,5
0x9030784b5784d3b1cdcfb90ebc0438d51ee9c80b,5,5
0xc29b93e6ed63fd8474bde6f8194a42a33b943000,5,5
0x7832e8979fad2cdbd9fc3bffc5853873e354267d,5,5
0x0660832ac2a4ee311461a25b39e77957e3464b53,5,5
0x33d3c029fd119ebb90df20c3427a97074637bf7c,5,5
0x580a5b2f32bd14af9da1e01ef41feb754f78c350,5,5
0x2e6f53f0fb64aac1cffed22e10d2d52de1dbca8a,5,5
0xb31e8bfe7fb9770889db83b46497afac7056ec39,5,5
0xe8976ff7dc32a1690f5da328059158983dea38b0,5,5
0x004704bfe18f4c08f3c00a024f9a8d1846d8a5db,5,5
0xe0713369988fb5bb55438b630439f0c1a2cceb30,5,5
0xc1e549320f048d8149d5b0cb9cb268da59f1f2ad,5,5
0x73f766e1fdfb6555e955039186b38108a9ea7b2e,5,5
0x66a254f4265ba279b282e7e44a7256e370d8b950,5,5
0x2899b72762299f247a1e240159c299b8fb8cc995,5,5
0x9dd64f466e1e94150f8b4a5b4ce4ba53d13169ef,5,5
0xa5101aa3a5b61d37398adcbd74c5075f8a8231fa,5,5
0x73c40b85ff2b6a8b03148fb175ee44a6551002c4,5,5
0x2beaeb823ea9247ca34e073c0ea8bb7f85966aa0,5,5
0xb74e5e06f50fa9e4ef645efdad9d996d33cc2d9d,5,5
0x3113ab5c691ecdac25c07bbf2bf80eb005e4088c,5,5
0xb30aab5e29be4486ca86057a478b1a28c5c0eb70,5,5
0xfc55a938a349dc526a4d633a8395a82ca661820f,5,5
0x3a45468c2b85a969ab3999f9b286da9bab226709,5,5
0x171dc677b1a9badb6c9e5e76493a36f7a9e178d1,4,4
0xe72994419480d9a0b3ab38e53ef7d7c28c48193d,4,4
0xea747056c4a5d2a8398ec64425989ebf099733e9,4,4
0xd7221c004da54eed2e0c7fdbae216db7948bc097,4,4
0x15cca5ff0bb71827fdad1d5d82c7e045f27e20a9,4,4
0xd223c8a60f448204dcbff5652efc2abf56db17c7,4,4
0xdf0692e287a763e5c011cc96ee402994c6dd246e,4,4
0x6652eb7fd864d2fc9319de06b7536f1194860816,4,4
0xc5c0e388b4c736c0d11a14613308351101b3f04b,4,4
0x6cf150db264e46edf2b0df96fb912242a1cb11f5,4,4
0xf97f1b9c7ef8bacc632a73fc6fe53a888a5c6b9e,4,4
0xeb4576fe753dab07635c0bb6c8f0a355e1db5d31,4,4
0x1d3db45f912c74de554409c1ad0d27dbcb26b726,4,4
0x4e1063407059a42178d27f1d3ec6461f32b3c79e,4,4
0x2b0eddf44e1dee52bce06572133752b4cb5148c8,4,4
0x927b858066eb7efcee43dac3b2fd703d17452fe5,4,4
0x96a5ef201c2d47a263d645d505a1cc6d445c9572,4,4
0xafbfd9c77a66b787ac763dc4ef733750ab339cf0,4,4
0x224e69025a2f705c8f31efb6694398f8fd09ac5c,4,4
0x30b7327c23641cf25e75b77e4e04a6b04f667d24,4,4
0x0f5e20bd1a742e9382622c62111bc3878d43a5dc,4,4
0xc65f06b01e114414aac120d54a2e56d2b75b1f85,4,4
0x6f09e3fd9caf2a8b3c7e9fccd2423b17b9d8e383,4,4
0x8e09518fa8d9780968cedc9ce3d3c3856d2a9f59,4,4
0x0e6760f071d788733ffddf73292cd36fbef67f98,4,4
0xf9e38a69693074ee37ec73cc9cdbbe9eb7f69a47,4,4
0x9ee731ec2074efea7724542511cf298e49ad4f1b,4,4
0xf22b3e9fdfac016fa197c2326c84657ba4f78f78,4,4
0x847c944f5b9b38f0c5331580cea67a7f1ec17388,4,4
0x115f037accd976ee9e7fdda30c854d3bd38663e8,4,4
0x0add149d1707d1ffb91273b4ef042fbc83f8cb07,4,4
0x5ce4d15fafd1e595351af970e6d6e4521c874be1,4,4
0xb2dd7f7a0c94364067ade38ab28ad18d124bb329,4,4
0x6d0998e0513a739d1af438e35fe33b4dad258920,4,4
0x2057dd81212c2aa074cda3e03a8a3de2ccc92a7f,4,4
0x9e6eed1048ea14659f362583a8430c0b7c501789,4,4
0x87d9ddbf17846ca0d83d920d23caaa28a0d83f55,4,4
0xfbbe952ef207483e9d0bf312e4f7624193c13520,4,4
0x8b5905d3939ce9fd8ca9d1418cf29c744bcae026,4,4
0xe599677329594b30f985b9f4e6a4ad8272f87318,4,4
0xd72d039b28d9cb16b9284771b9d2bad26b5ce21c,4,4
0xf956db55b8b234580efe877c949388d92b7fa091,4,4
0xce1e580e2aef05cc94d80838a70d5aafcc9b22d7,4,4
0x386f550465a62117a4c1a201a419caedc6804185,4,4
0x1301efb83a768a909c02c4cb1dc8b4020737a537,4,4
0xc7c022bd85529bed1b92de4ba847f3f4e8fd5cbf,4,4
0x5f9ee85443f53c22f65849f13895b17493617feb,4,4
0x734a6263fe23c1d68ec9042e03082575c34c968c,4,4
0x735bf6b7f888abd3bd9d3bfe2faf336dbdcac996,4,4
0xe4ecd2772817767876f7ba7ca55f0e42cd55ec32,4,4
0xde4b26e8e226cccd6be89af396e22860baf69d64,4,4
0xf0c0de07ad331d7fe46ab15c7a6f2859152a780d,4,4
0xa678aabc07e143e5976e325ff314758b00fcd9af,4,4
0x1918f3fb79632ff6575e343997da7134e10a5f71,4,4
0xac5fcbed890eeeaabe00f1aa5a79e6ab252cc278,4,4
0x9f840cebc8dfb542efa7e4d4610df6e8853a6872,4,4
0xf9a0ef81f8038704904ca0ffc55094a7de7c0762,4,4
0xfa6a07386deb2a87596fc9bbce69af48a40be8c6,4,4
0xea16545cf2e4c30b38b156cda0972be63ce71d50,4,4
0x93297ca5ead2b21934bef1d3cfcaefb3e94e37c1,4,4
0xbddac3e91fb049bb369a40e8b6ddde0332117322,4,4
0x970080f1222271752dcfe5479858247f849a963c,4,4
0x08cc3f20fc076ce12867faef7d9e4048a2bcd561,4,4
0x96b13d47c17d61dc42f2152fa39cf3acffc7ebfc,4,4
0x672cda61365b2a8258a05d30f79b82bcfa3e3f00,4,4
0x6bb703ec7017d5cfef3acb7d248896bcc925e1d9,4,4
0x29a46cb222b9c1d250206a5e8d2dcd017abeb521,4,4
0x4515957daf1c5a1cd2e24d000e909a0ff6be1975,4,4
0x9702219a295801852357994dbfaea84fce3590ca,4,4
0xa9da2e4b36d75d3aee8630c6acd09fd567091f10,4,4
0xbe42e9985d508aa8c55c6ec472e7ce7f18ffddec,4,4
0x2d1ef4acf4cae6a38950971aaaa15f88d9b3f165,4,4
0x574bf8b0a1c0ea8fd152d5c2cc608ddcd513bf4d,4,4
0x79d0908a0087fae946ba062f73a974d69013410e,4,4
0x7d4a1f56215909a640a9615dcc43262e021dc912,4,4
0x7b7bc408d023d826e69f8d3a4783066feb52a93b,4,4
0xa06b4f71b94ec6b59e0633c015772d3f1efdf7ca,4,4
0x5ae1bb3c234ce4436133d4c4b6a8665257cc0acb,4,4
0x0e61a8fb14f6ac999646212d30b2192cd02080dd,4,4
0x635cd6806d1bc05b1d1d9d272cfdbdaa7b6289a3,4,4
0xed4186c275ff7b036f9d6adbd344db624be21f6c,4,4
0x7c4995a42c7673534e74a3942c82530831f13258,4,4
0x303523d22d4aa33dffab181760b2e40369cf1e64,4,4
0xd894aec80203ba964f2de6943f05a018e905506e,4,4
0x56901449d21a076f1956bdc2cb3e46b630b8ca98,4,4
0xfc51c423c55cffb687202caf59b715af6d6f59ec,4,4
0xdfbf0d31b72a86a3cfcfe8c1f11a2e7a5be1bf08,4,4
0x34e3b8235cfd9db5034c0bd5bdbaa4909d272fa9,4,4
0xd9adc9cca22b991fb54e8b9e06a614476fe1c91b,4,4
0x0b80d2c1b924298502699a06ec323e4ddd3b05f5,4,4
0x038406554ab8179840b81a7716cde701fecaaa58,4,4
0x9eb97bf8fef03f7599736e8263cb78f4f087384c,4,4
0x55ac30554f66e9c7073341a985e67f9a9c112a44,4,4
0x1706cd55e1d80a994f2d1a5d9778634f912169de,4,4
0xa770070f4b18eb61a7cc282da3ea5d405b3abf4c,4,4
0x3ff17d1a84cd644db62c76cc305d1f6cad275005,4,4
0x4e880933aaa461a5fbd0d499f1e142d78f77c8ea,4,4
0x34a263293da4a2ca68db5c24891302cfc879b07c,4,4
0xdb89f642e287175b6139372899178624719871ea,4,4
0x38614df75973539e26c3d7f524fe61a49a965f9e,4,4
0x80379da35ac599a59121991b00eccea355e67aea,4,4
0x58745fa64df8052da6678d4e1a11840979f11622,4,4
0x076eab1704d4fe39430fe931991258291290988a,3,3
0x9a2146004a6bb500d8d139c6c22b81453c7a7aff,3,3
0xf2c2753e9b12d87ba084e468fb17e5720501f2fa,3,3
0xd81445823588639fb525f1bc7eadf481d22ce0b2,3,3
0x997459d8d3af62da06ea298c02c0663fa282d3a8,3,3
0x89fb05c244d2647bbf63bcae03769e2bf8795e79,3,3
0x1f2066839072a339e3f2e15b4c445ab494f34e9e,3,3
0xab930e565cad29ece7d143fc81ab876c68088fdd,3,3
0xc102bbc9e80451a337fff539d6a87304a8474945,3,3
0x4792d6c7ab545a9f115dd3dc9cea5e9a87004ef4,3,3
0xa1b085f4c463d560798e4d321d146e949775e17f,3,3
0x65cbb0a7a99d90e537419c0c9525e03e56aac965,3,3
0x1549457a9a7215d9ac020378d60396f7a9adbf6f,3,3
0x50f8cb14170ee67ae1d3e9ee8dbb1a951f02e864,3,3
0xe5ddd6a19a21ea94a64f43d0668e0093ecaf2966,3,3
0x848ab321b59da42521d10c07c2453870b9850c8a,3,3
0x30424d5037c31b82acb51b28a3629bc3ba3475c2,3,3
0x190736d001f134562bff605001567bc1c0c0a469,3,3
0x225bd5d2c9016d733cce131987c4d3b90ffd7e05,3,3
0x279cd8c9daed412a382eabddbcca9b22db0688d0,3,3
0x1272e442ce771c30df370f342922add658819172,3,3
0xa918aabf6152b56b97841749aafa1b718a1b931f,3,3
0x8d77059db4b110f4c67162000570d8667d9649c5,3,3
0x0ac5871f190a676ea7d43d7cb5c35646d8456a8e,3,3
0x000000ea0e309ba169bfa8010eb5e95db131940a,3,3
0xca4ac05fcc133df609c3d5cedec13180b588959d,3,3
0x4ffe2f674c4afa078554cb2e5a6a672452b6c290,3,3
0xdf26ae17b64c44f1128e6a43c7787e42d8e3c746,3,3
0xcdf0af571c1c020a69aad9b2df49dcbb9c6d41e3,3,3
0x4c59e9e38ae04881268a1b876092c45201093e67,3,3
0xf44bc62525348a8d6fdd1fc9767707bfcf7a45e5,3,3
0x86109d48fb65353279b3d9f113ffc26ea465d0cf,3,3
0x2803c82fa5b29d7c061129e358647baa2cf95a2b,3,3
0xd3436c7e709754129fa91ee20408ac07f701425a,3,3
0x5030e24c2ce7754584f82971b1b23acac8e5e222,3,3
0xfd117de4fc574176b0505a1dbac195bdfde82def,3,3
0x22e916361cf092c02a12ffc57a55447ee1a6da3f,3,3
0x4f4a4a3d55b0a484dd981d91bc792461f19b03da,3,3
0xda2d3b0a9e2c39e09ac2504df2572b3b28093d56,3,3
0x4a3f28a8ec307b9684ef5620867781a468e71091,3,3
0x21d1a3455f6620c4588554025370cccb9d24f68c,3,3
0x493fde51ce7f67f54d465e0458a0235e5c908b69,3,3
0x5e36c58c28150c49b34a589abda47b77624cbf11,3,3
0xc5972f891f207b7fe1bd10894a30eb013aaf353e,3,3
0xfc8946b7d4e95a60e903d7bee53dfe9c9048ae05,3,3
0xe8162912d3259be14fa802a6acbaa1dee7dcdd33,3,3
0x899b59199e81d34c678220e34e0e8a8a700ff4ba,3,3
0x0f26d9517e1c7067eb4b5ceb8efec8d22e2ead4f,3,3
0x1289361cfaa06d4ea369cb2b3f0a80ac6ee77859,3,3
0xfd820c2c3961b60cd332a0e2922db435293fb70b,3,3
0xc05b92ae33732468a83c3393d40b72c516b8b225,3,3
0x2920e3658c8585fbbc2ecc73702f2a67b2f9d124,3,3
0x704455ecad1feafa3f22eb4ca0af55979e8f8e34,3,3
0x6230f9f5716bb24768a91c4717b78f686d99b5ad,3,3
0x97dbf76504765e2d8f680ddd5a486d1a1f6ab1c3,3,3
0xa8890b5bdb005415d038a4c0bd6bb6a240f7f9dd,3,3
0x55728ff791375d3773181f8c91fa04582d6de131,3,3
0x090467d7f548ab5f4b9e57a88976bd46e064625a,3,3
0x488e628e48f43ebf36a79212a4fa79bdf8c8ceef,3,3
0x242c3e8719d9dd60a44e7598afae7990c7b71484,3,3
0x55f6823de9642f47e80ed4845a55aa8430cb4ec6,3,3
0xee23f4bc1671d048a8e592aabd0b2be497bcb5c2,3,3
0x99655ca16c742b46a4a05afaf0f7798c336fd279,3,3
0xa69e14abdeaf61d31e30f1c7977b35787140f694,3,3
0x9f77d892524bd9167c0a72fd6e58d645e5c14550,3,3
0x67075b2ef0f99f13aef15f41ad7fd00ce67a4320,3,3
0xaf616daba40f81b75af5373294d4dbe29dd0e0f6,3,3
0x94d76e22b562fc6bba6846a0299807f22216c620,3,3
0x81c4a126b101ef7eb6d54bc0d6e88465c265bd91,3,3
0x738175db2c999581f29163e6d4d3516ad4af8834,3,3
0x8d4fed9eaf5c7da0b08209e2fde9e80db6af6969,3,3
0x811df97556052472fec68418e18a4663527be3c2,3,3
0x8fb07b21383d331f3752a7590b0cfeac85514a1f,3,3
0xdb2b9d473014d8c6a5e55da92205199457ba6624,3,3
0x31a7cffb31765b8dc02dd562c7563c9471c35b22,3,3
0x93b303cf3181bcd54d2e44a4d303f861aa984111,3,3
0xa922fd176ee36d6c3aa2edfae7b83359734cdde8,3,3
0x42c7a0438e27617b982fab95348f05cc02d6d092,3,3
0x9777daabf322d38af7a49a66dc55f3086127baea,3,3
0xcdd2c86c65276f7a2896d210811d2c55a973a3a1,3,3
0x9ee6f42531adac0bd443756f0120c6aeed354115,3,3
0x8ca863bbcfa41127346c9a2dcd9374fb806ca396,3,3
0x35f448644c86dbda241ecb57f18a15c80f35a066,3,3
0x25091c22582688d24ba66737bf3bebd62d29f3b2,3,3
0x45b522b0c2f7fed988f10e0eb14bd935d8872b59,3,3
0xbe51b497abddd241aa9325021ec225cdfc9a9e48,3,3
0x68acb2051b73c2342be78cd1a7e5ca44483d10c5,3,3
0xecee5497b9dbb82e1804e3224f67d00d8d891c69,3,3
0xf273c0b6bd68f990237bd185b7a2ffc7602e0d68,3,3
0x83d9eb7a010fbaca275ac12f5a5daf75505ed656,3,3
0x57a47ae55fa1b5128c67c534194845b71baeca88,3,3
0xc52ef9d973ebe0a98519916cbdfac7c40f61b184,3,3
0xff7e9f22c22c7a94c48bf7041afb24d7e0794bff,3,3
0x99ef46d571e75dfccc323ce5629a5fa65e4e2351,3,3
0x07043ced05afa4456db015fb43fb3c99e07b07d0,3,3
0x6d904bcc1a7504a56e04f17c79edb02aa896a6a2,3,3
0x78fe849a5e90a7f5eade2b4dc8b443f883946d5b,3,3
0xa5c37b4c26cf20d5730f174e2f7312b7b6353b4d,3,3
0x14740941b81ad6f09092a0ca1902fc95c930015c,3,3
0x2377eb3fc4366ae614cbe7848e20d55e6a83535e,3,3
0x98d76d5a9f7e524667ace3f20c1c9525d146033b,3,3
0x368a2d5cd67bb2c4c742d9482aa09f3126aa0f52,3,3
0x5099b6701ac2bbf3a808cf2a0928124afbaa629d,3,3
0xea7adad053187172ac72b7008a938b64ba190444,3,3
0xf77119cb1d1fd7fde3d08c41446ca8e5de12218f,3,3
0xd6fef3c414c805f31bbffa91f89baa502b28c120,3,3
0xd48543f5a4805421f88e6ad546a1c3561c51bfa5,3,3
0x9cad39735fc229dad898fd577e58a1b29195fc34,3,3
0x7a559dd20fd34c4c547ee751c3adcb5f0cde24dc,3,3
0x358b40beaa062300417400e40eaa30ac8ce316f3,3,3
0x783e34633695c01c0e4f8640223d50668ac083b0,3,3
0xdd1824438323528a0bcb7f65ff5664762fb06dd1,3,3
0x48e471103dd4945d146a0e28f4c62f56466b2b6f,3,3
0x86d2f8852cc4d41ad2d0a2e33216050fb5e5fcd6,3,3
0xbbb9cc1d7353c685314fdeb825ba3bf36ad60a32,3,3
0xcdb59e95c5a3339023990336d3d969f61ce19778,3,3
0xce0bdca2bb503639ae43e280fba9a49f966f7b8a,3,3
0x6ffc40e41897421f381abf343301fdd01cccec34,3,3
0x10268f03f977cf5c2aead643e75fc52267c92c96,3,3
0xc3a05b3dee224de5a7da335e5e640216e4db9149,3,3
0xe7c3d252e40f2d7bb32fa1a9506659306a15b082,3,3
0x2f186d06707105ccade930adc55ec7d35a189c98,3,3
0x414f89b91b4103c7606876f071c538c34f58771b,3,3
0xe703637547be9bce304ff686eb7054e4999ca55a,3,3
0x2f39160df03e0ea404c7eb59c7ae1296040d2969,3,3
0x81294d47a9e222bee3be067e47da26916d097d80,3,3
0xba2b24a780da836bc22dd5979dda6b6a347ac301,3,3
0x6fecde764b90854b56ed336869e1a6d9a32f3a7f,3,3
0x00832b52771c0f340b5b42bb12e23d3202c99489,3,3
0xa907580d4d8ea38195bf11202ee5d78918fac17c,3,3
0x6eab5c00f166af816693cb4887c6d1007768a220,3,3
0x640fa770ea86752e5207051c34ca12b6c9d1484d,3,3
0x4588561294a446e8b22f506763854728eb6f7b8a,3,3
0x6eb2c2eb6ab1225fb605ec660a8974c1cca82a4f,3,3
0x6ab8d88e2f5e373e2e2a6cda861dbc477becc57e,3,3
0x84c5627fd3f1d1347e130ecc7bd6108b70a0aca6,3,3
0x19c2a0e1398ba78c00af784fdec4cd0bbe70a392,3,3
0x06b79402942d26bee352ef0255e02c8ae1f4ab6e,3,3
0xa2613291800e96e7032943d128f31df5bcbc079d,3,3
0xc983b312a21442deb5c11e4323a98db524f1a7c2,3,3
0x7d8f78a929e178bc0b01a8d1ad04268c8d86b86b,3,3
0xe24a916980e33d189e14beecc89492689aa42ed7,3,3
0x5bfef071dde2a2aaa7b8f1f209abac594c39b96a,3,3
0x5fb52b83b5796c069ced3b64eae162042d9e51a6,3,3
0x3d51b84eec25471a281a90fc4c6e33b925964978,3,3
0x20564d3de7dd48c7fc717aa8f9f0ad87ddbd6063,3,3
0xea40a1a3d7264e3909a2db4c5517c2ea9c0913d2,3,3
0xa4c65736369a02cf6a791f9940688cfacd2123c7,3,3
0x3eaf0ea5d1060058f5affc26cb47edb0c0344639,3,3
0xbb754128c080b3cc39aa4cf09fe4b9ba6b54f13e,3,3
0x9975969f2083694d35448c2a4cc40aff24566700,3,3
0xd9bbcfa59326dd61c086c37fe116730fa5d5a48d,3,3
0x5ce7871aa6acee65b5ca12f7ea2e28f16bcdce21,3,3
0x10128d0eee3c0388c192e9f47e9fffd8b4e740a1,3,3
0xb2cbb283e8f7df4f2a257fe50cba56c867b0d11c,3,3
0xa72bdae5373aa2866ec0210ca428f592ee9588da,3,3
0x643517d597fea8133f734a1ea5bc7e29fd03252f,3,3
0x0c8c97a7a61ca505676085b5f648888cb887aab5,3,3
0xb49756494ac6d5ebda8040abfd00d41785d76539,3,3
0xda088d771212708f3aa983593531fc38ad3627af,3,3
0xc1f2e41d6b924eee7732e07ea25850cdbffb6381,3,3
0x0bac1ef782248101d74d984fd77f6076fb3a4762,3,3
0x965153a45891b1e9ab66c6e22f801165e52f8d15,3,3
0x97f50cd3a053b0d3bc0278ddd08cd6b3a9485483,3,3
0x8d47408350aef5f2b02758087296387b026ea71b,3,3
0x87fc1313880d579039ac48db8b25428ed5f33c4a,3,3
0xee1d5142b873f5b9f249f403795ab37649e56f6e,3,3
0x4f51eb4b6f9a2458312b0c541f72aa26b45f19a5,3,3
0x7781be4c68f31f997dcab1a9b8d5e42282c3faa6,3,3
0x36ebbc8ac514cd8d2061632b89f2e445a3f55f08,3,3
0x2ec0c80d53fec36363e59c6a510380fa20e2feb6,3,3
0xb89b156897cb5b2f1a5ca028600ce931073c19bb,3,3
0x2698445296a92b2ef4f9d3ff1cea548c204143cd,3,3
0xa14d67fb991a6b81ff2955f46b66e42dc5124eee,3,3
0xacbe4b6956611fcaaefbe5dde0f8353021041720,3,3
0xce089f0cb150b8c2faf36f7e7919dc0bd172d670,3,3
0xc93678ec2b974a7ae280341cefeb85984a29fff7,3,3
0x4ed1c3139e0b88854c2077b0769fc00939760f89,3,3
0x270990d832c7e0145e62e5bdf7fce719f504d48d,3,3
0xd06dfce92115ecd7b36a9ff73ef1dc37ccacd322,3,3
0x959d346cbbfaeca49d478a64dc3aa318c1e03b6b,3,3
0x590f7796c7573fafed2fcf50f3dbd9ef79fe51b1,3,3
0xdd1cb4b8b7f47d74ce26e80c051b28fb19c4c393,3,3
0xa48046218e50c512a708a235c48b8591213977a3,3,3
0x7b3679387f06713b741a45171a6d5014bd0a5ffe,3,3
0xd0ee781ad06bb1ff7a7509c28d724fd790a85b1b,3,3
0x830144dce029bb2bfad55dfed056e9f7dbdd3476,3,3
0xb96160ec5a72762a5b9d8c7e78079bf605cbd385,3,3
0xcffc73f8b5bd54553283ca20372fb09a46971738,3,3
0xe44537532ea2a3c61ba00a47b53396f8a3fd8a73,3,3
0xbd81840c7fe0467ee19718de7245262df711e9c7,3,3
0x9831d298759aa5d74ed220da74d6b695859eefad,3,3
0x1cdad1b38245b628797abd7c60311559fd85ab6d,3,3
0x8b7026dc260dc47637a4b0f9e1c660f65d5eba2f,3,3
0x5b5e2ad49a990161b1e185f96eefeb31a3307200,3,3
0xdda053222d47f7de64861a7db7fcf760f5e4dfd0,3,3
0x25165a9ca2ce8e3e62443275d114b618dc53e9f2,3,3
0x656fafabbf1b8c42b4f63ab15f9bee8027a25978,3,3
0xc443d816a011d720dc8f3dd69390b16554ff2a3b,3,3
0x2cc6f0771571c14629a03088eb998af75bf3082d,3,3
0x8e4dd80ac6fdee8343866f622bacb1b1f88a250b,3,3
0x674c3b366e5aefcf67bcb4d96d9ca1bc95db8937,3,3
0xa92074078e8a19ebd345fdd2ee904e2c23a5963e,2,2
0x22b09db9e147f1bc4091b1010abb07ccd15d6429,2,2
0x1bcbed36a59bb49be60be9647cb5b23ce4593a08,2,2
0x0337f1e4ef2a0835f68900e32746eb49d3d921d7,2,2
0x15f50591f9a7d3623badae3956463d5a474e4546,2,2
0xefe79ed6ca093744989e3b38938b2fd0d88d36fb,2,2
0xdc9bd23b1e2bf5ceea361ec84569be8452a6064b,2,2
0xbb46a8ee4315a37c56aece45783045722dfd72a7,2,2
0x7adaa3c9d9394ec49a8a4a1a06dd5873dba4213c,2,2
0xdd08ea8ac267266567cd8f5efd80fbd1f15328bd,2,2
0x6da4071f943668f872cfaeabd3671fc75f5d8681,2,2
0x797688718c6750b1028e3e8791bf8d76cc6ff51a,2,2
0x163b3627eddc1a1623ab590e0b26d06fea08a398,2,2
0x2fb579901935ee642d204b22a38cfa88916f7c8f,2,2
0xf459a04a499f3d34f93a8e4660069008db9b3df5,2,2
0x0988d84619708dce4a9298939e5449d528dc800b,2,2
0x2d23b731e5f04996a2dfdbe434c7d922afdb5e00,2,2
0x2e7fe42b8bdff7f20175b5aa2c7ae0ccb85e599f,2,2
0xa43959995215264af98d2307d6a5d4d46059328d,2,2
0x64a6fb4d18e1fd60732bf481a4b7d59a5725089b,2,2
0x5c46c5a184e93fb7cb72f039968d05d2cccaf117,2,2
0x43b44b52de1b26b90b3abaa5b405946e4801925e,2,2
0x351aca0e0638b8d95c0c27e14952d3be22124fdd,2,2
0x82cb5d5c38952fae97d1c318d014f05f567ce6c7,2,2
0x76b60dcf71da2294f8aa034432d925d1eed8cf68,2,2
0x40764c5528ef04a195b79aa7bd1db38e2676db7f,2,2
0xe9396514c550db03e25467f103e6397b7a43acd3,2,2
0x8459c5b750e1594912293982f170225e08fd138a,2,2
0x33e5bf87c9d07553b5c92935d42ea70a536b163e,2,2
0x52285b51fb4e0ac159ac46ad12ef792e02cd214d,2,2
0x5ab8e8a5ac6ee75bdf3ae1e9bb5e354232768053,2,2
0x671f232241037501fbf1f435d5e96a7932b9f72f,2,2
0x064d72f64496491a14cd880a1d018f3cc07376a0,2,2
0xe788e62924d7f0fbd23df0422cac4462ba3608d1,2,2
0xbdadced4ba3207368ab474d47e41add322bb60c1,2,2
0x37f4ec19dc03ee55fb77576275385eff1b05997b,2,2
0x5d20723d6eca69738eac8b4767c46682ecc76f3c,2,2
0x5f71ac2482b3ae336143aff61df6ddb0a97720a8,2,2
0x47cfa920b155b12c23c77a932e99e853c239ac7f,2,2
0x88adff961770db02de09e69781f512160e1e4f51,2,2
0x0812eb18bb635171bf7d5f1ba81edf22a347c410,2,2
0xb53df04b085557272845811e33cf28eec0c8d3da,2,2
0x2a12a0e76c55cf9b5b546809f581c01608134681,2,2
0xe4221867473a4db1762af9f0e1a059e939646f88,2,2
0x8dc6c045412f9847139c3c796af127874c1274a7,2,2
0xbe207e5492a25335d0b13378346a6b6c703a1787,2,2
0x7a0757e759b6331bdc5561d69a99f214572c7941,2,2
0xa58fae00975ceef88d144de7beb230a279d72485,2,2
0x5e9d6d1e6268633bccfcf89fa96d0d20eed9b6bb,2,2
0xbe66e81cdce266316999f92fcc99fcba30dad6e3,2,2
0xad55d623201c26ac599a4f6898fdd519d98d1070,2,2
0x7f509ed786c8339058c781cf7b3bdc85933cffa8,2,2
0x71c2cf4877c991f5b7047636c8ebc04408a8312d,2,2
0x51d18e5f6fa6534bb2fbaaf90fd6f3336327fd16,2,2
0xa28507fc55847bcaab41847fa4bc952068dd41bf,2,2
0xb63f833e6ee84d5ba957dcbe58bbfe1ba9bad86d,2,2
0x479b0e651693aed68fe42ae60bd5183da253bcda,2,2
0x3cda30bd84db976bfabb64b622d74d38e78edfd3,2,2
0xe8f3359461fcde339631a34013784182f6faa21f,2,2
0x499f4b576c5266f2a658a5748340bbd9890c7234,2,2
0xbe27babbf4e126b249dd95781c5e6fc44474691b,2,2
0x35bb7ab3956738e0b6e9e1cbc1732d357bee9793,2,2
0x7155d5af510234945f9fb3a4dd1a6c0ea61bec47,2,2
0xc16373b5fdb767c5c10b1ef1668649f94f925e03,2,2
0xfdccc28358549bfdc77792b087ee0de8e3b4a58c,2,2
0xccf2255b22c01edb3f109366e052f3051155c4d0,2,2
0x7b5fa73b0ebacd98a500ea8be386fc08c2d01e48,2,2
0xc42193d87dd67c3639ed1cef53c409c37775f7c4,2,2
0xdb19d3186ea32001f6f16867d5d31a39bba139be,2,2
0x5f085e53a7ee3e7f2af2841d37b1f337714cbbee,2,2
0xdf71354058fff993f11c5a25b2d698e4d8f7a248,2,2
0xf76a22d02ffc706556dab299a36bc42707f2f665,2,2
0x08246e369ee45a187a0f5cbc6892c4800de2750e,2,2
0x3aa1524138affa567a69dbac00e92ea7eea450ce,2,2
0xc0b0ee7543baa5c1cb9dcc43525475184a506f81,2,2
0xab83425b6a04b90cfa2164123b9e8b2bbb32ecca,2,2
0x6ad8cde48f1b8acda8232be051f4f2f8e8788678,2,2
0x718c8e761d26514e7b1d4f989438b9cb41b9e31a,2,2
0x36f48fa13744833f50e44925a6f5ec407af98015,2,2
0x30ddc7b142d23c57ec2764cd4d28c5ca2338d260,2,2
0xc9cf3e5cbb3a5bf863b118df4b968d85a4579d22,2,2
0xc12bc797d2ddcc08701e11b9a00d1b64d40b46c3,2,2
0x903e76ae9ba6b03c3ce1dd20a45917be5a5117dc,2,2
0x247ccc224aa6437738b18d20a5277dc564000e66,2,2
0xc175d5ad51aacf66aa09efa8257a216ee7e0de05,2,2
0x7db838335a98ad887c717faadcd1cb505a61c6fb,2,2
0x7299a33feed17e5993561de4a3061777351155b5,2,2
0x507d472582fb332a0cfd6e7b4a5ea2141e620247,2,2
0x44ad5fa4d36dc37b7b83bad6ac6f373c47c3c837,2,2
0xc89ce9f096ddb405359b22a4863a08e8828e88d7,2,2
0xe56b054a7bd8d3350336cfda029aeb68c58103b6,2,2
0xd524b4d4f2046f2a3f908787c311251d1c75cd63,2,2
0x6c438743a6e2944dcdca64e8179ffd8bf0e7a742,2,2
0xc19ed1fa9fa3968fe12e97aa4d511ab6bce1320f,2,2
0x764f383870a16b6be1eafe8a3c007990cda813d0,2,2
0x24bf68ce8d20ecc0b0f514abce57e42d801649bd,2,2
0xbe50ab04e3c5c14503805030877b3b9677ffb3d5,2,2
0x1d347dc7933a74fd792cc29df2bf5a8c5f6284ed,2,2
0x90660dae63ee2736a40c38651416868f3876eabc,2,2
0xabea6c426043e50bd3814e3104aea0604ea313dd,2,2
0x6c2693f5a936f37ed03cfa8465bf2d8beff19a0f,2,2
0xa44e930d7aea242784b10236ed92d10dc6087b3b,2,2
0x540c45db2fd86359e472a3aa03b64c0798c0619c,2,2
0xb50ac63eef9b86307416d8e8cbbd2cbb99efe7d4,2,2
0x2adbc63f1a72d33b8050521eca1b57d335bd9dbc,2,2
0xbf26925f736e90e1715ce4e04cd9c289dd1bc002,2,2
0xe2066a8914324843680fd75ce2cbb52d1b4d33a4,2,2
0x4e571c24a7668cb0e760e01fe56e0712c757061f,2,2
0x9c9a9f0cbb069cda2c1b552883e3d76c5d817cee,2,2
0xf08979c344bc81ae1d0c3b5d15370266bdeea315,2,2
0x468325e9ed9bbef9e0b61f15bffa3a349bf11719,2,2
0x7fb3c2d1e7373093578bcd198f8d93730fd9cdac,2,2
0x24d734a75166e66000c8d7f12a173e41358e3cc1,2,2
0x4f4ee62565e898bee92bae48890a31a6f38c2c2e,2,2
0xdcf7315856535cf789305b912e1e71d8bf2681fe,2,2
0xf2baa3b2583832aae5ee11261b39e647bbcec716,2,2
0x240f896698438dbb7c4ad9b7372c6ee1e765a488,2,2
0x4c74083ead11a2d19ec614b6eacab969798549ec,2,2
0x2c5b31b783e0df0964178d49a2e115353d330d2d,2,2
0x7e6377db0153f5b3f21500359cec771962cfd018,2,2
0xd9b42d40c500250aed9a1bebe258cccb26b8cbcf,2,2
0x17ee630d8aa0e9f44fba41af50c6b2966349ff17,2,2
0x75e56c73f0db231b090a6d08b8e355731d0d8244,2,2
0x8bace3a49a375027868cdd34e84521eed1f1b01d,2,2
0xc87c7a63fce82e5929524eebff820a16fdca1147,2,2
0x3e763998e3c70b15347d68dc93a9ca021385675d,2,2
0xc82b4957465ff5aaca11bd3b83a89e59590356a9,2,2
0x66043708b0f7a99ba5abfbca4d1727c121fbc14e,2,2
0x2dcc372e20e0c9920b4e2d7c51c80eb92271c209,2,2
0x51a8a0c54cfe69fe2c21c6d13c086178e0e8d10f,2,2
0xafac772d921debf2fd98927c07569b136929cb57,2,2
0x89bb1849928bad39977682bde5c2a7aae21eee05,2,2
0x7b716c41cbd136d29d26104e3b161a0b315c5ed7,2,2
0x8d44460a87cfed2620e9fdfc8826072c1b82f2a4,2,2
0x52fa0e19c18f9db10ae7c3a9758e70b8fcbe2ed2,2,2
0x256308ba2fc166a56140484d6bf589c019e15c51,2,2
0x909ee3e2990ccf8ce2aaa3ccdbc5b61800289fa3,2,2
0x194281d96d301c964c334d6426b764e1eb2d161a,2,2
0x9d0e80709088a7e34cbfc5208b7a8a3cdddbbc72,2,2
0x11dbcd8daf931f93ff87cefc9d41f47f10e9bbbc,2,2
0x5af64ba80aaf01f81d86a16edcb6861b93339d26,2,2
0xd2d4867b8886c0cfc3de5ccd5203ec66c6183764,2,2
0x3238b53a910b69f5dbdb31786613ce944536ba19,2,2
0xb1901345f1443d9a1a8f1f96916583160210dd46,2,2
0x7ca6d184a19ae164d4bc4ad9fbb6123236ea03b3,2,2
0x021fe2dae8ec03fc7553685c037b5374e4a4cd5d,2,2
0x0630717c9c6baeabd2b0852e09df08febaccd227,2,2
0x06931274a0d204caa51338d582d3aba066c3b84e,2,2
0x3b64baf6a55d8ec9bd3135783cbbcdfda45a991c,2,2
0xad1b397f918d74ee6c3060e84dd5bf90be8b9767,2,2
0xefc70563d1183240dc0be556f30dc343baeb5976,2,2
0xd378ca5fffaa6701c2ae9a71120d702cc303c7e5,2,2
0x7f2fe16141c637fc14a6a2b68f9e9511c51b2b12,2,2
0xea27e1b91954ae168746a5514d82a5724d4ce749,2,2
0x00cbc670efc807b020c6118812a8b45677a9c3c9,2,2
0xb8c04c44f59cff3dddac1573c0b603158d9cfc1f,2,2
0x7d59b1cba30edc4b021ea473dec66bc150cb8068,2,2
0xf05a72cce4e9105ceb1e1ad285498c517018b997,2,2
0xa4543dd9283099195add92254fabc5a0b1d16cd9,2,2
0x4585d8a0929859533e8e59eef5760119bc44faf4,2,2
0x01396027fd01665d02fd6049dd39d8f72dbcfa93,2,2
0x701b9874571c18a42d84ddbceee90bc866a8828c,2,2
0xe995e2a9ae5210feb6dd07618af28ec38b2d7ce1,2,2
0x5dfbb2344727462039eb18845a911c3396d91cf2,2,2
0xf817554cc4ca4fe435dbf43bd1bacf0d7b0f38d7,2,2
0x47f7159e83a29380e6d717594b403a294bd33e60,2,2
0x27d33d677b38a16a1117ad3e745b80a633877e4f,2,2
0xa7f0fdee39e4fb5fc2cb9dfc382fc725908207c7,2,2
0x11d2932d443629136e147a47f7ff99b156b8827e,2,2
0xe25626efd3edfe8ec898cf392da77b282f244232,2,2
0x95046ebfc5e50692ec4c23fd8146655ff783d88a,2,2
0xc7dd54f4d93f4c2d17f4109441050f980ceff722,2,2
0xfffffd059e97c2bfc822569e13f636c3d176db41,2,2
0xb0a1be32df8c8248a54389af5d5528c38d92d5be,2,2
0x1ae6912e08bb3e105a4f0a60f666376d3c7af380,2,2
0x27bf61a6f36b498141b05f0a3ff6a0ce123a3c8c,2,2
0xf616d1454a4e29b4417d63a0b0d9c25158bd3321,2,2
0xa9321287b9992e1a82810688ad3c0d4865232fc2,2,2
0x25cd302e37a69d70a6ef645daea5a7de38c66e2a,2,2
0xedfb52677a62269aa1e396a7b5ff0476a30e1f25,2,2
0xa0ad00ef8f44a3ba85a81eccb89a50af710bcd92,2,2
0xb1573fcaae467ba7ec93cedf6bb4fce881ba8242,2,2
0x5a921dd019ebe82aad1675e14975a5bfd5cd705a,2,2
0xf143d906c7c25eef8324c47d87ca700d2f98c221,2,2
0x3aa90e5860f01c38f0a74fe1f1fbf04873d1a796,2,2
0x702fe637e120042a1b80e9ab97242462fea30850,2,2
0xfdb2d30b06ffa18836c8b0587fc2afe556bdf48e,2,2
0x2fbb004c015dadbfb2a0d0f7cca3d6cd4cd472ca,2,2
0xc8bbac76980b1769da74ae4a9e759c3e291cb313,2,2
0xa4e20317ef897060d471678bc43a7fe003abb5a5,2,2
0xe1a967955085d0ea8ab0cfac60077202dacd18ae,2,2
0x62587c8915e118dab2a8527836f10b3aee7697e8,2,2
0x82af7c15312fafcf466ef9733874f1f4d8fc5fa2,2,2
0x61b1766c8f50d73dd503d1a95ead25b6fa56294f,2,2
0x786aa398183b169b1eeb95f376956f72146601fa,2,2
0xaf777fc522e4c451743bfb7ffe13bd156dbd543a,2,2
0x44a4effa1ab03bb1867b1903425fd0d2c52e4024,2,2
0x5338035c008ea8c4b850052bc8dad6a33dc2206c,2,2
0xe199fb97006cbeff5e5961ac7b464cb9cdc7588e,2,2
0xe527074c6a6835cc17e03eb9ebe577c783e2a68e,2,2
0x923d2f38fd86bc66478b990168b8e0d4d64d1fc8,2,2
0x6188487e347635833c5f19fc9330f593a541a587,2,2
0x170e52d9943f4d79fe052f6714a204f261387f2f,2,2
0xa3c6f3930f36bc6fe53b42efc52470ae3a3700cd,2,2
0x40b2409c3b6560f7ce7af7a7de91f09ba8d61ad0,2,2
0x466fba5619eef110b76df198418c2c547f1d9e45,2,2
0x1046b33d7cb61af55e75eb86e99d3e185091ad4d,2,2
0xb19b35e9797936b6631c80c595ea77c64a5c465c,2,2
0x4dedc4add63c007762fdf9a1647b38b12992ab29,2,2
0xda587aceacd9c0fc78a029cae400fbae92bdf577,2,2
0xc3e190676b560514ab4bffb60beb23bcabd3d4d6,2,2
0x839d62d4d5f7996a596a7ee6d468da3a5ef6d365,2,2
0xcbb008d4d2d6c32ab1b6f889a7f25f0326131170,2,2
0x10c9132a779c17fd4fd9050a7333d24eeaf48ed7,2,2
0x6d0bbe84eba47434a0004fc65797b87ef1c913b7,2,2
0x273b976a998604766eafda32099fe64502b8feed,2,2
0x1a96db12ad7f0c9f91c538d16c39c360b5e8fb21,2,2
0xae6dad1d0ceff186abdbffe8b0e09886261fea83,2,2
0xa946c445bf7f1675309fcd3a968da4da4e3a107a,2,2
0xcb5c5d261d00c72a8b25fb643388109acacd3806,2,2
0xfebd639a8f497cf56b17c77d5a80a3fd67b73834,2,2
0x86219301a71c65a8f2c3e0ffce65bcdad7a01003,2,2
0xb89dd673dca9181a238027d5a619098f8d2ec472,2,2
0xf28f70db1d85a7688be07ebece757a9c964a426f,2,2
0x917b303310bca3cad7dcfbd13fc9079c465f1b75,2,2
0x39ff5a777494282bfd0a11251789b013953304de,2,2
0x06c76fa477f6c467854a6bd5c05b3b6df8de4747,2,2
0x50a3bfdaa2526554aac8a13db57f0e8741fdd0ef,2,2
0xd9822f8e71303903fea0bdaa78688f7bcf175b18,2,2
0xdc6becc975b73e5f777c17a3f1f337d0fe2c1aac,2,2
0x1cda83b57a79eb21485bb5002611ebb423f8c741,2,2
0x80cbe16df42ecce32120ca94dd05486f21ebe3f6,2,2
0x4d3db8180068107dbce28697537520ce85a3c52a,2,2
0xc26339da21a997f3b02ccdac10f37df80ff0c014,2,2
0x4fbf1e076cdde9dc91a28337f779a0b83cb5ea33,2,2
0x2abeef34db660dd98f25983807a9b5f14821d103,2,2
0x581de43b0273915f61d015e394d2c6af1f9ce8e6,2,2
0x5381b1c11cf1792c07df81df80427d8c0223572f,2,2
0x0fde15509a5701cd55fd8aa43d879c62b8058518,2,2
0x39be272d7ee3bc861a199eec634dc2a295cf619a,2,2
0x2610fb51a7fc4b06d8a291f82445450b537bf140,2,2
0xfc64410a03b205b995a9101f99a55026d8f1f1da,2,2
0xb6069b126db9803aa07a9fe0c1e16ba3b4d1a6f6,2,2
0x7400d7402ce672519d8e980e85693b5d9b814cea,2,2
0xca0b50acc53d9685774390d9d00a8d6d1caaab2c,2,2
0xc4c5aec532779468ca7abea70772c55bb9c0d649,2,2
0x76d0e3af2b10f392c744f36b1887ed570405e1f3,2,2
0xe2c05bb4ffaffcc3d32039c9153b2bf8aa1c0613,2,2
0x6ae009d55f095099d6a789278ee7c001e7d0e51e,2,2
0xa499114186a950ec3db1ba8e398d807e601f75af,2,2
0xf1bef2403f0c320c9e7d0bce8309af143cb39c93,2,2
0xb9cb00fef9406211958bac6073558290aed8c1c1,2,2
0xb1b5b1da20c2a43dfcf1b4a36dbd536daf3efbcd,2,2
0x7a3cc1c45101aad1404c5bbf4fb1b5fecde3b46f,2,2
0xa84e43ba55192c79634e02599b2f977b4c5f3035,2,2
0x5d13ee2cb6580c9fc18561f541f7596ede9f2c98,2,2
0xd7510c55745df5f7ab75a8cd7f4ed1d8aed04a01,2,2
0x3f2d1ae6e5a6f6c112ab7bb9b8422cfb4ceb053d,2,2
0xcdc05f7fe4753ce3f44fdb0389c07c64e7c96e0b,2,2
0xe289e0afd05f4bd80c39caf9e000eed34cef270c,2,2
0xd6ee257dc510ff6682fa54689d87ace46c8c79cf,2,2
0x90081db402e7386c58c1f184f73fb924e113f122,2,2
0xccfcac16fcd94c3dcd80d7cd32187d1c75686ab2,2,2
0x72446b0466b946c9b2b7969dab5ad4a78162c2eb,2,2
0x3a4b7fe51d705368eda9a2ad2e2329c05ace381f,2,2
0xdcc3b002b5c2a10a0c30d15f6d8e9fcc436a383a,2,2
0xe6181bdb6e75ccca82d2e7c105f26dc67090099a,2,2
0x22f45f81458fde37008e9d4b9e3ab64f2681e024,1,1
0xef63773801f5a409d2c124b1edae89379d696342,1,1
0xfd2bdb9e3cd50ee8241e00440c1f0293a9dae410,1,1
0xf356cded375ba89ffcbdcc4527ba4851064a3fc5,1,1
0xb8504da8729f91ff7b374826eb3ec6adc82dba69,1,1
0xe1a39baf0d7d76cdd026dcb23abdf23923086cef,1,1
0x4e95cc696b4e2a1ca956544a534dd3fcd75e1507,1,1
0x2556f6e66acc82a061210b6690679d877ee2dcd4,1,1
0x70ef271e741aa071018a57b6e121fe981409a16d,1,1
0xcd4ea306ccd06199e6b33b83b069aad041a3d75f,1,1
0x1ac520a95315c93ffd52adfe87cd712cd94dfb97,1,1
0x45b58ab9d398b3eeb8438b6591b216427964cbee,1,1
0xd2a4f082a6e7b754ae11fe76616a6083de478c70,1,1
0x1876a2f935a86e6371e6e56e3fb3abcbb50125da,1,1
0xc74c528248619b50a4e899d9ee5961e7297200ab,1,1
0x4305e906a595d86fccb65562d12a0b4e6c2fbe2f,1,1
0x077e1f76f1be63ea44d5bd00c9090ef35dfb1858,1,1
0x9b4f81e23ba470adeac89c303b46255a98998b8c,1,1
0xaf6b011e71fa58e04fa0e5473ad8031f1ac2a43e,1,1
0xbe17172d12ca917d1ccccee34bc28c8887dc0ced,1,1
0xbec728d0dc7726204e031e0d98bdad2080695ac5,1,1
0x7b5dd791e2d2035b37be2ad293e44f10e3fcf110,1,1
0xbfbc2458ad6b0a03d502a1fb626c9304b6653309,1,1
0x248aaf378b8f44e835547d8466cf93dbaa0b02d1,1,1
0x96097809bf77d7d21e24dcd86efa75f8d1626922,1,1
0x248d7bc3ab7e6d28a26374266c04bc4dbca97890,1,1
0xf63ece9b3eea4e49cce38129c1577b7dc439c0fa,1,1
0xd0953c36aa6a7e693d47b966de27f34ab7c2f21a,1,1
0xee873cc7993216c6da142a37a37056887ea8d2d8,1,1
0x9e601309ad310651df19ba28421fc5ea882b441a,1,1
0xf613080596f6fc966a6b78b62fa3bf2a232e27d5,1,1
0xc2dacc8029f845604d9fa382814ef2147ec22ddf,1,1
0xa9faf3bdcba741773942f2513963c2ebaa371bca,1,1
0x3c4cd9ad8eb5e686dbf1cc56c762e2fc656bd24e,1,1
0x1ccd31c0233ffcb00c415be756e63a9a2886851a,1,1
0x77e1892fd956c6df5a283804d57ba4c6e2803766,1,1
0x1852945afca854963e59c4eb3ff0ac1faea308a5,1,1
0xef776600a46646ef52201b15972bc1eb501d0c49,1,1
0x95d55bccccb94c209b516303c808bbace95d0f51,1,1
0xe028ad103c66247f8f9d4fecdb82f206f4efbc90,1,1
0xb4b7822307cc4fff4a2172d5315dbfd39e50a356,1,1
0xaee2ae13ebf81d38df5a9ed7013e80ea3f72e39b,1,1
0x37b657e4cc4b7a4a4eb4ab8a91d3d73a68fc280c,1,1
0xbafa8a519f09a72bbd96141f2de7844ec8f27b05,1,1
0x74d132a1f83ff15e070b68e4db46b5dd37fd450b,1,1
0x3244046f8354bccc156d52d25759d2b1768f4517,1,1
0xb2ee477ced8d69afdb5707b31170c782f5f26f5b,1,1
0xf3154c58930a67685db1559147d5ef439b8230f6,1,1
0x69f71e5bde5937ecf0d0c2e2fe2a7c0feda72ccc,1,1
0xa9dc457d2c008a8d9fc9deaeae478e8f87400466,1,1
0x541168a4719217b45f6405174679158aa8b348db,1,1
0x58ec4a83b46037fef8d50b795b8fe980d4590cfc,1,1
0x7ba7f7ba93ed40d18b7783419081b6101e47ff0f,1,1
0xb11fdd8eb4352d641ab46e387999d791667ec939,1,1
0x492a29d000430e451170f05133b11c89062121a9,1,1
0x90596592c622d7e1464353d9183b2f2c0c2ac2b9,1,1
0x924a01a942290d57eb37116f1cace1fcd2542c64,1,1
0xe1cd19d059ce0a47b285f85c29fccd59fbb69853,1,1
0x17f0cdec0646694abb40e52d1c7a3159f3e9a8cd,1,1
0xe1cff7711aeea9da3d6ecb8241a37fb75560d07a,1,1
0xa6d6243d4d96b535269580de21f0712dfd9029c6,1,1
0xe3696c9248e5595e7ec2a0da0004a41bf8d84550,1,1
0xeb0bc3c0cf1901d03c5721f8fa93137f008e6fe0,1,1
0x38f37f0f9ad834c04d72fb73686d454594d4c6ae,1,1
0x14bd6d35a22d8cd6cac3e2bd2b336b991bd8cea9,1,1
0x3d46b233855cfc1bbdde7b07e3aed1ececfc8916,1,1
0xb2c709ab6c48b4226206a421d2f1a2ce1cc73a19,1,1
0x18fd503c3bdaaf4721d6cda2e0f10882900bbe59,1,1
0xf44c1aac5ec121398aa87a2c1194c388318f595e,1,1
0xf1c9256e3e8e7a502231763a3005116ccec23472,1,1
0xd742f87f5f72f0cc426bfa2621c1f051743fb8d3,1,1
0x83a64404f2f935211017489a19288491ceb3bab8,1,1
0x38d4aaec6bf865cf0f8d5c94573736cce57b4f2f,1,1
0x6d83276ddbce2af6b582da4b8c99f595b355fa10,1,1
0xfe33e3e48b1ba04708037b9da2f0d4cad7a42dfb,1,1
0x8bb57a8241640d47a8336bf9b726da63767baefa,1,1
0xdeac3dc4482fae1094f59f0599935f1d200c77c3,1,1
0xf86b319dfc9c0ee45eccc555020b8c99435e235f,1,1
0x282da357eb03624ecd261d9160e7f4fc6a72c540,1,1
0xc9f999a158d05cc1dae7169c9c266f315eb36778,1,1
0x00492fbd95241ab2176c9bfc3edd72625d616cb6,1,1
0xab2d8b59131ef2439e0dda74aa3274aa8ab3b4c4,1,1
0xf2cb694e5aeb19b9895eb6fa22b55f2cd0db1781,1,1
0xd588a459b2c0539ef092f9060b5930f1483ffc07,1,1
0xdd1dfb33ea386b6380ba6f47b06182130541934c,1,1
0x7cb0ef98db85caee9ee29cc04e1b865902f52280,1,1
0xda39b7e764a1c8ae2acab21c56db4822953823f9,1,1
0xa7b1c50730905b43687f8924232f6b34dbfdbd57,1,1
0x2508fdbf5d288e0d9cf0daad87f64ef8c30836f1,1,1
0xe4239a878ba0178a1f3ae17157c74ad0671a4428,1,1
0xd515b88473d9310e63ed6a201ca79d45e2803536,1,1
0xd377cffcc52c16bf6e9840e77f78f42ddb946568,1,1
0x790118b957fe62a40aab939b2cdb6581cee80648,1,1
0xed217008de92d861b6990381abc9c6c27822b34a,1,1
0xe513568ece63cec13831d97c5ff2565826c04b2f,1,1
0xf673c71a51c576ea8c1c871f2ac5e9a83e1a50e7,1,1
0x3f23252d4bd604c56a8d7bbbecb3b0f49c69bf55,1,1
0x4b82617a295c07fff52e6ff0d992504c1d3b1c84,1,1
0x0e37ac2ba495e6b362171a11bfa2df5c4631cdb0,1,1
0xfe65154036bbd13013f8a786b6aef8023087866e,1,1
0xacb1984c5f65e2e68cc8d44beea59f716759597e,1,1
0x4d5be057de46aaac13f0a09a97b04bdac1b23eab,1,1
0xda8b43d5da504a3a418aeedce1ece868536807fa,1,1
0xc5ee5b961bf790970f550fc3adee548f6ecc44e4,1,1
0xd241861f0171b1c15e2f7ac4dedef1e778aec375,1,1
0x2ecd81e43c1f66185446f4af7dfeaa6aae249f55,1,1
0x0c818c0123d4f3c861fc213d5d8c04203819c22c,1,1
0x14b4875120989543e7627866b8bda50940f72624,1,1
0x830f9e9c8407d3f42cb49eda2779bb5187d95437,1,1
0xb19210ddbdc3bed1cd2fd6f9f18de83bdeace8bf,1,1
0x2457ff8420d3752ac1900ce5c073677d0e4c1829,1,1
0x0e1980ba2440fe08bfd79204823be512c7ebf5d6,1,1
0x341ec3cb21c25dd379c208203654ef07ed9061bb,1,1
0x86d414d5041369746707ed1b8563f536e14d0d38,1,1
0x709398aca6c9f96fc295da29e5280c4d2a53b13d,1,1
0x3dfdbca41d2f229d380f002ecb1da6ab6de09e7a,1,1
0xdb77b36dc774277fd1a8491a3ff3193e2497ae76,1,1
0xe0407798ab1409d04b4c64932a63b72c73986cc9,1,1
0x3bc5773a5b79971102797b16e23b3eafc3c32f78,1,1
0x657a38e6994cb578351376dcdb077330d00665d6,1,1
0x145e881bb4f39422d38fb2aa2e85b7b3129fff4d,1,1
0xba9fdbb6f11f577387e7771f577b3a3229539531,1,1
0xfda53f4735bbf8ed219c3afee7d3e6ec51ed164d,1,1
0x9a24fa48db540bec59d4d48df5abc77031ffc28d,1,1
0x69ce349de7af51c003b481fb26132fd85162ab50,1,1
0x2edf1b3374234d8bf7e95a01c95b47121b75e17f,1,1
0x4a4abc2439620b311e6e044aa22841126ceb9cf3,1,1
0x2b0c06be831a935b66c95f3d99e6fdebb2660df3,1,1
0xfe0adf02971909f3bc8ce00a2226b438cea23050,1,1
0xd3ee164089fe0d74bf0740ee736dccc530fa49d8,1,1
0x5e2b7f8cbb1ed53958647d03c8c968ec23e0e0be,1,1
0xb9f8a193d408103bbfabae7bd0995eb6241ad0f8,1,1
0xc2945ab7579b4c05def2cea0f404268fc75952a2,1,1
0xfce0256f41088b2b080eee7b7912f9b93736da95,1,1
0x2f46d90909154045e5911e7571d3746af03b1862,1,1
0xc94bf498cd7df01316fd4869ae4104f10d83e8b0,1,1
0x5c1913732424ab8fb7d7407beff1845e2ad52304,1,1
0xe236f6b2f8d6329cb4995b2ea7d6a3248fbc9433,1,1
0x80f609adfceb731e8e620963bd194f4db9f56cc1,1,1
0xa4ea375cbb4c4f26bc97ba060655c6e48aa99e5c,1,1
0x596888345c9e3c6f7d0f4e5d8590941e2cab52e8,1,1
0x5538781e681a4bb9ad7a7d2a50a1fa995958dbfe,1,1
0x56b7f8d0c1b39bd83dd9e28167f8bb6f5007848e,1,1
0x62293bdb8ae6fda7e2844c77fa887c2fd09fba87,1,1
0xd4be5943103836d3fd909dd5c244451ee8e1786a,1,1
0x8a3d62e8d5e5491ab52deb63748431dcdb624700,1,1
0x953faf0ab79575f0fd4bc8115b720045f8ec95a4,1,1
0xb520820c8cbfd7417af4e3a2566398909f4565ee,1,1
0x2f9035f14d9134bed45e2642ae148f673f5ecb7e,1,1
0x7ae31cfdeb15722ba931a3bc8e78f9d7f61c7d0b,1,1
0xb8c99cf73b3fb4fa362f44ee10fd8dafae45d7f0,1,1
0x4a352e770320f43193abb7bc863d147954b7681c,1,1
0xf72cd97a579fb4b06588812ad3bf3f9c739f02a3,1,1
0x0fd81006ac1e81c459af52568a5d5e2468888888,1,1
0x18896cb8793e045eb14ec661cf8913ceaab9672a,1,1
0x8e5156d442114e8ad0078dafe4222fa275a89940,1,1
0x058e66a2de4ab8663979d6def6f1471598081f55,1,1
0x12cfb1db767fea232fe925c557bed1a80e027be9,1,1
0x0c1a3e4e1c3da4c89582dfa1afa87a1853d7f78f,1,1
0x295056d10a55ba6d59573ee15444510e1733f1de,1,1
0xce1dfcadc76f398b871c7c8e953e0ac721b51a2f,1,1
0x90c41319d32b488b0d27b022c553755d9785d3d4,1,1
0xb0151d256ee16d847f080691c3529f316b2d54b3,1,1
0x1a1d6dbfc328476e1b0ad53412bfaa20b042a938,1,1
0x805dda56085e1b9c432d9e53a67b9151fdfc0689,1,1
0xe7ba7b45a862ebfbe4199393abfe94a8da1e62b2,1,1
0x59d5aafab39037af8392e27800004c630631058b,1,1
0x563a36c76a614567bd852ee418d1f90cb3c10689,1,1
0x6198dd9cf72b3992db069c76d962860d0583ff5f,1,1
0x19d3cd3ba18b78d2af3c88dd7ede2670a6a3430f,1,1
0xd1aaf6e5785231398c082532da1a0df15e44cb5c,1,1
0x447766483c6e9293b80692ed16bd5a8d577540a0,1,1
0xd797530b9293b951c470b24ebb6571bdf599e44b,1,1
0x43b0c926e46f68a4648c9fba4a78ade444888154,1,1
0xb24dca776c1257248024f8fb4315d5f5009217fe,1,1
0x98933418a59181f96da20f52e714664604f09c53,1,1
0xf28570694a6c9cd0494955966ae75af61abf5a07,1,1
0xd89ed45fd3f66d6799c7779029a1b05a675b55dc,1,1
0x7c5a58bb60f37967491f46b11252c36a932cdd5c,1,1
0xa99e39e5edfc50555afff61720c13268572e10df,1,1
0x63dca1af9e18ef4ffb6f72326a578395db0aa95a,1,1
0x917ad2bcd24e618c640479d4e5dd1db21802cfc1,1,1
0x0765a32fd7211de15b864fa582dd422464dd9055,1,1
0x39c4ff8cc8139d9aeb4ce73afa167284c5184e26,1,1
0x38fbdbbc8a757d2a4fb245b51f51256fdec911f0,1,1
0x3dd7cb6b8f03a866ce541ce9fad73e1f6cdf6261,1,1
0x9584d08e221cacad247ed8db243b45b553e47c10,1,1
0x76cfabc8a6366fe7a53778867ef05a61de5cc732,1,1
0x8ff25d688c8aec0b902ca50c774383e02679bdc3,1,1
0xa312d1fb7cca1cb687c613897c4fd074a06fda2c,1,1
0x7dba8b857e1b9293e74abac71577056d295bb998,1,1
0xa618f8841e70b0543a921768ea5b229ecd9a4ba8,1,1
0xa1a2b348dea1f49bb9281a5c4debfe0d7ce3b95b,1,1
0x642749c0f3122f640f869d924f7b4c8353bdb139,1,1
0x0c0bdee8e90ca7546aed12644398c7f4f15dac20,1,1
0x6d6feb011b92276e45498a120c528c8f7ceea8c6,1,1
0x1a694e80fff25e7dd33f9736eb1a9c5f6b9f3465,1,1
0x25ceadbde3548b08558e733b41da5d8abb26a0a1,1,1
0x83bf9d8d378a12165952a22467b746508562555c,1,1
0x74b0b7cea336fbb34bc23eb58f48ac5e4c04159e,1,1
0x00f225cc14168f4a8706be0fdb29783569bb7c65,1,1
0x846431bdf0530ff8c4206425f8d31bbd2e962db0,1,1
0x313d0c33680f08645bb13bbb5921aa5fc4023489,1,1
0xb06a5faed6f7552fd962d735057bfd5125ff3801,1,1
0x627669289d3ed0868b1dde8ad579ae67bd2f43ad,1,1
0xa12b6c47da747fabb2f5a8ddae2fd9b029dc4807,1,1
0xdc58f23a07302a98df877aee8e713d7affc28106,1,1
0xb322b5533eddc8496c9e6899840eee2cb9ce333c,1,1
0x0ce25684ae0a776a8dd0ac945fd11435ea13a378,1,1
0x8099247b0d2791fc9bf1e1a1c2d393bcf8dc065d,1,1
0xcc22f89dd9ee8cb1232ab3718d5e976210639d74,1,1
0x9affe964574192aab6da32acec63d79b3671be4b,1,1
0x039053b4674d12dcdfe69fadc25afdb0c17360e3,1,1
0x44ad0308a8e7d37b9412e94f090ab10bdc7a586d,1,1
0xe94b661e5beb281d39954a7fce5d1f17f01f02ae,1,1
0x641c6c7168f5a678baf5f1b2141f71fdef27a82e,1,1
0xa097194f3c34b4509947b7b7933f78e5529e8b19,1,1
0x0a08f76bbc192fe52f33116196fdc5e157e41788,1,1
0x88888371fdeee796064c48563b84835d764d63b7,1,1
0x15c7294f61e7488e2ba77f30b9014154214ab129,1,1
0xb712146772eb71d3f7ea711bc407b960d80fbc45,1,1
0x9ea6c1001ba3272e863dd47ea4a8855a9d744a61,1,1
0xf6ace56abecbc8d9af8c9356fb492f78fb0b2c86,1,1
0xc1821e3cc4862005b9e397388d0a971b9ffe1735,1,1
0xc6fdcdac5e8dc3a544bbac183fccfddb7c391f06,1,1
0xc2e21fb6112c295ef69f23d6d595868ccf9a5c3c,1,1
0x2808b7330a1aafbe941c01b8207daa78315eb150,1,1
0x294421dca034855b65045c7916b1e0d699a80f97,1,1
0xf42512a7bb071f3ab39c600cac986005cc3b1b86,1,1
0xa337f256684ea317dabf9cc0b06a0b0aa000a188,1,1
0x38159a366e55db8abb882bb4225ba6c821167585,1,1
0x88f516c04969f470888473458b5e09342da08b7a,1,1
0x9d087f961a1252287fcd425acaa2524beab90eba,1,1
0x9c46f72fa423a197cd386bfa1efc68eeb87f9f59,1,1
0xf039949b7206900e6bd61f392a8d0276235c2d9c,1,1
0x70abb00d2d8c91d1af258813077f5578e36cc465,1,1
0xca8d0b7c725c3ba6d31dbb0822e8f232fcf6768e,1,1
0x6a018ad51de844243ce7fb743c3e5f4481df6858,1,1
0xdffef5d853e5e1dad3b909e37ba2dae94087c3cc,1,1
0x0dc3b66a3a6b9415c8041e4b77b7dfd041a9c30c,1,1
0xea976f1adb00906147492a3cf2f49b69b2e3d4c5,1,1
0x1c57fbfe1aa0db3bf086577456b6e209bf199572,1,1
0x2ec5c633be6516562d0e363f40419c23de6d79df,1,1
0xfe58ee86fedcc697fe0c1bf7db783b1b1848f0aa,1,1
0x1dd0eb6f728f30dbb7e141a827d2949c4131c605,1,1
0xaecdd83cc71456c21aa92bf78f31e0c4913bc845,1,1
0xaaaa9b4fd6afdbf3aef24e5cf2a51c65c582d5b3,1,1
0x5882aa5d97391af0889dd4d16c3194e96a7abe00,1,1
0xb274055c58130c41ea12228bc3230bc1529a5d4f,1,1
0xc854d93af2f337495f189a968e3f0d00f0360e7a,1,1
0xafd7f0e8871e517daf1242574b65e147c254fbd3,1,1
0x3a472fd2bab732329ea490440e8015e126a4fdb7,1,1
0xe607b8f9d29498fefdaa99e2d6fac77fa445d05b,1,1
0x5dc1832ca7efe10e16d29296ea46dfcb057be25f,1,1
0xe13c5bb07389ee2da2e20ddf317b7af8bd55940e,1,1
0xf53d0fec09fe4eabf97144f8c3418ca350c90b14,1,1
0x79c9f7800a0fcf034e8dfd7129ec955a876c2096,1,1
0xb2e75f19153ca388288cc6147c2f6934fa789f8a,1,1
0x2945af7a0925a5a30455842edf3f3f66753f0438,1,1
0xc0c032ac727da93ed0f0aa5c7be4fb820eae3939,1,1
0x3e9bd40780f1670268bfeec6319ce6ec966779e4,1,1
0x58e6884f4c0c5f8114854ef7322b4cf03086f1fb,1,1
0x39b96c03c328783def4daceb7c0c7ddd8250b456,1,1
0x0a60631fff509ebf45a6e06309853ef1dd8c7101,1,1
0x80ad564e3bb8fda83ede55a966306f99c2c6b24a,1,1
0xf8ce758813adf1c73e10f64ec5f1f2808f3fe8a0,1,1
0x4f7cfedb4fae57918386727180b12aed5597db69,1,1
0x2e2de5d2ecf623465e00c65aeb0858307900d284,1,1
0xe1a29af25dd37d1ad2db9cb47a6536b08fa6a20f,1,1
0xc9a455d865a56555640a89b69eb4fc03b55b457c,1,1
0x4db8ac0c360c40dfcb674c7129ed1b73e0d2e9c0,1,1
0xecced53f70afa9a884670e72168699f55c06e0c1,1,1
0x3bd7cc4466ac4c19b74e893a42feb044b48390df,1,1
0x949ddc1f31e13b8feb7dbc57b2aec33eb728f80d,1,1
0xc951781cda4573fb80145bfbc8a2b275dd48ddf1,1,1
0x01c3b97a362e4d2242020446eca9d33448dc615d,1,1
0x31c1b03ec94ec958dd6e53351f1760f8ff72946b,1,1
0x758b239186592e146ae0258e10078ae5bea6fe27,1,1
0xd57c976f5603fa207d4bb0053710b856a73c0f1d,1,1
0x96acc15df08ddfc4150f868dad73722e6d0063f2,1,1
0x4fc36c764818e99e40bd86ff578aca6284acbc9b,1,1
0xc0b9f99a68537ccd870631fa343bd961f3e19b93,1,1
0xf3e009b9d15979015c1c993d4e1b61e12f41285c,1,1
0x353ce464720473e74512b8d606d6608ce59decd6,1,1
0x1c6e11ebfe3d1c68de4c316214ff29dab03f780f,1,1
0xa9357f727629f4acfb147ec961ce05bec0ef69c7,1,1
0xfb083fdff8a086e55bdf4ccc5bc7a0bc765f4c5e,1,1
0x475560c683c0a42628b7762aed47d5221313a1de,1,1
0x8f44115cae640fc69b59cbb0e989b5a9ccb7b8a1,1,1
0xac3f8a924adb52d6616ca194917da4e5ffffb698,1,1
0xaa93d91c1add712321b9e7eb55b641e45362636b,1,1
0x2b2259af39eca02ca3ebc187da27bdbfafaa3e08,1,1
0x5d14879c413bfd284973ae483a0c311554165327,1,1
0x012fbed58f9c8096b09827b59803be48e2621fb6,1,1
0xbadaa54446f0c74bdc10fda9ffcda2cf71aae086,1,1
0xc33144cd664c9411c4165e492f0912ccda20ddb0,1,1
0xf5a44b196026c17796c3b87afce26c5b22b6d05e,1,1
0xc0e8de0d4262b3fef33169088a483061a11850eb,1,1
0x5b98fcbc92016b6f3bea0e7c934f4ffe7b43b138,1,1
0xb0487bdc8be66895eb1508062c73d14bb18a88ca,1,1
0x904df79eaa0a078714beb0c2c7da2c02264e34a2,1,1
0xd1aa743aa5c6ba079a8c65b970d8ddefcf3697b7,1,1
0xa2c45df66514c0dc145638eb040d7b009d473a2d,1,1
0x03bcb04c6f4b97a505d9b41f03aa0c79653f3448,1,1
0xfb74d9b6f8439e391aa30aaec7f98c44243df229,1,1
0x609470c2f08ff626078ba64ceb905d73b155089d,1,1
0x5bde0e06fd44be433a445a55c8fbd21a91db2a0e,1,1
0x425c003ee236f402ea423c874d158cddcc041fb6,1,1
0xb8b86a8fce33322bed8142dcd3426f5f35289c68,1,1
0x5d7666fbd993e92c8bebac5747a82ea2b8f8e5b3,1,1
0xe9befd8ec73b4e1fda49276cde0865330ee3541d,1,1
0x226254c73d2f19c5a1a6be848f3aa10d62b69450,1,1
0x81caa95e9740f5b0eb0e5ae95da516daa4e8b0ef,1,1
0x2a94086c36f9b26f21d9b7ab4419f6dc31c677c1,1,1
0xff88dccc7a2ca0854faf50c6bdfa56486c83685c,1,1
0x3d94249c540eee0174042d9f535bcaa219d7cbf4,1,1
0x087bd5ae334953da150a47278142c0a6ad5cf5ef,1,1
0xaa490e13ae4811fba48996c48f1693e63bd0f0f4,1,1
0xafb548909e139689f3f265397cf2e7c3a569dbe4,1,1
0x6c55f9e3125a6748529fbb3dc2d8870a657afdef,1,1
0x066fcec18f98c7c2786310d3e81c64800cef7d15,1,1
0x5f1181a72d61913e63a2e1693259091196cc630b,1,1
0x9afde32e2b7065514cb899a0de8e79d6c83874c0,1,1
0xe946edc3f4240d872f3bd24d0b103914d69ad159,1,1
0x30fdef315d0f2e1289e80469b8c379b10c404a7c,1,1
0xa779fcb74578a6efe793d539c1ee987d92554e5c,1,1
0xacb711a650f2e5535cf18d420f8215ad81e32158,1,1
0x2f24610415cddf5d230c19297f37df9c57b46afe,1,1
0xc0e797da188e78a77d62032e4a228921593ac568,1,1
0x49bde4292f81d7f7e28ad4011d36cce7f307d4bc,1,1
0x49321256e60aa605fdd5abb85e96308ad0b19c5f,1,1
0x33f561fe13c230d2c62d964514efe508ebbc4fe4,1,1
0x5d433b73ed2898e00e129ee87621af184bc00259,1,1
0xf3863a31c14721afbe0de7638075f8ae7d5a9bc8,1,1