0x299348cf3dac4782ed85569b4ab0d7ee0e0af6c4,5671765380365085431277913,5671765380365085431277913
0x5c5020a859662bd7d44c51227ac972ecce63b0da,1543701386609527519744390,1543701386609527519744390
0x31ce3215280b13557849f79686814789499ebd22,378632258124919881340466,378632258124919881340466
0x73deeaed8f604a6e12331332889579a7bd878e54,189401539619566916481342,189401539619566916481342
0x8cc140e41f064079f921f53a1c36e765db4b7e59,77753471211108923497784,77753471211108923497784
0xf86a8847598d74dbcbc1120bb807a3c19f684d29,68970227442696078448773,68970227442696078448773
0xf31478268f79fd2c9f5c00d8c7a6c0dba998a089,61739050502188077072189,61739050502188077072189
0x3e38ef489af0e780fb1a18db36b47efcb6a859b5,58248938131641116316700,58248938131641116316700
0x601ea6fb224b3641ecd28ddf97e1f75eefc721be,50000000000000000000000,50000000000000000000000
0x00000738ee284aaa98a0d511cbd655a1e9d653cd,49623765170219792452263,49623765170219792452263
0xc45ed628997daea764f2e0ad308e3d12d3f8d383,46194896708443537355567,46194896708443537355567
0xb34b3df79e0b0a4b5dae3bc97875630de0254688,33388844301657841776943,33388844301657841776943
0xf53d0fec09fe4eabf97144f8c3418ca350c90b14,20725119313486252246051,20725119313486252246051
0x940ec1a9bab489eebbb941de5e6432cea86d0def,12616337159946602357169,12616337159946602357169
0xca0bc5a90dd344219fddc94004733fda242335e6,9730846871568151160778,9730846871568151160778
0x51a83ff70f329252415477cd370463dec737fc3e,8566126262920742194966,8566126262920742194966
0x16e4db3b48c0b0fef42256f6a147bc212c2ecc36,7146289515528739540871,7146289515528739540871
0xe2a4e3cc23fa48847dab8ddfadd270d347a81930,6614719172090296875295,6614719172090296875295
0x698b9d56abec3faa97ffce6478a4c7ddbadd4116,6068532718331254169391,6068532718331254169391
0x4900d62465100ec25e7480ca31da2f3f634ba58d,5841764831440596701927,5841764831440596701927
0x1b51cce51e2531c478daa9b68eb80d47247dcbec,5008792550392948649483,5008792550392948649483
0x5027e71babebc27ed7444485d56a2257a9be9793,5000007132181611426891,5000007132181611426891
0x6618fcebda6f3f92352881745998a80251450d6f,4590788023048430551075,4590788023048430551075
0x3cda30bd84db976bfabb64b622d74d38e78edfd3,3866907806060802099030,3866907806060802099030
0x5701048b9d111f3a57fdf0d254fb5eecbb31106d,3738522142297795582981,3738522142297795582981
0xd2fdac6d756b541322a64f20c0b896e39682cc06,3601138438201814186317,3601138438201814186317
0xa2552ed19556893fd2de8c0457e0375323131bb9,3453385346073329972708,3453385346073329972708
0xceadf234a044d885b92f1bc7a2b2bff8af7651fe,3255036071060448058657,3255036071060448058657
0x031faf1a5dfd6752ea3cb11d2fd1af4ba3df5d8d,3205242340038014653804,3205242340038014653804
0x7409c7613aed1af59db334f163e6e536aadfe9e4,2962271122714966057537,2962271122714966057537
0x8bdfa0c3aa823d1a67c76e205da6a4584795e1c0,2732853435826832970000,2732853435826832970000
0x6473826259a80d6a7f7f66de47a05307d057a3fa,2435209891103191278738,2435209891103191278738
0xd9d4f25acb0466b49f3be1bf68770c5aa12e898a,2345486429407986639169,2345486429407986639169
0x87fc1313880d579039ac48db8b25428ed5f33c4a,2230419756673059937427,2230419756673059937427
0x564a5b0e8a0aa6ecf6ca387200ba006a4c0b1c19,2130561749774599200000,2130561749774599200000
0x1309dbba890eb987489fb4793ae77482f3de874b,2094892448668551529573,2094892448668551529573
0xbb5cad97dc15e8c3fbe457fa65cfb38b2dfd1002,2067622069996268978024,2067622069996268978024
0x0d3ae820aba279712ec2ca1dcc1c63de757716c8,1969759237988559837969,1969759237988559837969
0x80d762e5a4dc2bc237f594a7f696b5e216067036,1564763825444691600000,1564763825444691600000
0x5df3e4a2cd45be4df4857d0e1b89b871d6d6b9a2,1521601805465902555683,1521601805465902555683
0xe9f5e0deea08502fba2e5165ffc9cfec7e3dd6e4,1405332912477149142146,1405332912477149142146
0xaa01a53eb7a642dde06af032df4b2b740d6263eb,1258957478530861736022,1258957478530861736022
0xf8f4c4527c0d17bc46328ad6da3a2053ba595940,1192979454570788782814,1192979454570788782814
0x62587c8915e118dab2a8527836f10b3aee7697e8,1126551809822911350245,1126551809822911350245
0xeffe60ec0bd219760eb40e8b810c54dd2eddc351,1065089042990081465337,1065089042990081465337
0x2ee15dd4ebf755c50c883a31e10c1c6aa5a1145a,951486241943246286201,951486241943246286201
0xe8e8561d8a4965633af42b1a99f60ed81411a9b4,942190944059524087041,942190944059524087041
0x77314eaa8d99c2ad55f3ca6df4300cfc50bdbc7f,922171129372000274381,922171129372000274381
0xb89dd673dca9181a238027d5a619098f8d2ec472,882417959083988386514,882417959083988386514
0x87afaa198117496bce792b6a5de3b33ba7cac73f,858705290103396384206,858705290103396384206
0xd141d52337b805243a1cabcfa5fd9fdcf824c97e,813628487236987516839,813628487236987516839
0x919f64aa7da4f2fbc2107eafc7068c273a293384,803677846953193309946,803677846953193309946
0x88e07a0457aa113ab910103d9a01217315da1c98,774001931843623890096,774001931843623890096
0xa8824c3a6d35d2c2b7afcd287aec8c7788032986,758513455720094141416,758513455720094141416
0x36ebbc8ac514cd8d2061632b89f2e445a3f55f08,754171840967009390891,754171840967009390891
0x116009657034e0d5c88dd3d1953e1bf95d1c6d79,747535572137203713572,747535572137203713572
0xa5845886f035a1e7be620294286e2b93e19972da,744438889841417696418,744438889841417696418
0x8002fd754444c6aaa710b104bf9754525567bc1c,699263018876723777134,699263018876723777134
0x39ea1a9f8caa308ebb3f9da4829f1fff7b74b72c,666596680290465500902,666596680290465500902
0xf8cdc4ea789730ccc1ab5a4ecd53dc009d067968,623118242795724493362,623118242795724493362
0x30950b2fb9a9f19202da641c0aa89d41c337b60b,616737320927181154657,616737320927181154657
0x358b40beaa062300417400e40eaa30ac8ce316f3,614284715479122919280,614284715479122919280
0x3a7ffbd2523c800fc61ad089e15eb54d83d7426b,590092215175375223230,590092215175375223230
0x9a24fa48db540bec59d4d48df5abc77031ffc28d,580701478482232020040,580701478482232020040
0x35b59de7534cbaf1ca185852d174de4e377435c5,537870876621211174465,537870876621211174465
0x0a518e4490f2e89a705e0866a07a204119ea432f,532765450123215344308,532765450123215344308
0x07032b7ab4642908eea27ea98e2784eb78a9c4ca,529767462964172479756,529767462964172479756
0x3f3783144559c4a5fbf8f058c575018480888999,518306500679583377484,518306500679583377484
0x4489b55329941f4e4cfc9935800daa79f3a24450,510104240850194651891,510104240850194651891
0x59f02451e0199bc997554b89c6e1041bf8f4614e,503522735116304833761,503522735116304833761
0x8e534a77915156626df46a8f32fd050a39697b99,500132829525532640770,500132829525532640770
0xad4166c6204025ce9676c7b0c9b9fe7eb8e946c4,499151694122560851345,499151694122560851345
0x9e138c3c1249f1627168d02359a4ba82e5f2ebd4,490485129374779328692,490485129374779328692
0x25d4ef82374e02e8f94535efa18f224e1e715e6a,488541646309206889460,488541646309206889460
0x4abc33cf81e0d21f42168d044f7002edd6b80b09,483649688609734600755,483649688609734600755
0xb32d2ddbbcc4c3e44e601c131cfeea104d0485f5,481204920835575903988,481204920835575903988
0xb0a3d50e83a02251d982392deed00e7057fb6b57,472386547615862666972,472386547615862666972
0x17b2568b95a25919e00ed06c4c22c19ee5541d22,457999239162095072045,457999239162095072045
0x24030f49baec4bad64db55df60fbf2fe447fee9c,448379766355379273292,448379766355379273292
0xb4b7822307cc4fff4a2172d5315dbfd39e50a356,440515049605045345469,440515049605045345469
0x5f09ef7d8a3f9b63c5227fd6aabe0b3822aa6fdb,430232739005221871866,430232739005221871866
0xa1e5710c3b19f26dfead980885f773a676409f73,427897720972305387461,427897720972305387461
0xb7179759e5bc6348d9f4f00a6c82fc462a52d541,424483221155511927367,424483221155511927367
0xbba33057dd1cca99371a2e499136cd025f052037,401916366095731082405,401916366095731082405
0x41e1d3a43e688effc4851ce4abc81d86e2a2b853,398826153524159439486,398826153524159439486
0xdfac9078ab91e99eccd770d940c0d831eb3dd395,391591194648777718381,391591194648777718381
0x8ca863bbcfa41127346c9a2dcd9374fb806ca396,390740155930437382160,390740155930437382160
0x1c21455ef82d83d0a32aefc83ee7fa599f892f16,390186277697434001649,390186277697434001649
0x228c526f487b2ef77a789c3a162e72d35db5ba0b,386076290185500012773,386076290185500012773
0xc08b26c77674c93411207cca6dd4a5f510de89a0,378420891135997908764,378420891135997908764
0x8d4fed9eaf5c7da0b08209e2fde9e80db6af6969,374075344957286689322,374075344957286689322
0xfac0f7567a9e6010458bafe6cf61b90e9282731a,362460857675475390554,362460857675475390554
0x5ef319c0033c81cc777521f22dfd189e334b68f9,351497609243937360000,351497609243937360000
0x9f7703f33aa69eb30bc66c28dbcb5774fd158adc,345125992689647651472,345125992689647651472
0x9474a2a05f73f0f6b3f2a9b482e079dc59897f49,341301063417469014796,341301063417469014796
0xd31dc0033bc653610faafa8a095345de81266c68,339738844137232076500,339738844137232076500
0xb657111ca34672af7658fb08a5692368a8bff9e1,339473982254191204545,339473982254191204545
0x488e628e48f43ebf36a79212a4fa79bdf8c8ceef,338963980269745002108,338963980269745002108
0x8e654902dc7bb22347492f19f084141183ba379c,317169397735538486764,317169397735538486764
0x71a15d2982135732beeb4890c29d916f467bd78f,307635063608581176672,307635063608581176672
0xe7768419a9c5c3feb80850d470fe196eb203d416,305935897599126376540,305935897599126376540
0x5cebbdd7ba6820ff6cc0feab04543edfddecf2d7,305065929655122704365,305065929655122704365
0xfc883fae4a379c358e5d45d2b49bf87b73da89d6,304665160669737892844,304665160669737892844
0x828fe1af9d65fd3d3d236f16cf6275e0a6fe76f0,295391280605808585001,295391280605808585001
0x5807fcc17877cb8f5934c80cd6fef9d64677e927,282573986452312498902,282573986452312498902
0x0f96218c8d50c38fab0ea8784555a8c61f973b7d,274011729081583492610,274011729081583492610
0x2bf84e60799631defdc8b7425103ed661016c538,272676910489619852828,272676910489619852828
0xa70a562c7b1f9061c42fac414a3f2e2857bf64c2,267773720029523247737,267773720029523247737
0xd9cab5e026d638665b6b0ca5ae3991f4a44c70d5,258623654030094242808,258623654030094242808
0x353119706871afe0ca7b1ad226e0c286660c7954,251932086810388804582,251932086810388804582
0x36f14f5d6ec6788fb8570268505e2b87c6b42239,241551827025256223053,241551827025256223053
0x351e6f90b22019feb318f998b7bb9b60732af4da,239730019091091050169,239730019091091050169
0x1c6578fffaff63b69c8068f6a113e732b2917faa,237420698400303354687,237420698400303354687
0x09986f90804aa21012761368129b08a668a306b2,228997378843866556575,228997378843866556575
0x8f85b2d9c1d762ab319e1510af4062165d6a56a6,227931934810944846478,227931934810944846478
0x2f18784cdbcc1d1c72646325ce8048fda07eee52,227032853966827068048,227032853966827068048
0x96a6f29ca861b7420c586e070fbc767e357ba821,223079856652405040000,223079856652405040000
0x88f516c04969f470888473458b5e09342da08b7a,218938729484428136838,218938729484428136838
0x88b1f6589157f062c992c42348e90beb1e3e0bc4,217501653357012125277,217501653357012125277
0xc575b5e473ef412c78deacf11ad57e33e5c2639b,217315735901876772820,217315735901876772820
0x12a072d3349bc6c7160a7bf5227c6a8afd80f14f,213136896187382700000,213136896187382700000
0xa839b1efa25dcc4995874b4579073d9931988b1d,207321449504054364000,207321449504054364000
0x283125b8dba28469eeb4bae5e1acfe44df9d101a,204431898718023838952,204431898718023838952
0xdb6bfb04e7f0688f415248c69abe5c7b1c46826c,203946983947851634184,203946983947851634184
0xe8f3359461fcde339631a34013784182f6faa21f,202342597131951349774,202342597131951349774
0x03f16156ae491cd53474aa12d8c4d0a3ef906839,198099190498943083520,198099190498943083520
0xf01e07ae42369175a986bb13fb3e097d0724f74a,198006059430761291041,198006059430761291041
0xbc3f3cf0c356511e6ed250c58b8a23db54e6475b,192338699750448795852,192338699750448795852
0x594df5e16a96254e1a1c833a55fad46b962dc9e4,192186037519787231947,192186037519787231947
0xaaa9a569c2e631b4e33e62d044020f21c114f450,187634084415157860000,187634084415157860000
0x1470f5fd536dacded7e08627c0f9732b7a460abd,186427035914115601692,186427035914115601692
0xb12cf85813220e94ef9b5958c4be203f7c169732,178926364015726922318,178926364015726922318
0xdb8bcc490d1ca2ae47da5882e8e8dcdd171985be,174889247387152055782,174889247387152055782
0x4c0e052b255ffd9325ac869db3c4c718622b6c35,173621394985143628398,173621394985143628398
0x5b3085b188e2fc3605be4c5d5f95fb0521a5bb66,169263939660853021340,169263939660853021340
0x177e51df107bd7b624e6278b34fe3620e061e459,167547105000000000000,167547105000000000000
0x80b6399d55c908994ea4814ec1bf89fa59ead612,165704478654087598971,165704478654087598971
0x4e5f83d8d1b1223bbbbf88a3c951a5b3ca5c5041,162647242155372967542,162647242155372967542
0x0dd3ac57ee19af4c55a957d5cf57b914b677cf3d,160944812018843240206,160944812018843240206
0xd8f0d4f6f0b3dd3f9ee040f1d99a4f67962c97bd,159412729995153272008,159412729995153272008
0xfa0359ab83269aeb4d5c071d1211eac0e86f591a,157051273674786969175,157051273674786969175
0xaeacdc16e26a30ad2b6eafbf60da32f551a7aac1,156352112747038398388,156352112747038398388
0x4ad06c6bfac635ec55753293ca86d4e9f5514963,155409222489391082545,155409222489391082545
0x74c8c6ce9766c5f77e3e1ad5c75fe7da07199fc8,154870793251133677426,154870793251133677426
0x5555556a41fa5ad48a5f7034355984d507b9214e,154568135059607195064,154568135059607195064
0xd8af5716f807d7f98114f554d5eb69be1def32cb,154083201181888169926,154083201181888169926
0x553713f005a9bf2d813f38195036c8f26bd6eab4,153074276116306395838,153074276116306395838
0xffa16612a63cd4cf388b1007348da15afbfb7021,149498246689276749623,149498246689276749623
0x995c417cac2a47ebe55c9cb32fb7343c0a832035,148079258453288842589,148079258453288842589
0x9ba6df247efca09d9546a1a1ed467b25f3793e1c,146103359039071659694,146103359039071659694
0xb65ae474e4a703de1b2c8f098a27fb5c5d2cc592,145822974270355488624,145822974270355488624
0xaa943a824b813538ead5d63c45c0e640c03a137e,143914641098335141600,143914641098335141600
0xf806dba46da52be6cfc68d2dae04a4345a8fd2ee,143699215571424909034,143699215571424909034
0x300c51e7d1143b1a959eb6896ecb17aa936aae87,140627535043354739139,140627535043354739139
0x40e5adaf117925dca91d537cdb354f63c808cd1a,139499298770423580239,139499298770423580239
0x9ccc28a272e988e05666a29756af404ea607d5be,136268844523139968901,136268844523139968901
0x1009df820facb5d676d485669d06d290e5580bfd,135367622771279298698,135367622771279298698
0xd651a34a382a5795bf26cffd39d78618c98aa9f4,134232224373849450005,134232224373849450005
0xca72c93172ba6eff168e59e7f17c3c7a8fea9b62,133888117836512646016,133888117836512646016
0x55fc7db94097ebea4a25bcd6b94ddf64002132e0,133086334480626082946,133086334480626082946
0x11964417163431cb3e4cc4d73c9b5ef3adbdee6a,131370191190385581184,131370191190385581184
0x83a64404f2f935211017489a19288491ceb3bab8,128011319947183931147,128011319947183931147
0x9f92f73a3b64cffece78bc82a1a340776c2315bf,126655603911595622920,126655603911595622920
0x49b8e8572e86d90191679be8314141abc84668dc,124102374963986768471,124102374963986768471
0xcc96c4b6449a86dbafaeeebb1efde2165e02400e,124034824915793212765,124034824915793212765
0x6f90c476e6fee4e65608fd1e93d6b9df15f83b36,123664515338558888774,123664515338558888774
0x944bdc032213f7bacb38e63e7e1f14c5c556b706,123133639470773500398,123133639470773500398
0x3b736da9991f410184ca6cf6761b120172444dd8,122278092047146327357,122278092047146327357
0xb65a1c8c3f041fee5e95564d45cf1f1cd8181ea7,121121247682894750000,121121247682894750000
0x76d6b7a11331392bb6d8b11f88f57ab9462bbbe0,120666031048405300000,120666031048405300000
0xfb522ed2323c139877ad955b63a7f844a733a96d,118676873293709995744,118676873293709995744
0x2481a61bdeb56ebdaeff4afbcad79e303c6457a1,115520666098937262451,115520666098937262451
0x08cc3f20fc076ce12867faef7d9e4048a2bcd561,110718699817422735552,110718699817422735552
0xd0ee781ad06bb1ff7a7509c28d724fd790a85b1b,110683537755721535798,110683537755721535798
0xd3d3d8edfc487a3d44e9f4ba7cbac87d94fea8c2,110385178680673067941,110385178680673067941
0x5e234d462a6ed6b11fc21bb1d2fd27dd1a904383,109894277015829521860,109894277015829521860
0x4475ebb85b90249e4c688b9f909a689de3a5a10b,109838306969734882063,109838306969734882063
0x6403584e4e70f97c8c241aca1483bbd84c183d1e,107899897146639583014,107899897146639583014
0xfc1aa1f2e40ec0cc25300c4b08b8513984844f19,107507962881443513677,107507962881443513677
0x3e72a3f5fd3af0ad16a2cf8f1df7dae7a44e639e,107176868175469567932,107176868175469567932
0xf6aef1044028907c86eb8581b1671e924392d3b4,105885469529259975000,105885469529259975000
0x8abb92dbd24762137e247e7cce406cc82133f8c0,102795954217095450411,102795954217095450411
0xad217c503c9821a95681ff415ffff888d0028b81,102430482195345044017,102430482195345044017
0xd4c6da1b390d90c27a4186a03e9380261754fb35,101062254266642369777,101062254266642369777
0xca78b199576811b5078f8d38b4966a7114c1c98f,98709918956911393413,98709918956911393413
0x61b1766c8f50d73dd503d1a95ead25b6fa56294f,98627934764831492051,98627934764831492051
0x9584d08e221cacad247ed8db243b45b553e47c10,97252753089195897651,97252753089195897651
0x8e5156d442114e8ad0078dafe4222fa275a89940,97120908902367777031,97120908902367777031
0xdc9bd23b1e2bf5ceea361ec84569be8452a6064b,96919691589264738470,96919691589264738470
0xeea0471cfcaed2f83117a2660b3d21738d478990,96801498151068250000,96801498151068250000
0x5a4c0fcb69032ea5afe6d0ff9f48532b3a7aea01,94591220841973661685,94591220841973661685
0xce1f534d906453b0326725c4340870f69861a00b,94232617857636925106,94232617857636925106
0x49bde4292f81d7f7e28ad4011d36cce7f307d4bc,91954389862327110000,91954389862327110000
0xd8b1d41a77f12bb972ead1b4c3503693f1cd0560,91020384945569239372,91020384945569239372
0xf8845bf5fdec519ba0fe85400d44eb050cd4e79b,89333312277365267628,89333312277365267628
0x01f1749bc5d870b13d53aceacb539a580919582f,85750235815445893105,85750235815445893105
0x102763eb37f47272150aadacbc48d850444935eb,85461634974711701792,85461634974711701792
0xf42512a7bb071f3ab39c600cac986005cc3b1b86,81611805044315100000,81611805044315100000
0x1bcbed36a59bb49be60be9647cb5b23ce4593a08,80883825575727583014,80883825575727583014
0xb7fdb98d92e36492dee51601ca65a467f3557770,79470221796493270789,79470221796493270789
0xee700657bc845339d912c1e1f6fc3314b7ddcedc,78019769370900374052,78019769370900374052
0xd52a9605f117a3d5b975bbc13f7657e4c4474335,77584781446708012000,77584781446708012000
0x9aae16da7f3430abcba9e97c54d255f1db800f1c,76646404437348872265,76646404437348872265
0x919189ce08d1d6784c65fb5533c40c67378283f3,76105009988916390089,76105009988916390089
0x41f397cd5d9e64ada689d340dad24ab2a884eecd,75431014835980636563,75431014835980636563
0x10decdc06ef4e49757febbe692fce5478e381bcc,74736412387451428243,74736412387451428243
0xa50538beb8a73b0a27058d46aaac14f3519134dc,73955266604126109378,73955266604126109378
0xd70f112337b1db80cae0a9f78e45794ca511e40c,73023386009905874062,73023386009905874062
0xd552de9d038eeb158cec11e70f3cc108fb0606f2,71805456639842429427,71805456639842429427
0x321a5d185b78ea329565847c5b8999d9c1cbd946,70528506825766825342,70528506825766825342
0x70ef83bd2224051f5f6eda4295f8b391a6c48acb,69124562322836833956,69124562322836833956
0xc03876ddf9fbdc47ae66bc4c7a639f0d78d90904,69097915501980839519,69097915501980839519
0x970080f1222271752dcfe5479858247f849a963c,68503731848722854541,68503731848722854541
0x6188487e347635833c5f19fc9330f593a541a587,66916220071950277592,66916220071950277592
0x721203817c74425aeb2c23a21e39633201ea6a9f,66282369393072019765,66282369393072019765
0xcc04038240662216e7256d31872fb444dc77718e,66280812989253521609,66280812989253521609
0x3ff46b4fc7c085cb1d44b96ac00bf758647f35d3,65007403736172077519,65007403736172077519
0xc4b6efc7ff43ed44576ae53b3d8f1049fc827da9,64676706806362185340,64676706806362185340
0xc0e66123aeda643757f1091a4aecd288282c7ddd,63817908488547263729,63817908488547263729
0xea028ba2ed30264afe075bcb8436cac0e479fd7e,62419725460934647419,62419725460934647419
0xde880ebdc54cb0d28d97ba59097f3f1141719e38,62386623076082323057,62386623076082323057
0x0ed57484e130e435fe6f8383ef9318ce8704e6fd,61848337549988715836,61848337549988715836
0x6db95a095a70c7372c1474b5154788610a8fc754,60943988426210644427,60943988426210644427
0xe2160ad59de4f04b57175a3a31e9d5b16bf80b89,60884387737354176434,60884387737354176434
0x400e566cd5c14548c1f6ce7cadb104f96aa2deaa,60734443367038086184,60734443367038086184
0x80ad564e3bb8fda83ede55a966306f99c2c6b24a,58592858825531040558,58592858825531040558
0x225bd5d2c9016d733cce131987c4d3b90ffd7e05,56786817476036504440,56786817476036504440
0x515cd4715357bd3d7b563912a7b8e25d987fadc8,55976595395497927347,55976595395497927347
0xe4ffc5e0a942bddced2f3804f791dac49a2390a0,55870103691031747052,55870103691031747052
0x2239d1a741c0e009ae867145a88cb088d5cbcb95,55756949737871419695,55756949737871419695
0x000000def91a4651320c6913b637187535739b03,55631498044468338000,55631498044468338000
0x4291c64ca6524465361912847de6503a4029c88a,53739400218363100000,53739400218363100000
0x57877fed03cbe9b2fd002b0f2eff67aa9b531282,53704541303169870545,53704541303169870545
0x5b20a13ee423b4f622d0fad22199aa7f69914416,53454473322382567968,53454473322382567968
0x5836130b9f34deeb78c7642f37e921f913e4c3d6,52769555262175432480,52769555262175432480
0xf3c60e040512c72adf24b4a4440c9a6c99e3285f,52189626546633308252,52189626546633308252
0x522bf786d9628308e25d5354b22c1b7446cafa37,51837676753843901230,51837676753843901230
0x9c9a0a21d13a50b28188f8831125c0716386f227,50267663542955732168,50267663542955732168
0x7579e53383939a87efe2b0fb21cef599748f05ed,49671111167984118076,49671111167984118076
0x1df0a5bfced8fb5b9eda72e6e500f44292792e76,49512874928345798454,49512874928345798454
0xe259bc0b82c40791b5c0b882bc1e25a477e1f5fb,49489535059707392479,49489535059707392479
0x4b1bc18312c94da28491356292a46b76a8a4ae4d,49006570495618853679,49006570495618853679
0x7da0cca4bbd10dfe9a6a1f7c3042967e2aa305f3,48659756292658989738,48659756292658989738
0x9dc736221d29c7489c46bc66c8f3c58aa9b979af,47578399062048226444,47578399062048226444
0x050b89a1634b313c45113f599f65184e8f0659b5,47313862036234427781,47313862036234427781
0xa6acbfbe0cc4e18e0e04b109ad3511e89f76cabd,47280150821918642735,47280150821918642735
0x1b0f4adbd4c87979509419487d575c5275b84a09,46255350274946835074,46255350274946835074
0x05480d60edea15025bde0a4d29a5ce925b5df31a,45468413927527641557,45468413927527641557
0xf5f61157f3c13e4bbc5c42e75ae80946b72de83f,44455059187480972522,44455059187480972522
0x478739ea730bcf17d524a149e9f49b5f2f082e9e,44368815524413326693,44368815524413326693
0xaf2d9ad4f0f3de326e7f3082f45f878a4e3ee766,42996405607347359736,42996405607347359736
0xb17c8f2303f7b352fcd7c78e1a2f1e32b647f015,42210400401162187750,42210400401162187750
0x3538e59e3abfcb5225f0bff83073baac587caf86,41822289288675768041,41822289288675768041
0x8810bd54f4d64d59bafbb6da9277011347de80c0,41785145059717750941,41785145059717750941
0x492a29d000430e451170f05133b11c89062121a9,41692838256154489423,41692838256154489423
0x535926b17b9df2cd132e1ff123cb49dbf6ff1834,41310915274467738064,41310915274467738064
0x4603ef80ab6da48eef18c5356a3ec4dcc35e1e79,40525661980681876912,40525661980681876912
0x4639afcce319ff9bba3fb19d2a9461d0f938f660,40478018945829776468,40478018945829776468
0xc8378c1e18de5e23bb26106a9b9b1239ef2ac556,39821301013875553459,39821301013875553459
0xc05b92ae33732468a83c3393d40b72c516b8b225,39778234821776975726,39778234821776975726
0xd2ffcd82dac8d05c570620a878830724e3f9dd69,38274880311161501643,38274880311161501643
0x514c8600681cf53121c88418d5355a9d7d305db2,37526816883031572000,37526816883031572000
0x466de7e2de105deaae446ba61fd701c7b6a85cb4,37147024859974362182,37147024859974362182
0x79298c00fa1f10992146ea04ea8c0b0603dc3a7b,35693802028842743987,35693802028842743987
0x7a83663221b97b70a3381841cbc0b8d2e795102d,35643788026930058932,35643788026930058932
0x96b9d9a5cfe8c572def7588d31f7921138794e24,35457294329821171755,35457294329821171755
0xc74bbf0b25e811b18aa740586653fed421e7e710,34260692938609104527,34260692938609104527
0xb1c5ec4aac5dba3b65511228819229c04cb5f4f3,33396671852956466228,33396671852956466228
0xc17268b97e655df911e7d796fbf8bb1c4318d903,33358817285785900053,33358817285785900053
0x9b076180d1dc69c2a8e244f05040d130c9f18294,33323166104988752535,33323166104988752535
0xa309e549a70f2aa1b6a403b5364e00517a645ead,33304356341546009064,33304356341546009064
0x27424206102d9087eed23764bc939411b0dad02b,32662900698840521999,32662900698840521999
0x1dac1f377dab00237d7a7231708e85ada462da4f,32181275282832280397,32181275282832280397
0x0c1ca53324a9b43e5468664562db592ca6ef6efa,31916920476219646413,31916920476219646413
0xc007df76ca23b2e4c393f029367bbbf9d0f99466,31621807190419712180,31621807190419712180
0x4fc3318e7ccbf9ee4e10cdc6383d4cae81460ff4,31516799197402406131,31516799197402406131
0x655a6229863a5b168f3ca398f390d25b9acab8a1,31451040674341020613,31451040674341020613
0xc89ce9f096ddb405359b22a4863a08e8828e88d7,31381085449329393788,31381085449329393788
0x3478ee4fb7e8428c26fa33fdb326ef292a565e7d,31050353074766174744,31050353074766174744
0xe5845761e7773976055f2559ca54be41f09d9e88,30867236974354316236,30867236974354316236
0xa31952339b0a07380e806245c3f1d67b2e3a2be5,30617732038515297088,30617732038515297088
0x9be83911a3ebe8d27ddacb541d0189cba1320326,30324326538389247000,30324326538389247000
0x5c0e1e2b00420e66eea59764a9964bcaf58a235c,30065551438314419719,30065551438314419719
0xda088d771212708f3aa983593531fc38ad3627af,29838706059655085616,29838706059655085616
0x752159b2109bf239e43f3aac85b311e27ec17aae,29821676327388400586,29821676327388400586
0xd8076640aa85e78e03cd66800434600713fc62f1,29556978151571555648,29556978151571555648
0x150ddaf648940fbd46ee61e5553bf2fbe2b5ace6,29505440032082958835,29505440032082958835
0x57f0bd4cb2acc25d612a5b8f86aca30aa3405ecc,29365300542105545748,29365300542105545748
0xcdd2c86c65276f7a2896d210811d2c55a973a3a1,29316654293044814098,29316654293044814098
0x651825160c24e80a6156f1b48aea0cf05fa2570e,29245926693175929488,29245926693175929488
0x929202f368dbd48fcad49432c8f756e2742bf731,29175046109818570272,29175046109818570272
0xfe2751a604a13c29db1d9c676fccb3ae4c135ae3,28331702880885096020,28331702880885096020
0xa520dd26743ff11ac9aeefabdb81c158d3e97618,28311036482255929500,28311036482255929500
0x709398aca6c9f96fc295da29e5280c4d2a53b13d,28073160149007276000,28073160149007276000
0xf8ce929c7c5d837c3e61c84e2e1b4701fcab6234,28037446673433351000,28037446673433351000
0x6cc1d2178f0f5d300999d510e8c1c8350e55863c,27579566458392980895,27579566458392980895
0x20a07d7067379613ed8e561baafe69fd6a98c956,27510468444788333382,27510468444788333382
0x8883e424d966a3031973688e4fa35f89fc16a9f9,27484211242215034000,27484211242215034000
0xb68fcd74aa0e14e5bf30efc60ca0fb48a430be90,27455315506554120782,27455315506554120782
0x75f70a5bcc20a71a12f4587d0d2e690c4fcb0235,26427145409042144544,26427145409042144544
0x74d132a1f83ff15e070b68e4db46b5dd37fd450b,26171998307034799013,26171998307034799013
0x0851dae86b9504adb9aca6bb7031e178d0236faf,25932706318447466505,25932706318447466505
0xf56036f6a5d9b9991c209dcbc9c40b2c1cd46540,25852587678068755467,25852587678068755467
0x26a09beb36ab2c3935408bb37bcaa0638f709ecd,25703090036927477021,25703090036927477021
0x997459d8d3af62da06ea298c02c0663fa282d3a8,25580904366369672897,25580904366369672897
0x87ad950f30fc46eea9acf3c35eb008c5ac775b8e,25507325786897471047,25507325786897471047
0xb5a385941f2ca40bf0fcf87235d8a691f7815974,25418469247470693068,25418469247470693068
0xefa117fc408c83e82427fcc22a7d06302c542346,25217372988313703813,25217372988313703813
0x605e06b9134189a590255cd9cd72a354c2d9af33,24905961226388520000,24905961226388520000
0x3454d734d6709ed9c29ee7d969a5c28ccbd7dcac,24275968078312100000,24275968078312100000
0x9d333aa107bfa0f344594cc334483e2eade9df15,23574265179578377051,23574265179578377051
0xf60f773494889f18fc7eabbcd5705334bb7cc6dc,23024634219950859120,23024634219950859120
0xbaa2503b6cae7b2358366731b8c541593db05576,22778656502119486500,22778656502119486500
0xa9bce9cf109c8e5e4066ed6484972cee041572ea,22574562846114798796,22574562846114798796
0xdd08ea8ac267266567cd8f5efd80fbd1f15328bd,22387876993015703416,22387876993015703416
0xb0c757ee1b58aad5f4086a978f77a2726524dbfe,22286209500699481885,22286209500699481885
0xedb573d0deae018db376802bfb4668c3b6cdada6,21893661673809954696,21893661673809954696
0xe56b054a7bd8d3350336cfda029aeb68c58103b6,21514892193108628705,21514892193108628705
0xdf18a1fba13d9b19a8e18f6f51baa29a787f177a,21262261039898232755,21262261039898232755
0x3eff2e61428e23c42f59552f645eb51450d047e9,21033484219176324863,21033484219176324863
0xb42d408b52d0a9e2c1408031c3451bdca81b069a,20454609822454000100,20454609822454000100
0x664fe81fdce653448f0de448a05e9a6df7fb194d,20155799489635335592,20155799489635335592
0x522ea58a06842817a18b1fc6e2311c3c24094181,19716422804145097487,19716422804145097487
0x7ecc0f37914240a03c3d0e83468c156f94ec5155,19639456744255033666,19639456744255033666
0xcd379dfff70c1aae50a000cd6169dcf1b02d2757,19071998948542815835,19071998948542815835
0xc3d83ee33af02e1bde9ea1c95a494762a963a1fd,18871399248284066740,18871399248284066740
0xbe9e8ec25866b21ba34e97b9393bcabbcb4a5c86,18801115652981577459,18801115652981577459
0x1563cf31424cf6aae088d3223830dc4dfae82b5a,18263210495210825104,18263210495210825104
0x2b60c01e931342e340c2866935de0e29aec56b16,18177543093802617040,18177543093802617040
0x7de346d45afcad30c3e1ad254e76dad758ae6be8,17703935189607099470,17703935189607099470
0xfc427d3112ccef24dce7fda59238aceca2b8105a,17684738013284714717,17684738013284714717
0x6fb102275689cacd0e7dd5e3efdaee8bbbb57b0d,17487209659931263480,17487209659931263480
0xc418cf17c76dfd962484850e14d6409e3992704d,17031613186122435076,17031613186122435076
0x447766483c6e9293b80692ed16bd5a8d577540a0,16912813229378542000,16912813229378542000
0xbe51b497abddd241aa9325021ec225cdfc9a9e48,16735604077059734983,16735604077059734983
0x137d19c8c8edd295ffd5579ba30cae1f69a3aebe,15578729090980927476,15578729090980927476
0x93faa8754b3aac7f0e7565f333618d3c8588fe50,15524379011201751179,15524379011201751179
0x0a7ce79256d65cd0ccff717f8e40c7db881dc4d5,15360619922649996682,15360619922649996682
0xfe1d9ca5a515e2e3eee754783e0d8fad8338e78f,15351486544002518894,15351486544002518894
0x163a4d04a51c006e7f107ab0bb615e1454393d54,15345693651170280069,15345693651170280069
0xa23a9bcbf155cc20a9b4c7f7b686072c32ad3a27,14953655482597922315,14953655482597922315
0xb274055c58130c41ea12228bc3230bc1529a5d4f,14409699871036394217,14409699871036394217
0x73c68a1901288b39f276dfea7a5d5ee6a24b60da,13851889009433605088,13851889009433605088
0x2047a104b7a3b9b619bce57b429fa8434da81b77,13756786935657387219,13756786935657387219
0xcf876726b4bf689e5d1264159e22b536c4dc6ab7,13646655892726619601,13646655892726619601
0xb712146772eb71d3f7ea711bc407b960d80fbc45,13590588051967169118,13590588051967169118
0x00bd3bda43483af368de8b7ec6568437c7bb319f,12476465411251948049,12476465411251948049
0xe2ec2ed68c9fdb86b5f612de90516b7d28729d63,12429484552802792890,12429484552802792890
0x3dd7cb6b8f03a866ce541ce9fad73e1f6cdf6261,12215688978390393294,12215688978390393294
0x609512e8d04bb7fde75f5a7ad6f531fe83b3725d,12209962028178325844,12209962028178325844
0xc74ea8404f1819609124ae694328699007bcf73b,12127447680841019286,12127447680841019286
0xa7b520f261ce9d3f5011f2ac7f37d357e17e068e,12039279627714639644,12039279627714639644
0xe7ba7b45a862ebfbe4199393abfe94a8da1e62b2,12028826217411036000,12028826217411036000
0xec948f0a29ce77412773412d076fbbaba1e67491,11979838520111720000,11979838520111720000
0x981a4e9a8db57d545a6423c31f90d5034b4a92da,11960152246939075638,11960152246939075638
0xc41aaf82295f599bee68f290af7296ea4e61dd45,11893029303130681959,11893029303130681959
0x4a253ce067875220f44938997dd58b93d02cb145,11844625546807026268,11844625546807026268
0x4e8366ddc9862e863621cd7842b677938eab3097,11829161844990051752,11829161844990051752
0xf6fb0f6063e851a21091c12a8e030dfe27caeff0,11752065834169057482,11752065834169057482
0xb06a5faed6f7552fd962d735057bfd5125ff3801,11740499660591101723,11740499660591101723
0xdb5ee516b26f70739ec1a18b155ace18a1168d00,11654521916369727758,11654521916369727758
0xb70c48717d4ab13e8aece621b34b514d10dc9579,11595364422527414317,11595364422527414317
0x5f1181a72d61913e63a2e1693259091196cc630b,11545075965545249374,11545075965545249374
0xa7069a982514affbb636022236dede5b58592d56,11379641418445221000,11379641418445221000
0xfe866f21d9a9fd7f5102ac3d489bb601841a7328,11253494829778027200,11253494829778027200
0xd3dc3cdacefbb7008c55fe3836d14ac4d0c6a000,11149836540398581277,11149836540398581277
0x6840653190706cbe2f3e457d20f69ea7cbe19df2,11109201764161707058,11109201764161707058
0x92ad59e397363c7b545f92fe2adfb2c07ccbac65,10923111568969415000,10923111568969415000
0x6cce71d2c9618fe356426e9352f7300286336d3e,10730643159820244239,10730643159820244239
0x44d19f3da0fcb4b4dd4baaad77ad35e962f6b921,10572962418755443108,10572962418755443108
0xf7d1557c6515e09695fb36f2dbb41354048bc8e6,10300014526878435000,10300014526878435000
0x01396027fd01665d02fd6049dd39d8f72dbcfa93,10159109718210800000,10159109718210800000
0xde4905eb251c19a1d1f324bfbcfd19638a119be7,10096782843638033027,10096782843638033027
0x43f79d188dc2f4d1bce09a607066d1b31e9b951e,9955522638838060000,9955522638838060000
0x6a7948b29f89bcd7a6eec3efdd27ef44665871cc,9866721428334145016,9866721428334145016
0x6e6f1be9fa1e5a9180be8725339f9482d60c7c96,9315184293211468144,9315184293211468144
0xeb057c509cf30cc45b0f52c8e507ac3cf8e78777,9043712757972296159,9043712757972296159
0xc0c900871fffb8a3e8373d040a16d2b179398b40,8975067121824247338,8975067121824247338
0xadb45aec3f405f7a6e94c0879cdfcc81fc1478f5,8602358666823824759,8602358666823824759
0x5c2dafb410e1fae00f92945b0d25ad65a2d31db0,8530125356133373247,8530125356133373247
0xfdfc69be33579b04232adc816d83b5b19fd06114,7960173259088036000,7960173259088036000
0xd085db415dbfd171866e1ed7c23582e2c65b92a5,7298395793448777819,7298395793448777819
0x21d7a1a909620ab6aa7bbc82451a40ae74631a67,7279957713570692163,7279957713570692163
0x405c7d9d959a40a89c3855b32db0dfdab2cde835,7220085225445550903,7220085225445550903
0xefe79ed6ca093744989e3b38938b2fd0d88d36fb,7104739536348612417,7104739536348612417
0xb6c5e141e264f9458112751adf709fc9c9e3c4f0,7099524891614265260,7099524891614265260
0xeac5c90882dcb08401eb352901b3b2fb422d1a3b,6979723323948950774,6979723323948950774
0x7adaa3c9d9394ec49a8a4a1a06dd5873dba4213c,6927599056052230497,6927599056052230497
0x2b3855a522c52cb7c14dfb126be0f4d7d0bce077,6463088160512382618,6463088160512382618
0xa35fd83c4abcc33d8e495402ac487444658bc3df,6375111747960734048,6375111747960734048
0x9a8bdbe5bb0b63312e5af863aa66dcbc9d7ec4fd,6313310919088522397,6313310919088522397
0xd84f7d807e085fd12abe9e874695db94d989caa5,6081188007980462974,6081188007980462974
0xea7bc0be8980acfaa0775dadc9eca779df8d1bec,5972693438838271911,5972693438838271911
0xbca91f44c72bdf61ab159d9fa6d16eb2e4ca095e,5959732304500125172,5959732304500125172
0x47f7159e83a29380e6d717594b403a294bd33e60,5761951265291323765,5761951265291323765
0x8ac286ff7a2703ee4bed827450ea7a48b3353886,5703526944467898366,5703526944467898366
0x016499d4330bb050aaa51394463aab04f1cb3b38,5594972366126916268,5594972366126916268
0x577be3ed9a71e1c355f519bbdf5f09ba2018b1cc,5546216495795104697,5546216495795104697
0xd5bb55c61c347e1a3e7d0645f9e0185bb8363fd6,5503105135647596987,5503105135647596987
0x2a48af0e7f826690d645c0c889a4c60141574ad3,5403327492653213902,5403327492653213902
0x31b7713b1cdfa8dee88ffc0af0c9a1c9eca59acf,5368913177958792891,5368913177958792891
0xc8e4b7b34befdc23007f13925a5c10e1b1c4729d,5148184887901064932,5148184887901064932
0xd384cc029b537503895fe252f94fba87a05d677e,5096358989494876732,5096358989494876732
0x7f825692dfae7107d16bf4e2071fe06b1bc72297,4995126916143346477,4995126916143346477
0xdaeec61bfaf48f36c5f092ad9e6427f91bf9d8d5,4930461476088435117,4930461476088435117
0x02d7f554e465e34f7d84610c4a258c22529ff610,4912482655622134351,4912482655622134351
0xc2a4f477630ceb6ee5a2bc2c0f2e7dff5c307ae7,4884715887021050599,4884715887021050599
0x2ed71aed91b73be0d6fd3ad1bf45f2a6731968c4,4658582784225059050,4658582784225059050
0x0719022a5fdc00a40c6f5c7e685fa1a3cb822778,4447766220484993631,4447766220484993631
0x9c68fb7e1cf07aa7506269dac16bb37815e80195,4397799352615734013,4397799352615734013
0xaf817d6431ae6a2489e975c6d68751159b9ed319,4290706973778410400,4290706973778410400
0x87af1689a075e1f18197c0c4f31f77577e07c6e5,4113609744820782750,4113609744820782750
0x7ea0b39f9f84f5ca1d978a1fc57bca9eaae3dbdb,3767187276508290839,3767187276508290839
0x4e1063407059a42178d27f1d3ec6461f32b3c79e,3565214185754160570,3565214185754160570
0x58e6884f4c0c5f8114854ef7322b4cf03086f1fb,3527175764016061292,3527175764016061292
0x88a68cc95203288a723f7809dfce11db4a7e2af3,3524824357204868000,3524824357204868000
0x9544db43baed63f6a7a21766d738c4ff4bfb4da8,3520518510254564949,3520518510254564949
0x9fc0bcc569aa3a507b0cf41fadc12285a658bd64,3342018804974270381,3342018804974270381
0x6da10463f51e105ac3d15a8c4f13e1f1032efb99,3276792891467833731,3276792891467833731
0x00173c4cb23e6d876fcb036ba954a2f9cfcafa19,3097520802000906697,3097520802000906697
0xe2aa2846481baa23e4030099233b4041c8d1a0e4,3008041102687607000,3008041102687607000
0xcb327ef905d7da8cb8eac392707a551ac7705f6f,2984195374858045943,2984195374858045943
0x62ba33ccc4a404456e388456c332d871dae7ae9e,2949550812860628509,2949550812860628509
0x674e27ec4454ee08c7de47d3346e3de04a5a6bda,2792596812475166622,2792596812475166622
0x683028fc63477b8a702cfe7475865952d3e8ac09,2704924077177939199,2704924077177939199
0xc6ea9b20195efe90749dae7ddb0eeca9a3963783,2693332800402857000,2693332800402857000
0x2fecad091551fcc1158a98285bcaf080c9e3c0ab,2667028716242851710,2667028716242851710
0x57da6f9787c48e85bd8581257c78cf6cda6eab68,2519185891713404389,2519185891713404389
0x4cd47e74dba6281ea94399943ae00ee1c50fd36a,2463067697566416923,2463067697566416923
0x6128396c9bfcc3b4812ec12b7a01e2a9fc212f84,2431210963762078593,2431210963762078593
0xabf48bbcb7816c4a89362537ae6719b62f8885e4,2414542155530746117,2414542155530746117
0x8920a5404bc7f13a90e26d1d8ef083e2b8bfa739,2327376947960390324,2327376947960390324
0x3a907a18857babbd2c6aa877762c622d7315de18,2319927935728002447,2319927935728002447
0x99fc694890cdecf745d30dd27e3292694d154956,2300153715726027208,2300153715726027208
0x1cf128c68c0edf212147e1522426f9cbf10615cc,2161677311221344503,2161677311221344503
0x8f7f84ac255f138059cb3a1c73d30e12e7971a6d,2062473357586043009,2062473357586043009
0x2f22495f5b73215b498addc692413b727b44f082,1990182239000662170,1990182239000662170
0x113b84cda038587f0e7a5e6bdb74cb03cfcc4f23,1908175461845787213,1908175461845787213
0xfbe12d942b8c152248fd118f598c08124ff3d7de,1792492172302198814,1792492172302198814
0xa618f8841e70b0543a921768ea5b229ecd9a4ba8,1776967133573908380,1776967133573908380
0x161d8d315499a8f1e99d8083c6e8429b4e240540,1771700419321731549,1771700419321731549
0x8e86140260c0a53ff7ae8177f182b3947e4416f4,1762460449372334343,1762460449372334343
0xf4544623c5427d15cc3515cf01b0f82d7b70dec5,1722961488741745238,1722961488741745238
0xabdf66e84ccf735e4aecbfb61fa0ba0c828138c2,1715871553675896325,1715871553675896325
0x0000fee3f6eeb1ebddb23251a3918a55caf03365,1597154609946655296,1597154609946655296
0xbed4956d5b24390fb26a9047026cc302786b2d43,1589636921119013635,1589636921119013635
0x33818b72acfe89b9ad822e90e8eaa1bcf9386266,1562669299176019402,1562669299176019402
0x7cb0ef98db85caee9ee29cc04e1b865902f52280,1514639703660456082,1514639703660456082
0xf9aaf5fe611572c281d1a3056b1cb43a1b1f4feb,1388506517384507762,1388506517384507762
0x65cbb0a7a99d90e537419c0c9525e03e56aac965,1344473953131028041,1344473953131028041
0xb89982cb51e1fcbd3f2746856b7ccca4721a3722,1311455376931482633,1311455376931482633
0x10b02739bb9a4798db45159c28227639fde8e98b,1275447027744526516,1275447027744526516
0xee1d5142b873f5b9f249f403795ab37649e56f6e,1229264436244782051,1229264436244782051
0x58adff275c84373cd2832d1a6c982a90b402a333,1227561852560567509,1227561852560567509
0xdef97f60cb3224a5cbec29f9a2aaf35578e06ce5,1166476754135803665,1166476754135803665
0x2fbb004c015dadbfb2a0d0f7cca3d6cd4cd472ca,1130299955601157685,1130299955601157685
0x87f6aa315c47350fa7744df3fd9227992c77033b,1115479849730713111,1115479849730713111
0x560fda57f2f1c17f264673489279c2aff5bf4957,1063571514939660188,1063571514939660188
0x16d274aa79de744cdb2272a6ae1ee1c64ad2d564,1022880161961695631,1022880161961695631
0x6ff97e9c4236761ff003c7761134252e25a3ca71,1000000000000000000,1000000000000000000
0x8e8160ba9bacd35f493fb8be74c5d56b81b8a3b4,1000000000000000000,1000000000000000000
0xb5f69d0cbd702d713767c5442122c156bd6c971c,994838279009367552,994838279009367552
0xea9a3c9e555d677935bbd41a73fcfcf256c5b6b6,971022203655272781,971022203655272781
0x84a1ad1a46a6b25f0a2cd836615c818a3a45ab82,917002000762417673,917002000762417673
0xef996e5dde2e33e3bab1d3dc8ad373906aaca9c4,829482313167352239,829482313167352239
0x6a68b9cf65d64d060854f2cbb6825b6026bde920,806536167345146460,806536167345146460
0x1c4592c58e1390c636376c77ffa1fd006975b39b,764445505463819449,764445505463819449
0x2e7fe42b8bdff7f20175b5aa2c7ae0ccb85e599f,758843246887509340,758843246887509340
0xfda53f4735bbf8ed219c3afee7d3e6ec51ed164d,747454966242719478,747454966242719478
0x0dc2f62f3e8277fdf974b04a8f3076fa5bae1892,740159721469519948,740159721469519948
0xcfcd369524a821ed94ae2804dd591c9eb8909469,734214999498987783,734214999498987783
0xebf7c3e9d7fb31a69f8876b4fccd7492ad00b8ff,727313382249804500,727313382249804500
0x580a5b2f32bd14af9da1e01ef41feb754f78c350,724565661016050032,724565661016050032
0x3b0eae77874e973784f41e4b93518bb8d2f59dcf,720621100911131425,720621100911131425
0xa6ffd9f71fedad75d846735e6b96a579d98b8877,710484070094621240,710484070094621240
0x78320e6082f9e831dd3057272f553e143dfe5b9c,658966864832455723,658966864832455723
0x8099247b0d2791fc9bf1e1a1c2d393bcf8dc065d,633815176625418623,633815176625418623
0x58c49528f3a318c87a4c1320e74293b3ee003907,626085500815060720,626085500815060720
0x8594ddc0aad89c94c95ed53b64411980b172192a,624043288389351117,624043288389351117
0x1d344605b47cb5c69329128272149923c419c32f,622338918525474045,622338918525474045
0xd1aaf6e5785231398c082532da1a0df15e44cb5c,576298043069476497,576298043069476497
0x4d5be057de46aaac13f0a09a97b04bdac1b23eab,546342979511615660,546342979511615660
0x328e858f7cccc889b7a6af920e1df58e2284bee1,513489417051070489,513489417051070489
0x247bc6556b5d14416332575ebc6a2e65d9db3109,460894377844515726,460894377844515726
0xdb2b0e4bd7663131df1e0fc6e5bd3ae0b31bdc3a,450025283998950134,450025283998950134
0x7a4dae9df908e0949dbc937b109ef926c6e6d806,447766286952936380,447766286952936380
0xf89e388d02635f2a9b8ab567618940829bd9af07,434400496368023144,434400496368023144
0xc72dedff0716b72d82646a0fdcf037588bf950b6,428443505298570072,428443505298570072
0xed2b3329c22e34cbc45957c25f37b2a1e658f88e,396147892079431180,396147892079431180
0x5cdab5c541f37a7686cf5a61c0a02b4615f14bee,388592898653872414,388592898653872414
0xc77848cdd3d3c91a7c3b25d6443d2871bcbaffc1,315957517228510000,315957517228510000
0x3431bbbfdf64ebbf516b54293980d642b3d07867,301333849379672482,301333849379672482
0x0a986f53206164d5de25b8dd298368f40521bd5c,273514767531700128,273514767531700128
0x0a2427fa7f2a56cab87708f830f5801c1c09ddc7,261138590678384345,261138590678384345
0x414017aa9b1180567fff3c352a240b2ebeb618ce,243268647722001918,243268647722001918
0x09f30971d50f7e1e86fd9dfd7012ead8ac572ca5,240463337119004600,240463337119004600
0xe6f07aef98d2bb3f6105a529fc049b1295a578a7,230464695202255305,230464695202255305
0xe5ae5aac9a19ec43abdd161e95640a1cc12ae348,206020609410812000,206020609410812000
0x9bdbdb4a8f7f816c87a67f5281484ed902c6b942,205257974502658816,205257974502658816
0xb1230e5cf71a300a85a248d4553ddfea60a6afef,201634750243357200,201634750243357200
0xcd76edf65ad71d889557d1b1e52d8f835c3ecb70,200383790122549386,200383790122549386
0x846431bdf0530ff8c4206425f8d31bbd2e962db0,190897654599276720,190897654599276720
0xc389f75529e5e8e9d9fd184a8e6bc2c07a17eb91,170956629121364988,170956629121364988
0x877d8b24cfc8dc7419114a73708cc817afe9903a,168794323827958701,168794323827958701
0xc2488ccf46573821a02e0de829f1970dbc14a3e9,168751529592971400,168751529592971400
0xc723b407673e10c3614906b39e72c03a2b3fac9d,164336891874247728,164336891874247728
0xa2777a5ec3f729a7e9c996d15297654d6695128f,136237554542269420,136237554542269420
0x7e7bdf2f7bbfd084e854982df4db7f66c1a3e168,122389573630381879,122389573630381879
0x771d4897309fe23bd51702130d69e92b4bcffb03,105259792362530164,105259792362530164
0xf07b8a6cf6929eb8c9e7e07bd64ee41e5a61ad09,100000000000000100,100000000000000100
0x5c8f75bac1382fcf87163b1805f98470c9469bcf,96624517401917312,96624517401917312
0xfb176a2ac9bade6e68a0a0570281ccec1c4a4298,84059615827616516,84059615827616516
0x4f2267dd10e7aae5ecad0662f3db808c8c65d29d,54992950892086525,54992950892086525
0x578d94356092f21e28d8782fc224f16032560c55,51803878466500627,51803878466500627
0x6517c7975f40ca7f68e618029ff0aa91f8fd021a,48734848625019877,48734848625019877
0x76ce1afa630da6d54800a309dd7b6f4076b2059d,45749602683519786,45749602683519786
0x664fe0585ee5df5d0d18f481fcd197c6d00ab25c,45150117788355493,45150117788355493
0x11b1785d9ac81480c03210e89f1508c8c115888e,41676276688284095,41676276688284095
0x9d635a1443165d9647b50cc8683b33e2d18c0c2b,41335190605923652,41335190605923652
0xf97f1b9c7ef8bacc632a73fc6fe53a888a5c6b9e,36855960752026580,36855960752026580
0x3aa4e55ef7cbf1bbf408b5e775a983fb0d22b447,35839782458505097,35839782458505097
0xe602b591cce3457782fafefe2b7fa1c77222dbcc,30282946250698445,30282946250698445
0x9c1055f5fb664b5df7699bfbdc3d24a6b63d2d9c,26640769793859057,26640769793859057
0x1204a22a8cc5586b67ec2778a02e47d230a6455e,25566467305583848,25566467305583848
0xcc988aa893863ba220b8bc16dbf9bdda2f09867a,24536394355953468,24536394355953468
0xa9f609bae571f98642268ddf2ecf3742e2e6d224,24258330587403345,24258330587403345
0xfd2bdb9e3cd50ee8241e00440c1f0293a9dae410,21938797724344695,21938797724344695
0x672406bf6cac602fa82dd38e252397f16993b5e4,21918823071275265,21918823071275265
0x2c1d8f1ccc5d1d556968acf63006dae8b3068bfc,21786804680031013,21786804680031013
0x8f44115cae640fc69b59cbb0e989b5a9ccb7b8a1,12218830113982832,12218830113982832
0x6d0bbe84eba47434a0004fc65797b87ef1c913b7,10406860842718663,10406860842718663
0x971ea71d5a18d6c18c9ec51d31100bc6f0c43eb2,9486057371008962,9486057371008962
0x018b90197b9df85fa9130191678f937a535374b9,7184804527111292,7184804527111292
0x839375339b030c4a8a2f8bcedd85c308d898307a,5493480425071347,5493480425071347
0xdd35d0fb187c741f041b7e7850cc58a93bf5627a,4990036073406596,4990036073406596
0xff807487542b792b1af9c7ed8369130832a5570b,4718361693432496,4718361693432496
0x82be1091157d14358cc35cb2b90ec86c5f277b29,4687003535112493,4687003535112493
0x8a809606147ce5ed2759eb918f19b04dd95c6e6e,4646415039190333,4646415039190333
0xd8e2afbb12dd52e0e2f1461be112c92c6bf8f351,4237354427164620,4237354427164620
0x8e6136ce3572d5c9be30b06b0bc1838f36a16f21,2633359936929773,2633359936929773
0x5e943194a60cbbcc473be44db2ad1f68f4bc7493,2470381120530563,2470381120530563
0x5eae6c797ac561cb68cd7a972963069122138157,2463753092096960,2463753092096960
0xf358ce3134e5a318039914d04e1fd27faef5806c,2106473486066189,2106473486066189
0x330ad0d38e9c12cbc34d7cffefcd99e5530b6bfb,1704025519087557,1704025519087557
0x3842b8a8d37410d8d7ecacfea9c687bc3ee015e9,1339516418518876,1339516418518876
0xc8e1181821c5e1bf986a3b30a23249d6e5bef38e,1149264208556736,1149264208556736
0x5bee7318987541b7e4236e215509edbf21859fc0,1035943038555056,1035943038555056
0xec20749241a29c7f3752d30e14dec845442861d0,795938184854072,795938184854072
0x8a2829b2259dc2f84be2e5b4491d81b70c1bdd99,662436684100653,662436684100653
0xaaaaa09d375924eb07f358192d863b6bf614e430,469948295069811,469948295069811
0xd8bcac435d6d2a3a3e2d7d5c64c03ccd112a0abb,467592623263463,467592623263463
0xf356cded375ba89ffcbdcc4527ba4851064a3fc5,274673565315362,274673565315362
0x1fdde9a4303461af947dd6f6ed5d6f3f6578ef97,134494686441514,134494686441514
0xb0b215d519d9c48ebf0211c38ee3517e5136606d,92725366357879,92725366357879
0x54850e225641662bfa338d0c797479fd20cdf787,60148212892303,60148212892303
0x30bdea4ce0c1a4560fa32115cc4ab8339d647e1a,17373994585403,17373994585403
0xea16545cf2e4c30b38b156cda0972be63ce71d50,7004718637000,7004718637000
0xcc1fec6ec19d53470e26171b01be4e61b5c9f16e,967788817371,967788817371
0x24112123ab693e23e6e84b6c85f6ccb71cb9ee34,302632,302632
0x77e1892fd956c6df5a283804d57ba4c6e2803766,163864,163864
0x90f15e09b8fb5bc080b968170c638920db3a3446,93804,93804
0xb022fe0cbf383c1c674d9e37ec3f3e611dd877aa,13759,13759
0x04f3da38f1c017d4e2b1060bc070f5afe0007a5b,149,149
0x7cf3f78fccc4b826cfefd4fb105636301a67287e,105,105
0x6513263f358852e0aedf9644c068832e0741eee0,103,103
0x6fd2d80444a5d635140fc5722d2a47b51aa1d160,103,103
0xa860180e099eeece0a1cffd01fc27948add5d655,102,102
0xc1d3ea62c105c8341de29c9b463ac46a425b14cf,102,102
0xfbf2a4db9aef5757f3a758859a9132af55754fa3,101,101
0x7203ae3a974042096c72d55308f017e8a0991831,101,101
0x8424a95ccf4adca9e88574493efe65eaa2a2dd32,101,101
0x8c170f5ca6967056e6513341ccba67b71c999fdc,100,100
0x32ba581d74fad48b11782380a21e70208f817c06,100,100
0xfdc16e0fe7d9481095593f9803a8107900942bee,100,100
0xc9eebecb1d0aff4fb2b9978516e075a33639892c,100,100
0xcdc7bb74c0ce32af62e403ffe75e5baf00837bb9,100,100
0x88af1f006fe172d84b7c62899342fc9b74c3913c,100,100
0x2d6ab3ded8a86bbe1d3d8a497cdeef6296869339,100,100
0xa757a6ae7dbe0edce93232d9ae3abab47dadff9d,100,100
0x89bd9f3da170ab661e13b58b2cc1156c343a3c54,100,100
0x068b712d1bd984c30a4ecc01039153531641f0bf,100,100
0x8dffbbec4c40913596083deb813318d919843ffd,100,100
0x9a45e834d538231ebe0f1fe34ba9eeb0aa17e1c3,100,100
0xf00a8009431471a1dbd6d831de5ce9607845e63e,100,100
0xc7599dd9343eb648fc21f03b4cea90a8b7edde7f,100,100
0x02e55fd524d0a67aa251d494e2ca63105ef2a8bd,100,100
0x7977054ef2c660e089616e2ddc9d4ab7faca0dee,100,100
0x02fbf6b7795addbc04013361f3a57ec60285036c,100,100
0x58a0949a102beff8fc33ec809f54b00c54c45118,100,100
0xf7abacf24666ebe000bca3e28660e5b1c576ffca,100,100
0x6cbe49f90dfdbacea281198cf309229f7ea65079,100,100
0x786aa398183b169b1eeb95f376956f72146601fa,100,100
0xb315d284ff516034edd98b25a08365ebc4bba065,100,100
0xd941fc738ef03a61399dff8da88f4e9627d14e61,100,100
0xef31fdc715f118660abf6a41f2ac640ccfcb5788,100,100
0x755de2e40d3f7b66c989612ab29470929c50679d,100,100
0xbf6e850f6906d141c61c67cc0e8a8bb89dce394e,100,100
0x003041b46afc1f1e6fd05ebe082bab9eae06a33a,100,100
0x1f549f06a9f16b599cb5b42baaf4d34a8c9dfc53,100,100
0x03f65d114dd493b129eab94b8ed8190a464d3d5e,100,100
0x988e886b14a58dffa124230a489ad83f64008854,100,100
0x7976368d690872b40cf900423e3981f55dc1e6b1,100,100
0x1d99798721487ea33c63a1530680e8a9d7591777,100,100
0x6aa4a35c2b6548e49f2a7c127c3e012e419f14b6,100,100
0x57424e704d9912129445cadae8c321a3bede349d,100,100
0xf32cf201b1476db96687e372f7a6b495f70f2082,100,100
0xcc803585886d30522ff60d97af93ebfe848ae715,100,100
0x78a0adaa96b7f1123e8d93450592c1abeed1bc68,100,100
0xc5423082cfd2ef3048c03e6ef4d6bb91f555fcd0,100,100
0xc0ebf8cf9448be8e3ab08f2e16ccb45fd19a29b3,100,100
0x7e8512d00e85312c81412ce8adff5467fa4fe590,100,100
0x506a6d7f717d73e0991adfc970625e386ec418bf,100,100
0x70e7cd529eb5a1943d7f20af635b1df6f9ee8b10,100,100
0x1a0781e4fdbfa11b0518e37c48e46e79b217a7db,100,100
0x88e85139796468dc7ba16ec0031e794903dcdefd,100,100
0x5dafcea090048dfd3493d4044ddcf9fa7e75981c,100,100
0x1786598162426e10abc384e0ba90a830e3b7742d,100,100
0xfee114bdff91770d637c9d4de82bf7cc5a2c16e2,100,100
0x47663c9e96e2fefe04c20dd983550fa3c12ee100,100,100
0x42b97216d626d9e283b74b87eca28f22fdb8796a,100,100
0xdcf6f553fc2df8356c6b74dc232d72246f70cd54,100,100
0xa15b6f9a880a8ce90a52b6f533051ac5045d56b0,100,100
0x42db18d76f0cde2a2c6115017f177fffae4d5409,100,100
0xaa671238e9c973168572d1b09a23fd11a8736ffd,100,100
0x1a06af577070875b766263d1afcdeef972ffd50b,100,100
0xf9b7c16bf0658f0f1cfac7d8487d1284e72ac931,100,100
0x333c91876481f9e913367abc67ede7b46985f7f7,100,100
0x18f08ba90c58fc84767568b5d26b41fce2af539b,100,100
0x60103aab8ebc17566fd30e9c545932c88df30120,100,100
0x9ffad535de5c18fba2e7d31c4a6d24b1ab41a781,100,100
0x8acf2f327e47fddd1124a55eb4efc1dfdacaa34c,100,100
0xc82335bbdc978ce2e1f1c6c4f9e5bb2270bb2af1,100,100
0xdb77b36dc774277fd1a8491a3ff3193e2497ae76,100,100
0x45611b606b576014c1a5f09a9e8e1e5322779290,100,100
0xb162a8693375acafb011de6123a7d7425101e20d,100,100
0x3ec783b1c10d39f1653c20c821e0ed810eaf6a2e,100,100
0x368955efb1bf001683cb5f7ab223380caf0b86e5,100,100
0x989b1d5211fae2b1d9b000aad488ebfe27e42867,100,100
0x42aabd3a2f2b64a44b99e0ab025657ba73b871a2,100,100
0x5e1ec9bdbf175206b4ea74efcd5d0ef8b28e5349,100,100
0xe95ce83bf204ac31ba83ae07faddac1039668a97,100,100
0xfe934e659f63c6ff4d3332c82729eb88c41e7ac5,100,100
0x8d869f609bed9516596d8563e26d4870f5f1aafb,100,100
0x7033f50915667eb635218d6abc4d946bc3e2ab32,100,100
0xf197d1037e1171d5881d22a44d0ea6b2f9aedbe5,100,100
0x463870a4246ca08dc2893696a60363092720c6f0,100,100
0xa811c417506720d045523c76cbf448407301a595,100,100
0x8c5d71cb2dd70eb5cd284faef49159d200eef1d6,100,100
0xf0dde111f1cdbed6958d53f1a88ecf55e0755b3b,100,100
0x2ce3b3a62f71c90b4d25091ed4ad5c1c786eb908,100,100
0x18b2555b76a24ce30fe678d601da01d57c9f1879,100,100
0x4ebb96637306d4b582e9d5d65faa6f7286b9b17c,100,100
0xf3b4ade14d14504dd2520a0107d04cc3c0b8d4f3,100,100
0xd74c648f034aaca8ac1b9909f7c47b742c48090d,100,100
0x22138a0cff84952c018cbcbf5650149017d6b292,100,100
0x0630717c9c6baeabd2b0852e09df08febaccd227,100,100
0x7f92e835bfe7c15965730680912c5efd018a7798,100,100
0x6c4a6628ef83594ffaecd21ad36a85203c05f0a6,100,100
0x76d0e3af2b10f392c744f36b1887ed570405e1f3,100,100
0xa8accdd3fa14b3441fbfea16f6ef106c98e22b19,100,100
0x8cd6766f1afec098f66300260c132a447920c9ca,100,100
0x94ce1d981e8d5e4472056949a07c7449e9a36f52,100,100
0x09d6c481ae05994ee1a35985fc1a97cc4183c094,100,100
0x62ce064c7c8f1f761dd8814720ebd7bc85decbfe,100,100
0xe690c05bae991d7db8eb46bb00af29b626a32d50,100,100
0xe5683f9526217b962142662ff4d1f975be82ed19,100,100
0x81840e158e9dd25c943b7a299adfb144b18d7c1e,100,100
0xdae7a1e25052c656b67dc8768155541f2b76418d,100,100
0xfc2098b31f7cd6e520836b699cdb98cb256beef4,100,100
0xc3efba1002c0d74fb5c919e092c224795be02e2a,100,100
0x6aef48ea854bc0e805232cecbab2fab592037c19,100,100
0x227c164f81b686ea3c8f831c9fc85524af32ab7f,100,100
0x0ece7c1bfc9543b2cbea8f5577d02e5f59a9f176,100,100
0x11b53f072e96a6bb96e39180a90dd4663dd804c2,100,100
0x9a1654a15ccd68d04b353c7ea8d5791a9316c2f6,100,100
0xfa887e2904bdad1775620bcf3936de5593f89a64,100,100
0x2da1111b17eef8559901b2b6d73a7fde2220593c,100,100
0xe6496a7be029238c4b579b1f5f7ac7024e895946,100,100
0x367947a84d47f9722f043042bb6b0e7b3369ecea,100,100
0x0db1f475e841948777eaaa6519efeb6e4d01648c,100,100
0x98940c00e5165cd6421b50b1c9e5f7c594bd9797,100,100
0xb05cf01231cf2ff99499682e64d3780d57c80fdd,100,100
0x09c7c89ccf5e8200d1a5d3e216d3dbc336b0eef5,100,100
0xccfb9010a9d082dda54be56f8f6f4cf4da9ff86f,100,100
0x76cfabc8a6366fe7a53778867ef05a61de5cc732,100,100
0x1cb2bda2a4e29e29665a9250133ebc1f327f8cfb,100,100
0x9a2ad9439c19e196ca407f32e40341387415a0c6,100,100
0x733246bcee1d39f3cae699a1f1cffc97d67d2e57,100,100
0x99645a9761da8586e134af9827cd06ce78e25be3,100,100
0x11bee1aef4b1a8fb0202d5d15f738f4399fcda06,100,100
0xc724b0047de0fa1259c043e7203abb243e2c8fc4,100,100
0xc7748db7338cc106aeb041b59965d0101eda8636,100,100
0x3c6730546829d451fa62dc214693002b4747f162,100,100
0xf1bef2403f0c320c9e7d0bce8309af143cb39c93,100,100
0x90c1f83b80829577569beddf06e34e99c1d8c4f7,100,100
0xa31fea22d0dda7d54c9c2d56f0dac3080ce8d1a5,100,100
0x5ca4b035490bfad2c9984c2dc12834f5adccb4ac,100,100
0xa434e47075262810cf02a5d4de0e8ecbdb6c8e86,100,100
0xc5979e6f3e022bddb89c018292b63445244b6313,100,100
0x81ec4a91b5a9363e99364e92e829bfed446d877f,100,100
0xef776600a46646ef52201b15972bc1eb501d0c49,100,100
0xee873cc7993216c6da142a37a37056887ea8d2d8,100,100
0xc28693cf42969535f7e28154242f8f0f1f0497ed,100,100
0x7ebce9a6fcb4552e59d85667391509a4ef1476d2,100,100
0xb1383bfe059045684d2b7debc203a65c32dd9f1d,100,100
0xcab16fb692ea4d99a69211e5445ad44970ba8cfe,100,100
0x77f382fc12e282e922489ef6c2ac1c7b79ce0a8a,100,100
0x21c8dc59f2e9a11c4c1a0c310641968132c6b1be,100,100
0x2edf4688e8543278a7990bc6ec36d9297b8e7bc8,100,100
0xc854d93af2f337495f189a968e3f0d00f0360e7a,100,100
0x0479373d1ce99efd3bdabe3ac4f5ce2461d9d419,100,100
0x93b396ddfe4cffff6f9b1dcfdb2c0cec09133d2b,100,100
0xe0050752c8d4604347a62e26f2fc3eeb6384b5a5,100,100
0xd8baef0453632ed287aad07aa11965e8dd96d782,100,100
0xb4e85f3b797954549d9ce1dd29e0267787baf3bb,100,100
0xdac81b592a8d2733b0c9b4883148a1aed9bb47cd,100,100
0xe8cc747b7feeb7cf32522d8b116ea54930208e2d,100,100
0x7206bc81e2c52441eeffe120118ac880f4528dda,100,100
0x733ab147ef8f4efea84ced248f1afe74fbe21582,100,100
0xecdeb1ffd6a819c7fb6834559d6efbe80c946ec1,100,100
0x286b534a51d5dab251746f369bb31126631e316d,100,100
0x433dc467dd8ef8c30c93c81829258804bc276167,100,100
0x7ce7062928f0a3c6b1c1ec470715f62c69e201b5,100,100
0x158cbe24e0c054c5d06c5984763177ccd27839a8,100,100
0x1ddcc16260df0b775817d7087c5fb13d73507e06,100,100
0x854d6bd5a2a352b09de84313b8e183d15ec52f68,100,100
0x16ce1b15ed1278921d7cae34bf60a81227cfc295,100,100
0xf643493cc8a0cc15a2e505b96e72c5afefe5d635,100,100
0xa33459b000445e6693e5829954a4567bcf363539,100,100
0x9f3028a458508925458c1fc5651b524e7d69b017,100,100
0x8be90eb62348d53517b0c9ff5f98668d4e97b72e,100,100
0xf71d161fdc3895f21612d79f15aa819b7a3d296a,100,100
0x721bd7ea7cc17ecf88503b1e7f54532246dd6348,100,100
0x86a98d4c43a69f80cb40b33033c06cd28d08bc93,100,100
0x16c5d7862f5e42b578c5b86bdf1f3887fdc0f412,100,100
0xc083bb73d85b94846fb66f83393faf111245eee0,100,100
0xf3e75d7fc87ed97d961c4b35a969219db95af823,100,100
0x46eaa15ddb01c760f19b37fe8c0790696c911f26,100,100
0x31444224b0ab36914e7bca9a539f15feb1d4a308,100,100
0x3b82b31bbe0dc3fe0f13d17f9a4d0455ef562e06,100,100
0x92c1fa099911750907f4f65a0d4d7b94c04b5601,100,100
0x16ec5ee1cc431ca95de00b6c88d21d0b4d3fc2a6,100,100
0x1fd85309609cb687a2f6b939e0f63be7d584b935,100,100
0xffc6c17ba803567dd6ef269ed3105e7c50a21be5,100,100
0x04bfcab393e9149185b3a81d6066929ecd643e2f,100,100
0x924e36660060cad83cc438d0e91b0fb00c35edc6,100,100
0x603e02f4d63ec598d0805f5e4656d6205d23fbfd,100,100
0x93fb1f455041691d26255403f16108f0f53dbd84,100,100
0x18d3468b666dcca457b39081cae67993a51e39f1,100,100
0x00492fbd95241ab2176c9bfc3edd72625d616cb6,100,100
0xb5239066a954436878245daf749565fb36eb7b41,100,100
0xa263e66454d9761113e439b153b238eb7fdc96de,100,100
0x27e3a65cb41ab532357681dac4f8f9904c046819,100,100
0xd2bbe442805c000c35559913e15b9b7246ae9c3a,100,100
0xf5018a6ae6e26581fe779b5b51fe5f994c20a0e4,100,100
0xcf4e19fef1178d82e02accd35636d58b7f63daac,100,100
0x0c57d7db1c17e867c0875c1a2736603e0022d679,100,100
0x2208f17a1396739b9a60d7df7413f63a82a2ff00,100,100
0x3560580bbe7411a963b859f5017320790901a4fb,100,100
0x12a092afc13e7b31585b60bc070c103def7ed23e,100,100
0x9bc86996822381b9dc51d367a6bf088d397d9f68,100,100
0x5f085e53a7ee3e7f2af2841d37b1f337714cbbee,100,100
0xabe3a5eef45252530b3c0dfa837495f701c8ba11,100,100
0x40a31d72a1360c9fb42b5126915b60d26a4870e5,100,100
0xccfe8229d8d1c28d4b2109b3df575e06dc08a82a,100,100
0x660d41dd33e49ec1667f1ad17d2c81fb6f6a1158,100,100
0x8c7f4b40111491f4633b5f971b443dcdf1b92664,100,100
0x23685e339a4fa8e99aea56c1ff95b3623862a8b8,100,100
0x4b0baf31ce22fe18331ccfd27ad9074da8e64ccd,100,100
0x3be960f410100916b49c41bb8fc52eb5511ef307,100,100
0xbea645da9c7f6de1f7e287759ccbfd5ab9f57c08,100,100
0x39a1821fa5439eea32a18cfe45dac3a791e98f7e,100,100
0x2aadba6587d8e14ebf9aed9c3330989dcfe57327,100,100
0x21e7f980c2bfb1ef908f68e92f791147856ef26c,100,100
0xb376ba77faaf74ca93e3a75f7f61d2e76b1f73a9,100,100
0xca4d0e87e1401b9fe036ca6b46c46be56925e136,100,100
0xcb5028a1cedc7cff2a782179b8974353d7bf4dc8,100,100
0x9dd4c7936a29e1b68bcdcdc3d5b71da5e729e71d,100,100
0x3fb7a0417904125cd5dca7c4cd46b7ee15314498,100,100
0x608ed833d64869a8e35cef85bf921dfb1f4e28ea,100,100
0xb9f778cbe14652407cffd62eb2c792b375e6b61d,100,100
0x524a36cf39810b51205240481a397d966c4fa7df,100,100
0x8f083a8ded5878b63c7ba1854d6c00381c18ea99,100,100
0xccffef59543a93514acf030038a24f2c3a4e64f4,100,100
0x744393b5dc030550cb86b252e8c51b9a2c2a4ad5,100,100
0xe97a24dcfeaa8e562f3252a720698a5b8f210c6d,100,100
0xc66205a10b653368f4608668ed38743db7c5852f,100,100
0x3bef1755c56e8019c7e77c4c333770741d663cdd,100,100
0x6ada1274d9c79833e5e5cf9a5bd3c7d46d30b4ed,100,100
0xca44271a10a1b24bda177800beccbe9a1bc2165e,100,100
0x44ad5fa4d36dc37b7b83bad6ac6f373c47c3c837,100,100
0x2a3300acf456d29bacee456b202f9a8b960718af,100,100
0xb62de300166a0bab969e22ff9f821444c8c0111b,100,100
0x2da4fd365c980099b9c572adf213095797d2dd52,100,100
0x161d9b5d6e3ed8d9c1d36a7caf971901c60b9222,100,100
0xcab23e031ebce02f96f286f2c8bb84a12e5814d2,100,100
0x6a0ca80be6f46965cf48ec5175e8b168c0159987,100,100
0x539bec82b81d3c0ec23b3649c0dc7cad396b40af,100,100
0xc933333d76261b55065feed8715b5c75e2167af6,100,100
0x3eca320a7b3c30c9a71752db3e27729691082098,100,100
0xaeae3201957353a9d0dd24321e866e92e1c13d86,100,100
0x8abd5190c3ef601b3685fe3e0d18fc989e2d5eb9,100,100
0xdd937a637a5c96401d4c7cc284167e41d49d580b,100,100
0xa31f60179f7cfa1a7eb653efe774619f6c01514f,100,100
0x54fe641870fb4f06c944faf4df73453dc43248ac,100,100
0x365e6e422f4b682586ee34b061cb1e38ffda7968,100,100
0x86017110100312e0c2ccc0c14a58c4bf830a7ef6,100,100
0x53d5caf5521f4c54f809df2c7405deae95028116,100,100
0x900a2ef0d2215874844cb63294f21c5ec687d166,100,100
0x6c0b32e5146a5b8c4793ed8751b38397f71e5cab,100,100
0xf8620e5bab4785de3591ea537c349b78dcb19886,100,100
0xf4e14d778c2dbd6fd1a04f08721941eb3e1c9d6c,100,100
0xfee6be6b5cc8cb4ee8189850a69973e774e7614e,100,100
0x57a47ae55fa1b5128c67c534194845b71baeca88,100,100
0x96e5638b4c36de5270ce2f1e9fe232f80bcbab1f,100,100
0x14740941b81ad6f09092a0ca1902fc95c930015c,100,100
0x09fdc89c40498bc3becaadcf6397c7be2232ff05,100,100
0xcd1d40f62f2c413f318b4b96e9588c7ef5cf9331,100,100
0xee23f4bc1671d048a8e592aabd0b2be497bcb5c2,100,100
0xc52f3dffd9770831bbc93f98815f53547833479a,100,100
0xe97c5a1a75f2b1fd50df64b839d3bb6db4e595b3,100,100
0xb31c972b553ee50755c9a981bd905bc80661dff1,100,100
0x7069283809ea43d0fabe6d114f7149ac10679bf3,100,100
0x23e817b3982ba0e033dab4fa1b47088418ad6b2a,100,100
0xaabc445f124365b829010b155869731094bc994e,100,100
0x7dec7d0bb9f27988c005b0fe6e9fd88b22250f08,100,100
0xb9d24761ebb3e3a88b8cf20e77f56ccf026a2044,100,100
0x45b58ab9d398b3eeb8438b6591b216427964cbee,100,100
0x730bbe154972f467062b3d91130ad36e67e55ca2,100,100
0x1e121993b4a8bc79d18a4c409db84c100fff25f5,100,100
0xd31eebd592e645d76d666a5521518f47e18f574b,100,100
0x5cd01b44268ce72a827f3baa551a0fbc2a866a8a,100,100
0xb7d4cc582bf137166e1499960754d32558e18440,100,100
0xac2c6ac3cc453e1f62758b4f5a5f6a19acf7964f,100,100
0xa69303d076dfb54d50589c4d018205a409aa4293,100,100
0x2bf49c1f4ee4f53b255d416f3fd3954c8d2f57e1,100,100
0xd6fd705ee0b31a9300d3e2154bcce777270cbb6f,100,100
0xd377cffcc52c16bf6e9840e77f78f42ddb946568,100,100
0xc124bc8dd4d89a3ae6b1ee6b82ca40ec5a426c46,100,100
0xdbe609abfd89a224ab270fba62b9f9341032974a,100,100
0x3acfdc5f934f0504cb73a332718450a809144371,100,100
0x2b2259af39eca02ca3ebc187da27bdbfafaa3e08,100,100
0x84a79105c4baccca54f5d79ebe0e5f6d3dca2986,100,100
0x59d5aafab39037af8392e27800004c630631058b,100,100
0x53d98d7cf2e3d03ef031fdec197792d0c713303d,100,100
0x7dba8b857e1b9293e74abac71577056d295bb998,100,100
0xe116d5f4ccd817e93a4827b4b1166fb3fa61bec5,100,100
0x6cf150db264e46edf2b0df96fb912242a1cb11f5,100,100
0x14bd6d35a22d8cd6cac3e2bd2b336b991bd8cea9,100,100
0x02359349ba115b26fe715c18288c3f19dfe9f1cd,100,100
0x38603699def00d4b04835e60a27d26ac82d7535f,100,100
0x3a4d68994f741be298f802d0ed77948f04190bbc,100,100
0x20216577f78ee7d6d5b2b962c744a950efc77437,100,100
0xf50850e087b5310dbd46a38367be8532c8962fcb,100,100
0x7309a2d6e791ee15aee63f2bf979385395c9cfcf,100,100
0xc45d05cdc809d20c7b14959e8cd4a1199e3e966f,100,100
0x2b4baffe476dd7f9c610af39909b1367806bbd20,100,100
0xbd5d79b1b51115d7610ef457e3ae693c71ce54fe,100,100
0xd9e884b2e1151140495b089fd6b07d0296616198,100,100
0x7d54d807e9132fc34acde66de49b36d4f37e8e0c,100,100
0x6969e2041b22fcebdb3b4f7a39c0ada38b152f52,100,100
0xaecdd83cc71456c21aa92bf78f31e0c4913bc845,100,100
0xa18c857258eec0c5de1647a6d318f8e1e9a66c7f,100,100
0x23ae5504ce12af5678ab3ae270472a428f1d06d4,100,100
0xe0a377ff958d735a46639b01a2a65b8d306f65bc,100,100
0xc6c3c471e64fec8684988d04dead9a4e1f98587d,100,100
0x465983ff53814cb72c16f4f17be515960d3478c7,100,100
0xe9da0d4d2acc12bbb8543f300eaf0882ea3b4ef8,100,100
0x3f2d1ae6e5a6f6c112ab7bb9b8422cfb4ceb053d,100,100
0xb0fabe3bcac50f065dbf68c0b271118ddc005402,100,100
0xb307d426a34a72a94b32bca5c5f0c8b36440fa80,100,100
0x942b5765b0e5bdc704a6f953f60b72368cd02236,100,100
0x3982f7e1051ce72a4f8088d28580f41e242333c5,100,100
0x8b0473e5f2871d420b7891c01a45ef84ee2d523d,100,100
0xb0151d256ee16d847f080691c3529f316b2d54b3,100,100
0x6da3471c674fbafd2fc8c0fda8895219ceb3bb77,100,100
0x1501cf2e9afd2624a485e675427609a1932772ec,100,100
0xd2bc3f00f8b5dd1159708ada58b42a2b3adb1eea,100,100
0x8fdd0cf22012a5fecdbf77ef30d9e9834dc1bf0a,100,100
0x58f9c22215d85bf1ffdb43c3a61d1c63c73d0735,100,100
0xcba1a275e2d858ecffaf7a87f606f74b719a8a93,100,100
0xd2d3c793dd0bc1c17a2dc2052da9d4b903f5fa98,5,5
0x5d1754fcbdabf2e0458bacbdb04fb1af27dcf1f5,3,3
0x9382f2b69789844b8890d65c7715447f7c7327ae,2,2
0x095db53377ac5299fb5bda4da76adeb709e50e23,2,2
0x8f751dce143d52ad9d686f55afb42785add557c9,2,2
0xb7973c6d5209b1bf5c198789830b67d5fe340dad,2,2
0x8a3d62e8d5e5491ab52deb63748431dcdb624700,2,2
0xb6b45439aa2fbc67bd51b680daaa85d3fb190a4b,2,2
0xe968a888792b3c6ca4242a87445e2518f88f2e02,2,2
0x44cc0d90bcb3f21c193f8edfea9e1357fe5ea53d,2,2
0xae77d5b8358bf921a38b7fdcb712b3cbf9afbd3c,1,1
0xd7bf094901e8d3857cc1146d36817a292b1859f0,1,1
0x0dc3b66a3a6b9415c8041e4b77b7dfd041a9c30c,1,1
0x303f2d38ab911296deca9dc19968a854d9cbcadc,1,1
0x1409ff9955302686f78de870acc4007415d0dcf1,1,1
0xac4cd92db83280a3857682522ab96b4c5b63d8c8,1,1
0x7561eb32fff92f81f188094aa2064c92dadd0726,1,1
0xa12bab282ee6c987745ad85dd4ac97eb067bc5a1,1,1
0xf3e1b37fa0798be42e9f47568de19b9a54bba77f,1,1
0x32843cb7d41d5db861c58199e0fcece1bd4f0d0a,1,1
0x1040799971e1d055935772f60c63a32d7fd24bb3,1,1
0x080d222fc30ac35f52d169faa9062ec29d13d187,1,1
0x6eb2c2eb6ab1225fb605ec660a8974c1cca82a4f,1,1
0xb1fc41cbad16cafdfc2ed196c7fe515dfb6a1577,1,1
0x789a9fe9d50ecf6f16022b93ba90b65a4a04bf5d,1,1
0x09f34d5462f8837f6dccf895b5effe2ccb7662ef,1,1
0xa8890b5bdb005415d038a4c0bd6bb6a240f7f9dd,1,1
0x420d0d6f47742c28195694351db8dbcc8d445939,1,1